58,1,863,249,109,98,0.79,3,1.0
59,1,862,249,110,98,0.79,3,1.0
60,1,856,250,109,98,0.77,3,1.0
61,1,852,251,109,98,0.76,3,1.0
62,1,847,253,109,99,0.79,3,1.0
63,1,840,256,108,99,0.81,3,1.0
64,1,828,260,108,98,0.82,3,1.0
65,1,821,262,108,98,0.85,3,1.0
66,1,810,267,107,97,0.84,3,1.0
67,1,802,270,106,95,0.80,3,1.0
68,1,791,274,104,95,0.78,3,1.0
69,1,783,276,104,97,0.77,3,1.0
70,1,772,280,103,98,0.78,3,1.0
71,1,764,283,103,98,0.83,3,1.0
72,1,753,286,103,100,0.87,3,1.0
73,1,746,289,103,100,0.89,3,1.0
74,1,736,294,100,97,0.79,3,1.0
75,1,729,297,100,96,0.67,3,1.0
76,1,724,300,99,95,0.61,3,1.0
76,2,929,1090,134,136,0.92,1,1.0
76,3,940,1015,106,107,0.88,2,1.0
77,1,721,301,98,94,0.51,3,1.0
77,2,929,1090,135,136,0.92,1,1.0
77,3,940,1015,106,107,0.88,2,1.0
78,1,702,307,98,94,0.35,3,1.0
78,2,924,1090,134,136,0.93,1,1.0
78,3,936,1016,105,105,0.87,2,1.0
79,1,689,310,99,98,0.41,3,1.0
79,2,922,1090,133,136,0.94,1,1.0
79,3,934,1016,104,104,0.87,2,1.0
80,1,670,315,99,100,0.46,3,1.0
80,2,919,1091,131,134,0.93,1,1.0
80,3,931,1017,103,102,0.88,2,1.0
81,1,667,316,99,99,0.46,3,1.0
81,2,913,1092,130,132,0.92,1,1.0
81,3,926,1018,102,100,0.89,2,1.0
82,1,662,318,99,98,0.56,3,1.0
82,2,905,1092,128,132,0.93,1,1.0
82,3,918,1019,101,98,0.88,2,1.0
82,4,648,430,78,69,0.75,3,1.0
83,1,655,320,98,97,0.65,3,1.0
83,2,900,1092,127,132,0.92,1,1.0
83,3,912,1019,101,98,0.88,2,1.0
83,4,648,430,78,69,0.75,3,1.0
84,1,644,323,98,95,0.74,3,1.0
84,2,891,1092,127,131,0.90,1,1.0
84,3,904,1019,100,98,0.89,2,1.0
84,4,642,432,77,67,0.77,3,1.0
85,1,637,325,98,95,0.82,3,1.0
85,2,884,1092,128,132,0.88,1,1.0
85,3,899,1019,99,98,0.88,2,1.0
85,4,640,433,75,66,0.78,3,1.0
86,1,632,327,98,94,0.91,3,1.0
86,2,875,1091,128,132,0.88,1,1.0
86,3,890,1018,100,99,0.88,2,1.0
86,4,635,435,74,65,0.76,3,1.0
87,1,623,329,94,89,0.79,3,1.0
87,2,869,1091,128,132,0.87,1,1.0
87,3,884,1018,100,99,0.88,2,1.0
87,4,628,438,73,63,0.75,3,1.0
88,1,611,333,91,88,0.70,3,1.0
88,2,861,1092,127,131,0.83,1,1.0
88,3,876,1018,100,99,0.89,2,1.0
88,4,617,441,73,62,0.74,3,1.0
88,5,936,1031,130,115,0.95,1,1.0
89,1,603,336,89,87,0.62,3,1.0
89,2,855,1093,126,130,0.81,1,1.0
89,3,871,1019,99,98,0.89,2,1.0
89,4,610,442,72,62,0.71,3,1.0
89,5,936,1031,130,115,0.95,1,1.0
90,1,589,339,90,87,0.62,3,1.0
90,2,847,1093,125,129,0.82,1,1.0
90,3,863,1019,99,98,0.88,2,1.0
90,4,599,445,73,61,0.70,3,1.0
90,5,931,1032,130,114,0.95,1,1.0
90,6,932,1107,142,118,0.78,1,1.0
91,1,585,339,91,90,0.67,3,1.0
91,2,842,1093,124,129,0.83,1,1.0
91,3,858,1019,98,98,0.88,2,1.0
91,4,592,446,73,62,0.72,3,1.0
91,5,928,1032,130,114,0.96,1,1.0
91,6,932,1107,142,118,0.77,1,1.0
92,1,574,342,93,90,0.72,3,1.0
92,2,834,1094,124,128,0.82,2,1.0
92,3,850,1019,97,98,0.87,2,1.0
92,4,581,447,74,63,0.73,3,1.0
92,5,924,1032,130,114,0.95,1,1.0
92,6,927,1107,143,118,0.73,1,1.0
93,1,567,343,92,88,0.74,3,1.0
93,2,828,1093,124,129,0.84,2,1.0
93,3,845,1019,97,99,0.86,2,1.0
93,4,574,448,75,64,0.74,3,1.0
93,5,918,1032,129,114,0.95,1,1.0
93,6,925,1107,142,117,0.70,1,1.0
94,1,556,345,90,86,0.72,3,1.0
94,2,819,1093,124,128,0.87,1,1.0
94,3,837,1019,97,100,0.86,2,1.0
94,4,563,450,75,64,0.79,3,1.0
94,5,909,1032,129,113,0.95,1,1.0
94,6,920,1109,143,116,0.70,1,1.0
95,1,549,347,87,82,0.63,3,1.0
95,2,814,1093,123,128,0.86,1,1.0
95,3,832,1019,97,100,0.86,2,1.0
95,4,556,451,75,64,0.81,3,1.0
95,5,902,1032,130,113,0.95,1,1.0
95,6,915,1110,142,116,0.68,1,1.0
96,1,539,350,85,80,0.56,3,1.0
96,2,806,1093,123,128,0.84,1,1.0
96,3,824,1019,97,100,0.86,2,1.0
96,4,546,453,74,63,0.82,3,1.0
96,5,894,1032,128,113,0.94,1,1.0
96,6,906,1110,141,115,0.67,1,1.0
97,1,532,352,85,81,0.53,3,1.0
97,2,801,1093,122,128,0.84,1,1.0
97,3,819,1019,97,100,0.87,2,1.0
97,4,539,455,73,62,0.83,3,1.0
97,5,888,1033,127,112,0.95,1,1.0
97,6,901,1110,139,114,0.70,1,1.0
98,1,522,354,84,83,0.54,3,1.0
98,2,793,1093,121,127,0.83,1,1.0
98,3,812,1020,97,98,0.87,2,1.0
98,4,529,458,71,59,0.86,3,1.0
98,5,880,1033,126,111,0.95,1,1.0
98,6,893,1111,139,114,0.74,1,1.0
99,1,516,356,85,84,0.60,3,1.0
99,2,788,1093,121,127,0.80,1,1.0
99,3,807,1020,96,98,0.87,2,1.0
99,4,522,459,70,59,0.85,3,1.0
99,5,874,1033,125,110,0.95,1,1.0
99,6,887,1110,141,115,0.77,1,1.0
100,1,505,358,87,85,0.69,3,1.0
100,2,780,1093,121,126,0.81,1,1.0
100,3,799,1021,96,96,0.87,2,1.0
100,4,512,460,69,59,0.85,3,1.0
100,5,865,1032,125,111,0.95,1,1.0
100,6,880,1108,139,116,0.81,1,1.0
101,1,497,358,89,87,0.77,3,1.0
101,2,775,1093,122,126,0.84,1,1.0
101,3,794,1020,96,97,0.88,2,1.0
101,4,505,460,69,60,0.86,3,1.0
101,5,859,1032,125,111,0.95,1,1.0
101,6,874,1107,139,118,0.83,1,1.0
102,1,486,358,89,89,0.82,3,1.0
102,2,766,1092,122,127,0.82,1,1.0
102,3,787,1020,95,97,0.87,2,1.0
102,4,494,461,69,60,0.86,3,1.0
102,5,851,1032,124,111,0.94,1,1.0
102,6,865,1108,140,118,0.82,1,1.0
103,1,478,359,90,89,0.83,3,1.0
103,2,761,1092,122,126,0.82,1,1.0
103,3,782,1020,94,97,0.87,2,1.0
103,4,486,462,71,60,0.85,3,1.0
103,5,845,1032,123,111,0.94,1,1.0
103,6,859,1108,138,118,0.79,1,1.0
104,1,466,359,90,88,0.82,3,1.0
104,2,753,1092,123,126,0.85,1,1.0
104,3,774,1019,94,97,0.85,2,1.0
104,4,475,460,71,63,0.85,3,1.0
104,5,836,1031,123,112,0.92,1,1.0
104,6,851,1106,134,118,0.78,1,1.0
105,1,458,361,89,85,0.78,3,1.0
105,2,747,1091,123,126,0.85,1,1.0
105,3,769,1019,93,97,0.83,2,1.0
105,4,467,458,72,66,0.85,3,1.0
105,5,830,1031,123,112,0.91,1,1.0
105,6,845,1105,134,119,0.76,1,1.0
106,1,448,363,85,80,0.74,3,1.0
106,2,738,1090,123,127,0.84,2,1.0
106,3,762,1019,91,97,0.81,2,1.0
106,4,456,459,72,66,0.84,3,1.0
106,5,822,1031,121,111,0.91,1,1.0
106,6,836,1106,134,118,0.74,1,1.0
107,1,441,364,81,77,0.73,3,1.0
107,2,732,1090,124,126,0.88,2,1.0
107,3,756,1019,91,97,0.79,2,1.0
107,4,449,460,72,65,0.84,3,1.0
107,5,816,1031,121,111,0.91,1,1.0
107,6,830,1105,133,119,0.75,1,1.0
108,1,430,366,77,73,0.74,3,1.0
108,2,724,1089,124,127,0.92,1,1.0
108,3,748,1019,91,96,0.79,2,1.0
108,4,439,461,71,65,0.81,3,1.0
108,5,807,1030,122,112,0.92,1,1.0
108,6,822,1103,135,120,0.79,1,1.0
109,1,423,367,73,71,0.77,3,1.0
109,2,719,1089,124,126,0.93,1,1.0
109,3,743,1018,90,97,0.80,2,1.0
109,4,432,465,70,62,0.77,3,1.0
109,5,802,1030,121,112,0.93,1,1.0
109,6,816,1102,137,122,0.81,1,1.0
110,1,412,368,71,71,0.81,3,1.0
110,2,711,1088,124,127,0.93,1,1.0
110,3,735,1018,89,96,0.81,2,1.0
110,4,421,468,71,60,0.75,3,1.0
110,5,793,1030,121,111,0.94,1,1.0
110,6,808,1103,137,121,0.79,1,1.0
111,1,405,368,70,72,0.83,3,1.0
111,2,706,1088,124,126,0.93,1,1.0
111,3,730,1018,88,94,0.83,2,1.0
111,4,414,469,71,59,0.74,3,1.0
111,5,788,1030,120,111,0.93,1,1.0
111,6,802,1103,138,119,0.77,1,1.0
112,1,394,369,67,72,0.85,3,1.0
112,2,699,1087,124,127,0.93,1,1.0
112,3,722,1017,89,94,0.83,2,1.0
112,4,403,469,72,60,0.75,3,1.0
112,5,779,1029,120,111,0.92,1,1.0
112,6,795,1101,136,119,0.77,1,1.0
113,1,387,369,66,72,0.85,3,1.0
113,2,694,1087,123,126,0.92,1,1.0
113,3,718,1016,88,94,0.83,2,1.0
113,4,396,469,73,60,0.79,3,1.0
113,5,773,1028,120,112,0.92,1,1.0
113,6,790,1102,134,117,0.75,1,1.0
114,1,377,370,65,71,0.83,3,1.0
114,2,686,1086,122,127,0.91,1,1.0
114,3,711,1016,89,93,0.83,2,1.0
114,4,386,469,72,60,0.84,3,1.0
114,5,765,1028,120,111,0.88,1,1.0
114,6,782,1102,130,114,0.68,1,1.0
114,7,381,383,63,73,0.60,3,1.0
115,1,370,370,64,70,0.82,3,1.0
115,2,682,1086,120,126,0.90,1,1.0
115,3,706,1016,91,93,0.82,2,1.0
115,4,380,470,71,59,0.85,3,1.0
115,5,759,1028,120,110,0.85,1,1.0
115,6,777,1102,128,112,0.66,1,1.0
115,7,383,389,60,67,0.61,3,1.0
116,1,360,371,62,68,0.81,3,1.0
116,2,674,1086,120,125,0.90,1,1.0
116,3,699,1014,92,95,0.80,2,1.0
116,4,370,468,71,60,0.85,3,1.0
116,5,751,1027,120,111,0.86,1,1.0
116,6,769,1100,129,111,0.64,1,1.0
116,7,377,389,61,68,0.63,3,1.0
117,1,353,371,62,68,0.80,3,1.0
117,2,669,1086,120,125,0.90,1,1.0
117,3,694,1013,92,97,0.79,2,1.0
117,4,363,467,71,61,0.85,3,1.0
117,5,746,1027,119,111,0.86,1,1.0
117,6,764,1099,130,109,0.59,1,1.0
117,7,375,390,61,67,0.65,3,1.0
118,1,342,371,62,67,0.80,3,1.0
118,2,662,1086,120,124,0.90,1,1.0
118,3,686,1012,94,96,0.79,2,1.0
118,4,353,467,70,61,0.85,3,1.0
118,5,738,1027,119,110,0.84,1,1.0
118,6,760,1099,130,107,0.55,1,1.0
118,7,370,390,61,67,0.68,3,1.0
119,1,335,371,61,66,0.80,3,1.0
119,2,657,1085,121,124,0.90,1,1.0
119,3,681,1011,95,97,0.80,2,1.0
119,4,346,465,70,62,0.85,3,1.0
119,5,732,1026,120,110,0.85,1,1.0
119,6,758,1097,132,108,0.55,1,1.0
119,7,364,391,60,66,0.73,3,1.0
120,1,325,371,60,66,0.81,3,1.0
120,2,649,1085,121,124,0.91,1,1.0
120,3,674,1010,95,98,0.81,2,1.0
120,4,336,463,69,64,0.85,3,1.0
120,5,724,1025,119,109,0.86,1,1.0
120,6,745,1095,139,110,0.63,1,1.0
120,7,354,389,60,68,0.71,3,1.0
120,8,934,909,63,72,0.62,1,1.0
121,1,318,370,60,67,0.81,3,1.0
121,2,644,1085,121,123,0.91,1,1.0
121,3,670,1010,96,98,0.83,2,1.0
121,4,329,464,69,63,0.87,3,1.0
121,5,719,1024,119,109,0.82,1,1.0
121,6,737,1094,142,113,0.72,1,1.0
121,7,343,386,64,70,0.69,3,1.0
121,8,934,909,63,72,0.66,1,1.0
122,1,308,370,59,66,0.80,3,1.0
122,2,637,1083,120,124,0.90,1,1.0
122,3,663,1010,95,97,0.86,2,1.0
122,4,319,464,69,62,0.88,3,1.0
122,5,711,1023,119,109,0.81,1,1.0
122,6,729,1094,145,115,0.81,1,1.0
122,7,330,383,66,72,0.69,3,1.0
122,8,929,909,62,70,0.64,1,1.0
122,9,932,1350,111,97,0.90,2,1.0
123,1,301,370,59,66,0.80,3,1.0
123,2,632,1083,120,123,0.90,1,1.0
123,3,660,1010,92,96,0.88,2,1.0
123,4,312,464,69,62,0.88,3,1.0
123,5,706,1022,118,109,0.81,1,1.0
123,6,729,1094,145,115,0.81,1,1.0
123,7,322,383,67,72,0.67,3,1.0
123,8,927,910,61,69,0.64,1,1.0
123,9,932,1350,111,97,0.90,2,1.0
124,1,290,369,60,65,0.81,3,1.0
124,2,625,1082,118,123,0.86,1,1.0
124,3,653,1010,89,94,0.89,2,1.0
124,4,302,463,68,62,0.88,3,1.0
124,5,699,1022,117,108,0.81,2,1.0
124,6,721,1093,132,111,0.79,1,1.0
124,7,312,383,67,72,0.65,3,1.0
124,8,923,909,60,69,0.65,1,1.0
124,9,927,1347,112,100,0.90,2,1.0
125,1,283,369,60,64,0.81,3,1.0
125,2,620,1081,119,123,0.80,1,1.0
125,3,649,1011,85,90,0.89,2,1.0
125,4,296,462,67,63,0.88,3,1.0
125,5,694,1021,116,109,0.83,2,1.0
125,6,713,1093,120,106,0.79,1,1.0
125,7,305,384,67,70,0.70,3,1.0
125,8,918,909,59,67,0.66,1,1.0
125,9,925,1346,112,101,0.90,2,1.0
126,1,273,369,57,61,0.83,3,1.0
126,2,613,1080,119,123,0.77,1,1.0
126,3,642,1010,82,89,0.87,2,1.0
126,4,286,462,67,62,0.87,3,1.0
126,5,686,1021,116,109,0.84,2,1.0
126,6,701,1094,107,99,0.68,2,1.0
126,7,299,387,62,67,0.76,3,1.0
126,8,914,908,57,67,0.65,1,1.0
126,9,921,1346,112,99,0.89,2,1.0
127,1,265,368,57,60,0.84,3,1.0
127,2,608,1079,118,123,0.74,1,1.0
127,3,637,1010,81,87,0.84,2,1.0
127,4,279,462,68,62,0.87,3,1.0
127,5,681,1020,115,110,0.84,2,1.0
127,6,699,1094,107,99,0.64,2,1.0
127,7,296,390,57,63,0.80,3,1.0
127,8,911,908,58,66,0.66,1,1.0
127,9,916,1345,112,99,0.88,2,1.0
128,1,256,367,56,56,0.85,3,1.0
128,2,601,1078,118,123,0.70,2,1.0
128,3,630,1009,80,86,0.81,2,1.0
128,4,269,461,68,62,0.86,3,1.0
128,5,674,1019,115,110,0.83,2,1.0
128,6,696,1093,112,98,0.60,2,1.0
128,7,286,392,56,60,0.82,3,1.0
128,8,906,907,57,67,0.68,1,1.0
128,9,908,1343,113,99,0.88,2,1.0
129,1,249,366,57,53,0.85,3,1.0
129,2,596,1078,118,122,0.71,2,1.0
129,3,625,1008,81,86,0.79,2,1.0
129,4,262,461,69,61,0.85,3,1.0
129,5,669,1018,115,110,0.82,2,1.0
129,6,691,1092,118,98,0.54,2,1.0
129,7,280,393,55,58,0.83,3,1.0
129,8,906,907,57,67,0.68,1,1.0
129,9,903,1343,113,97,0.88,2,1.0
130,1,239,365,57,55,0.85,3,1.0
130,2,589,1077,118,122,0.71,1,1.0
130,3,618,1007,80,87,0.79,2,1.0
130,4,252,458,70,64,0.85,3,1.0
130,5,661,1017,116,110,0.80,2,1.0
130,6,685,1091,122,97,0.46,2,1.0
130,7,270,391,55,59,0.87,3,1.0
130,9,896,1340,113,98,0.88,2,1.0
130,10,909,1196,72,61,0.92,3,1.0
131,1,233,364,58,57,0.85,3,1.0
131,2,584,1076,119,123,0.69,1,1.0
131,3,614,1007,79,86,0.81,2,1.0
131,4,246,455,70,66,0.86,3,1.0
131,5,656,1016,116,110,0.79,2,1.0
131,6,681,1090,126,97,0.45,2,1.0
131,7,263,390,56,59,0.86,3,1.0
131,9,891,1337,114,100,0.90,2,1.0
131,10,909,1196,72,61,0.93,3,1.0
132,1,223,362,61,59,0.86,3,1.0
132,2,577,1075,119,123,0.69,1,1.0
132,3,608,1006,79,86,0.82,2,1.0
132,4,236,453,70,67,0.88,3,1.0
132,5,649,1015,115,110,0.79,2,1.0
132,6,676,1087,129,99,0.44,1,1.0
132,7,253,388,56,60,0.86,3,1.0
132,9,884,1334,114,101,0.91,2,1.0
132,10,904,1194,73,62,0.88,3,1.0
132,12,944,1158,79,84,0.82,3,1.0
132,11,212,363,76,79,0.78,3,1.0
133,1,216,361,62,64,0.87,3,1.0
133,2,573,1075,119,123,0.70,1,1.0
133,3,604,1006,78,85,0.84,2,1.0
133,4,230,451,70,69,0.90,3,1.0
133,5,644,1015,115,109,0.79,2,1.0
133,6,672,1086,127,99,0.44,1,1.0
133,7,246,386,57,61,0.87,3,1.0
133,9,879,1332,115,103,0.91,2,1.0
133,10,902,1194,73,62,0.85,3,1.0
133,12,944,1158,79,84,0.82,3,1.0
133,11,212,363,76,80,0.78,3,1.0
134,1,206,360,62,67,0.87,3,1.0
134,2,566,1075,119,122,0.72,1,1.0
134,3,598,1005,77,86,0.85,2,1.0
134,4,220,449,70,70,0.92,3,1.0
134,5,637,1014,115,109,0.80,2,1.0
134,6,664,1086,127,101,0.46,2,1.0
134,7,235,383,59,63,0.89,3,1.0
134,9,872,1329,115,105,0.92,2,1.0
134,10,898,1193,73,62,0.84,3,1.0
134,12,940,1158,78,83,0.76,3,1.0
134,11,212,363,76,80,0.78,3,1.0
135,1,199,359,62,66,0.87,3,1.0
135,2,562,1075,118,121,0.75,1,1.0
135,3,594,1004,77,86,0.83,2,1.0
135,4,214,451,69,68,0.93,3,1.0
135,5,631,1013,116,109,0.83,2,1.0
135,6,659,1086,126,103,0.48,2,1.0
135,7,229,382,58,64,0.90,3,1.0
135,9,868,1329,114,104,0.91,2,1.0
135,10,893,1192,74,62,0.82,3,1.0
135,12,937,1158,79,82,0.72,3,1.0
135,11,212,363,76,80,0.78,3,1.0
136,1,190,358,60,64,0.84,3,1.0
136,2,555,1075,118,120,0.79,2,1.0
136,3,587,1003,77,86,0.82,2,1.0
136,4,204,453,68,65,0.93,3,1.0
136,5,624,1012,115,109,0.86,2,1.0
136,6,652,1087,122,101,0.52,2,1.0
136,7,219,381,58,64,0.86,3,1.0
136,9,862,1329,114,102,0.91,2,1.0
136,10,885,1191,74,62,0.79,3,1.0
136,12,933,1157,78,83,0.70,3,1.0
136,11,212,363,76,80,0.78,3,1.0
137,1,184,357,58,63,0.80,3,1.0
137,2,551,1075,117,119,0.80,2,1.0
137,3,583,1003,77,86,0.82,2,1.0
137,4,197,454,69,64,0.93,3,1.0
137,5,620,1012,115,108,0.87,1,1.0
137,6,647,1089,119,98,0.56,2,1.0
137,7,213,380,56,63,0.82,3,1.0
137,9,857,1328,114,102,0.91,2,1.0
137,10,880,1190,74,62,0.79,3,1.0
137,12,928,1157,77,82,0.67,3,1.0
137,11,211,362,77,81,0.78,3,1.0
138,1,174,356,57,62,0.77,3,1.0
138,2,544,1074,116,118,0.79,2,1.0
138,3,576,1002,76,86,0.81,2,1.0
138,4,187,453,69,64,0.93,3,1.0
138,5,612,1011,116,108,0.87,2,1.0
138,6,639,1091,113,95,0.57,2,1.0
138,7,202,378,57,64,0.80,3,1.0
138,9,851,1328,113,101,0.91,2,1.0
138,10,872,1189,74,61,0.80,3,1.0
138,12,920,1155,78,83,0.62,3,1.0
139,1,168,355,56,61,0.74,3,1.0
139,2,539,1073,117,118,0.76,2,1.0
139,3,572,1003,75,85,0.81,2,1.0
139,4,181,452,69,64,0.93,3,1.0
139,5,607,1011,116,108,0.85,2,1.0
139,6,635,1092,106,90,0.56,2,1.0
139,7,195,377,57,65,0.77,3,1.0
139,9,847,1329,112,99,0.91,2,1.0
139,10,867,1188,73,61,0.80,3,1.0
139,12,915,1153,78,85,0.60,3,1.0
140,1,158,354,55,60,0.75,3,1.0
140,2,533,1071,117,119,0.74,2,1.0
140,3,565,1003,75,85,0.81,2,1.0
140,4,170,450,70,65,0.93,3,1.0
140,5,601,1010,115,107,0.83,1,1.0
140,6,632,1093,101,85,0.57,2,1.0
140,7,184,376,57,65,0.76,3,1.0
140,9,840,1328,113,98,0.90,2,1.0
140,10,860,1186,72,61,0.82,3,1.0
140,12,908,1153,78,84,0.65,3,1.0
141,1,151,353,55,60,0.78,3,1.0
141,2,529,1070,117,120,0.72,2,1.0
141,3,561,1002,74,86,0.80,2,1.0
141,4,164,448,70,66,0.93,3,1.0
141,5,597,1009,115,107,0.80,1,1.0
141,6,631,1094,97,83,0.54,2,1.0
141,7,177,375,58,66,0.78,3,1.0
141,9,836,1327,112,99,0.89,2,1.0
141,10,855,1185,72,61,0.84,3,1.0
141,12,903,1153,78,83,0.69,3,1.0
142,1,140,352,56,60,0.81,3,1.0
142,2,522,1068,117,120,0.71,2,1.0
142,3,555,1001,74,86,0.79,2,1.0
142,4,154,445,70,68,0.91,3,1.0
142,5,590,1008,115,107,0.81,1,1.0
142,6,618,1089,104,89,0.52,2,1.0
142,7,167,374,59,66,0.83,3,1.0
142,9,830,1326,112,98,0.89,2,1.0
142,10,848,1184,71,61,0.86,3,1.0
142,12,893,1149,83,87,0.69,3,1.0
142,13,127,370,79,68,0.75,3,1.0
143,1,133,352,56,60,0.85,3,1.0
143,2,518,1067,117,121,0.74,2,1.0
143,3,551,999,73,87,0.79,2,1.0
143,4,147,445,71,66,0.88,3,1.0
143,5,586,1007,114,108,0.84,1,1.0
143,6,610,1084,116,96,0.55,2,1.0
143,7,160,373,60,66,0.85,3,1.0
143,9,826,1324,112,99,0.90,2,1.0
143,10,842,1183,72,61,0.87,3,1.0
143,12,885,1148,86,88,0.71,3,1.0
143,13,127,370,79,68,0.75,3,1.0
144,1,122,351,57,62,0.86,3,1.0
144,2,511,1066,117,120,0.77,2,1.0
144,3,544,997,73,87,0.78,2,1.0
144,4,137,445,71,65,0.85,3,1.0
144,5,580,1006,112,108,0.87,1,1.0
144,6,599,1079,128,106,0.65,1,1.0
144,7,151,372,59,65,0.86,3,1.0
144,9,819,1321,113,101,0.89,2,1.0
144,10,834,1182,73,61,0.87,3,1.0
144,12,878,1147,85,88,0.69,3,1.0
144,13,127,370,79,68,0.75,3,1.0
145,1,115,350,57,63,0.84,3,1.0
145,2,507,1065,117,121,0.79,2,1.0
145,3,540,996,72,87,0.77,2,1.0
145,4,130,446,71,64,0.82,3,1.0
145,5,575,1005,112,108,0.91,1,1.0
145,6,598,1079,128,107,0.69,1,1.0
145,7,144,371,59,65,0.87,3,1.0
145,9,814,1319,113,102,0.89,2,1.0
145,10,829,1182,73,61,0.86,3,1.0
145,12,873,1145,86,89,0.62,3,1.0
145,13,127,370,79,68,0.75,3,1.0
146,1,104,349,59,64,0.84,3,1.0
146,2,500,1065,115,119,0.81,2,1.0
146,3,534,995,71,88,0.74,2,1.0
146,4,120,446,71,63,0.81,3,1.0
146,5,568,1004,111,108,0.94,1,1.0
146,6,595,1079,126,108,0.64,1,1.0
146,7,134,370,60,65,0.88,3,1.0
146,9,807,1317,114,103,0.89,2,1.0
146,10,821,1181,73,61,0.85,3,1.0
146,12,864,1143,88,90,0.61,3,1.0
146,13,127,370,79,68,0.75,3,1.0
147,1,98,347,59,65,0.84,3,1.0
147,2,496,1064,114,119,0.82,2,1.0
147,3,530,995,71,89,0.72,2,1.0
147,4,114,446,71,62,0.83,3,1.0
147,5,563,1003,111,108,0.94,1,1.0
147,6,592,1078,124,110,0.61,1,1.0
147,7,127,369,60,65,0.88,3,1.0
147,9,803,1316,113,103,0.90,2,1.0
147,10,816,1180,73,61,0.84,3,1.0
147,12,859,1143,87,89,0.64,3,1.0
147,13,126,370,80,68,0.75,3,1.0
148,1,88,346,59,66,0.84,3,1.0
148,2,489,1063,115,119,0.80,2,1.0
148,3,524,995,71,88,0.70,2,1.0
148,4,104,446,71,61,0.84,3,1.0
148,5,555,1002,112,108,0.90,1,1.0
148,6,585,1077,123,112,0.60,1,1.0
148,7,117,367,60,66,0.86,3,1.0
148,9,797,1315,113,103,0.88,2,1.0
148,10,809,1173,74,67,0.78,3,1.0
148,12,855,1144,82,86,0.67,3,1.0
149,1,81,344,60,67,0.87,3,1.0
149,2,485,1063,114,118,0.78,2,1.0
149,3,519,996,71,86,0.68,2,1.0
149,4,97,445,72,61,0.87,3,1.0
149,5,551,1002,112,108,0.86,1,1.0
149,6,580,1076,122,112,0.53,1,1.0
149,7,110,366,61,67,0.86,3,1.0
149,9,793,1314,112,103,0.88,2,1.0
149,10,803,1166,79,73,0.73,3,1.0
149,12,850,1143,81,86,0.73,3,1.0
150,1,76,344,61,66,0.90,3,1.0
150,2,479,1062,112,118,0.76,2,1.0
150,3,514,995,71,86,0.68,2,1.0
150,4,88,444,71,60,0.89,3,1.0
150,5,544,1001,112,107,0.85,1,1.0
150,6,573,1074,120,113,0.49,2,1.0
150,7,101,365,61,66,0.83,3,1.0
150,9,788,1313,110,102,0.87,2,1.0
150,10,796,1164,79,74,0.74,3,1.0
150,12,842,1142,80,85,0.81,3,1.0
150,14,860,1307,48,45,0.66,3,1.0
151,1,74,343,60,67,0.90,3,1.0
151,2,474,1062,113,117,0.73,2,1.0
151,3,509,995,73,84,0.71,2,1.0
151,4,82,444,70,59,0.89,3,1.0
151,5,539,1001,112,106,0.82,1,1.0
151,6,568,1073,119,113,0.51,2,1.0
151,7,94,365,61,65,0.81,3,1.0
151,9,784,1312,110,102,0.84,2,1.0
151,10,792,1163,78,75,0.75,3,1.0
151,12,838,1142,78,85,0.80,3,1.0
151,14,860,1307,48,45,0.66,3,1.0
152,1,68,343,60,66,0.90,3,1.0
152,2,467,1061,113,117,0.73,2,1.0
152,3,503,992,73,86,0.73,2,1.0
152,4,73,442,69,59,0.89,3,1.0
152,5,533,1000,112,106,0.83,2,1.0
152,6,560,1071,121,114,0.57,1,1.0
152,7,85,363,60,65,0.77,3,1.0
152,9,778,1311,109,101,0.84,3,1.0
152,10,785,1161,78,76,0.70,3,1.0
152,12,834,1142,75,83,0.77,3,1.0
152,14,860,1307,48,45,0.66,3,1.0
152,15,935,1153,72,81,0.77,2,1.0
153,1,68,343,60,66,0.90,3,1.0
153,2,463,1061,112,117,0.74,2,1.0
153,3,499,988,73,89,0.75,2,1.0
153,4,66,440,70,61,0.90,3,1.0
153,5,529,999,111,106,0.86,2,1.0
153,6,556,1070,121,115,0.62,1,1.0
153,7,78,361,60,65,0.74,3,1.0
153,9,774,1310,109,101,0.85,3,1.0
153,10,781,1165,76,71,0.69,3,1.0
153,12,830,1142,74,82,0.74,3,1.0
153,14,860,1307,48,45,0.66,3,1.0
153,15,935,1153,72,81,0.77,2,1.0
154,2,456,1061,112,115,0.75,2,1.0
154,3,496,986,74,91,0.76,2,1.0
154,4,57,438,70,61,0.91,3,1.0
154,5,522,998,111,105,0.88,1,1.0
154,6,549,1068,122,116,0.64,1,1.0
154,7,70,361,58,63,0.74,3,1.0
154,9,768,1308,110,101,0.85,2,1.0
154,10,775,1170,72,65,0.74,3,1.0
154,12,824,1141,73,81,0.76,3,1.0
154,14,860,1307,48,45,0.66,3,1.0
154,15,932,1153,72,80,0.80,2,1.0
155,2,452,1060,113,115,0.76,2,1.0
155,3,494,984,73,93,0.76,2,1.0
155,4,50,435,71,63,0.92,3,1.0
155,5,518,997,111,106,0.88,1,1.0
155,6,545,1068,122,116,0.63,1,1.0
155,7,64,360,58,62,0.77,3,1.0
155,9,763,1306,111,103,0.86,2,1.0
155,10,770,1169,73,66,0.73,3,1.0
155,12,820,1141,73,80,0.75,3,1.0
155,15,930,1153,72,80,0.81,2,1.0
156,2,446,1059,112,115,0.78,2,1.0
156,3,484,979,72,96,0.72,2,1.0
156,4,46,432,71,66,0.93,3,1.0
156,5,511,996,112,106,0.91,2,1.0
156,6,538,1067,123,115,0.68,1,1.0
156,7,59,359,58,63,0.77,3,1.0
156,9,758,1305,110,103,0.89,2,1.0
156,10,763,1168,74,65,0.74,3,1.0
156,12,813,1140,73,80,0.72,3,1.0
156,15,926,1153,72,79,0.83,2,1.0
157,2,443,1058,111,115,0.77,2,1.0
157,3,479,980,70,93,0.67,2,1.0
157,4,43,432,72,65,0.94,3,1.0
157,5,507,996,112,106,0.91,2,1.0
157,6,535,1067,122,115,0.68,1,1.0
157,7,57,360,58,61,0.79,3,1.0
157,9,754,1304,111,103,0.90,2,1.0
157,10,759,1168,73,64,0.81,3,1.0
157,12,808,1138,74,81,0.71,3,1.0
157,15,922,1153,72,77,0.86,2,1.0
158,2,437,1058,111,114,0.77,2,1.0
158,3,470,980,69,92,0.54,2,1.0
158,4,39,430,71,66,0.94,3,1.0
158,5,501,995,112,106,0.90,2,1.0
158,6,532,1067,122,114,0.66,1,1.0
158,7,53,362,57,58,0.84,3,1.0
158,9,749,1302,111,104,0.91,2,1.0
158,10,753,1168,73,63,0.86,3,1.0
158,12,799,1137,76,81,0.73,3,1.0
158,15,915,1153,72,76,0.89,2,1.0
159,2,433,1058,110,114,0.76,2,1.0
159,3,469,980,69,92,0.51,2,1.0
159,4,39,430,71,66,0.95,3,1.0
159,5,498,994,110,107,0.90,2,1.0
159,6,526,1065,122,115,0.61,1,1.0
159,7,53,362,57,58,0.84,3,1.0
159,9,746,1302,110,103,0.93,2,1.0
159,10,749,1167,72,63,0.86,3,1.0
159,12,792,1136,78,81,0.71,3,1.0
159,15,910,1152,72,75,0.91,2,1.0
160,2,427,1057,110,114,0.77,2,1.0
160,3,469,980,69,92,0.51,2,1.0
160,5,492,994,110,106,0.90,1,1.0
160,6,518,1065,121,115,0.58,1,1.0
160,9,741,1302,109,102,0.93,2,1.0
160,10,743,1167,71,61,0.87,3,1.0
160,12,787,1136,75,80,0.68,3,1.0
160,15,902,1152,73,74,0.91,2,1.0
161,2,423,1056,111,114,0.77,2,1.0
161,3,467,980,69,93,0.46,2,1.0
161,5,488,994,109,106,0.87,1,1.0
161,6,512,1065,120,115,0.51,1,1.0
161,9,737,1301,109,102,0.93,2,1.0
161,10,739,1167,70,60,0.86,3,1.0
161,12,785,1137,72,78,0.69,3,1.0
161,15,897,1152,73,74,0.90,2,1.0
162,2,417,1055,112,115,0.74,2,1.0
162,3,464,980,69,94,0.39,2,1.0
162,5,481,993,109,106,0.85,1,1.0
162,6,505,1065,119,115,0.51,1,1.0
162,9,731,1301,109,102,0.92,2,1.0
162,10,732,1166,71,60,0.81,3,1.0
162,12,782,1137,71,77,0.71,3,1.0
162,15,888,1152,74,73,0.87,2,1.0
162,16,728,873,62,78,0.59,2,1.0
163,2,413,1054,114,116,0.71,2,1.0
163,3,464,980,69,94,0.39,2,1.0
163,5,476,992,110,107,0.84,1,1.0
163,6,503,1065,119,115,0.56,1,1.0
163,9,728,1302,107,100,0.92,2,1.0
163,10,728,1166,70,59,0.76,3,1.0
163,12,784,1138,67,76,0.70,3,1.0
163,15,883,1152,74,73,0.84,2,1.0
163,16,728,873,62,78,0.57,2,1.0
164,2,406,1054,115,116,0.71,1,1.0
164,5,469,991,112,108,0.84,1,1.0
164,6,496,1065,119,115,0.64,2,1.0
164,9,722,1302,107,100,0.91,2,1.0
164,10,721,1165,71,60,0.77,3,1.0
164,12,788,1139,59,75,0.68,3,1.0
164,15,875,1153,74,72,0.81,2,1.0
164,16,724,873,62,77,0.58,2,1.0
164,17,731,828,56,49,0.69,3,1.0
165,2,401,1054,115,116,0.71,1,1.0
165,5,465,990,112,109,0.85,1,1.0
165,6,491,1064,120,115,0.69,2,1.0
165,9,718,1302,107,100,0.90,2,1.0
165,10,716,1165,72,59,0.77,3,1.0
165,12,788,1139,59,75,0.69,3,1.0
165,15,870,1153,74,71,0.79,2,1.0
165,16,721,873,62,77,0.58,2,1.0
165,17,731,828,56,49,0.70,3,1.0
166,2,394,1053,115,117,0.69,2,1.0
166,5,458,989,112,110,0.84,2,1.0
166,6,484,1064,119,114,0.73,1,1.0
166,9,712,1302,107,99,0.89,2,1.0
166,10,709,1163,72,61,0.73,3,1.0
166,15,862,1152,75,71,0.75,2,1.0
166,16,717,873,63,77,0.62,2,1.0
166,17,731,828,56,49,0.70,3,1.0
167,2,390,1052,114,118,0.71,2,1.0
167,5,453,989,112,109,0.84,2,1.0
167,6,479,1063,118,115,0.71,1,1.0
167,9,708,1302,106,98,0.88,2,1.0
167,10,704,1163,72,61,0.73,3,1.0
167,15,857,1152,76,71,0.72,2,1.0
167,16,711,873,64,76,0.66,2,1.0
167,17,725,827,58,50,0.63,3,1.0
168,2,383,1052,113,118,0.70,1,1.0
168,5,445,988,112,110,0.85,1,1.0
168,6,471,1062,118,115,0.73,1,1.0
168,9,702,1302,106,98,0.87,2,1.0
168,10,697,1161,73,62,0.72,3,1.0
168,15,849,1151,77,71,0.70,2,1.0
168,16,703,872,65,76,0.64,1,1.0
168,17,725,827,58,50,0.63,3,1.0
169,2,379,1052,112,118,0.67,1,1.0
169,5,440,988,112,109,0.87,1,1.0
169,6,466,1063,117,114,0.76,1,1.0
169,9,698,1302,106,97,0.86,2,1.0
169,10,693,1159,72,64,0.67,3,1.0
169,15,844,1150,77,72,0.69,2,1.0
169,16,697,871,66,76,0.63,1,1.0
169,17,715,826,61,50,0.53,3,1.0
170,2,372,1051,114,119,0.69,2,1.0
170,5,431,987,114,109,0.87,1,1.0
170,6,460,1062,115,115,0.74,1,1.0
170,9,692,1302,105,96,0.86,2,1.0
170,10,685,1154,76,69,0.55,3,1.0
170,15,835,1147,80,75,0.67,2,1.0
170,16,688,870,68,76,0.62,2,1.0
170,17,700,821,64,54,0.49,3,1.0
171,2,368,1051,114,119,0.72,2,1.0
171,5,424,987,117,108,0.88,1,1.0
171,6,455,1061,115,116,0.74,1,1.0
171,9,688,1302,106,96,0.87,2,1.0
171,10,681,1150,78,73,0.48,3,1.0
171,15,829,1145,81,77,0.68,2,1.0
171,16,683,869,69,77,0.59,2,1.0
171,17,697,819,64,56,0.52,3,1.0
171,18,643,1289,65,65,0.76,3,1.0
172,2,361,1051,114,118,0.71,2,1.0
172,5,414,986,121,108,0.89,1,1.0
172,6,447,1060,117,117,0.73,1,1.0
172,9,682,1301,106,97,0.86,2,1.0
172,10,677,1147,80,76,0.44,3,1.0
172,15,821,1144,80,77,0.66,2,1.0
172,16,674,868,71,77,0.59,2,1.0
172,17,686,818,65,56,0.47,3,1.0
172,18,643,1289,65,65,0.76,3,1.0
173,2,356,1050,116,118,0.72,2,1.0
173,5,408,986,122,108,0.87,1,1.0
173,6,442,1059,118,117,0.68,1,1.0
173,9,678,1300,106,98,0.84,2,1.0
173,10,675,1145,82,78,0.39,3,1.0
173,15,816,1144,80,76,0.63,2,1.0
173,16,668,868,73,77,0.65,2,1.0
173,17,683,817,65,56,0.43,3,1.0
173,18,643,1289,65,65,0.76,3,1.0
174,2,349,1050,117,118,0.72,1,1.0
174,5,400,985,124,109,0.85,1,1.0
174,6,435,1058,118,118,0.60,1,1.0
174,9,671,1300,107,98,0.85,2,1.0
174,10,663,1145,82,78,0.39,3,1.0
174,15,809,1143,78,76,0.59,2,1.0
174,16,659,866,75,79,0.67,2,1.0
174,17,679,815,65,58,0.45,3,1.0
174,18,643,1289,65,65,0.76,3,1.0
175,2,344,1050,116,117,0.67,1,1.0
175,5,394,985,125,109,0.84,1,1.0
175,6,430,1058,119,117,0.56,1,1.0
175,9,667,1300,107,97,0.86,2,1.0
175,10,654,1150,78,72,0.49,3,1.0
175,15,805,1144,76,74,0.55,2,1.0
175,16,652,865,77,81,0.68,2,1.0
175,17,676,816,65,57,0.40,3,1.0
175,18,643,1289,65,65,0.76,3,1.0
176,2,337,1050,115,116,0.63,2,1.0
176,5,387,985,125,109,0.84,1,1.0
176,6,423,1059,118,115,0.51,1,1.0
176,9,661,1301,107,96,0.86,2,1.0
176,10,641,1155,73,66,0.56,3,1.0
176,15,802,1144,75,74,0.52,2,1.0
176,16,643,865,79,80,0.71,2,1.0
176,17,660,813,66,59,0.35,3,1.0
176,19,608,1280,71,73,0.60,3,1.0
177,2,332,1050,114,116,0.64,2,1.0
177,5,384,986,122,108,0.85,1,1.0
177,6,418,1059,116,115,0.47,1,1.0
177,9,657,1302,106,95,0.88,2,1.0
177,10,638,1155,74,66,0.55,3,1.0
177,15,796,1145,71,72,0.49,2,1.0
177,16,637,865,80,81,0.70,2,1.0
177,17,649,809,68,64,0.41,3,1.0
177,19,608,1280,71,73,0.61,3,1.0
178,2,324,1051,115,115,0.66,1,1.0
178,5,375,986,123,108,0.85,1,1.0
178,6,415,1060,114,114,0.43,1,1.0
178,9,650,1303,106,94,0.89,2,1.0
178,10,634,1155,74,66,0.58,3,1.0
178,15,786,1147,70,70,0.48,2,1.0
178,16,628,864,81,82,0.68,2,1.0
178,17,632,807,71,66,0.55,3,1.0
178,19,604,1281,69,72,0.50,3,1.0
179,2,319,1051,115,115,0.69,2,1.0
179,5,370,985,123,109,0.87,1,1.0
179,6,413,1060,112,114,0.43,1,1.0
179,9,646,1304,105,93,0.88,2,1.0
179,10,629,1154,74,68,0.61,3,1.0
179,15,780,1148,67,69,0.49,2,1.0
179,16,622,865,82,81,0.71,2,1.0
179,17,630,807,70,66,0.60,3,1.0
179,19,603,1281,67,72,0.45,3,1.0
180,2,311,1051,117,115,0.74,1,1.0
180,5,362,985,123,110,0.84,1,1.0
180,6,410,1061,108,113,0.41,1,1.0
180,9,639,1305,105,93,0.87,2,1.0
180,10,621,1155,74,67,0.63,3,1.0
180,15,771,1150,61,66,0.56,2,1.0
180,16,613,865,83,81,0.77,2,1.0
180,17,625,807,71,67,0.65,3,1.0
180,19,600,1284,65,70,0.44,3,1.0
181,2,306,1052,117,114,0.78,1,1.0
181,5,356,985,124,111,0.81,1,1.0
181,6,410,1061,108,113,0.42,1,1.0
181,9,634,1305,106,93,0.87,2,1.0
181,10,616,1156,73,66,0.68,3,1.0
181,15,768,1151,60,64,0.60,2,1.0
181,16,607,865,84,81,0.81,2,1.0
181,17,618,807,72,67,0.73,3,1.0
181,19,596,1290,61,64,0.46,3,1.0
182,2,298,1053,115,113,0.74,1,1.0
182,5,347,985,125,112,0.79,1,1.0
182,9,628,1305,105,94,0.83,2,1.0
182,10,608,1157,72,66,0.66,3,1.0
182,15,760,1151,59,65,0.64,2,1.0
182,16,598,866,85,81,0.80,2,1.0
182,17,610,810,70,65,0.76,3,1.0
182,19,591,1294,56,60,0.44,3,1.0
183,2,293,1054,113,112,0.68,1,1.0
183,5,342,985,125,113,0.76,1,1.0
183,9,624,1306,104,94,0.80,2,1.0
183,10,603,1158,71,65,0.60,3,1.0
183,15,754,1152,57,64,0.67,2,1.0
183,16,593,867,85,80,0.81,2,1.0
183,17,604,813,68,62,0.72,3,1.0
183,19,587,1299,53,55,0.49,3,1.0
184,2,286,1054,114,112,0.67,1,1.0
184,5,335,986,124,112,0.75,1,1.0
184,9,617,1306,104,94,0.79,2,1.0
184,10,595,1160,69,64,0.56,3,1.0
184,15,746,1153,54,64,0.69,2,1.0
184,16,585,867,86,80,0.86,2,1.0
184,17,595,817,67,59,0.66,3,1.0
184,19,585,1303,50,51,0.53,3,1.0
184,6,366,1068,116,111,0.44,2,1.0
185,2,281,1055,115,112,0.62,1,1.0
185,5,330,986,125,113,0.78,1,1.0
185,9,613,1305,104,96,0.78,2,1.0
185,10,589,1160,69,64,0.52,3,1.0
185,15,740,1153,55,65,0.65,2,1.0
185,16,580,867,86,80,0.87,2,1.0
185,17,589,820,66,56,0.59,3,1.0
185,19,584,1306,48,48,0.56,3,1.0
185,6,366,1068,116,111,0.44,2,1.0
186,2,273,1057,115,110,0.54,2,1.0
186,5,323,987,124,112,0.80,2,1.0
186,9,607,1305,103,96,0.78,3,1.0
186,10,585,1160,69,65,0.47,3,1.0
186,15,732,1154,54,65,0.61,2,1.0
186,16,573,868,86,79,0.87,2,1.0
186,17,581,823,64,54,0.59,3,1.0
186,19,572,1302,51,54,0.56,3,1.0
186,6,361,1069,117,111,0.39,2,1.0
186,20,671,1283,55,62,0.73,3,1.0
187,2,268,1057,117,110,0.54,2,1.0
187,5,318,987,124,112,0.81,2,1.0
187,9,603,1305,103,96,0.81,3,1.0
187,10,583,1160,69,65,0.48,3,1.0
187,15,727,1155,51,63,0.59,2,1.0
187,16,568,867,86,80,0.91,2,1.0
187,17,574,823,65,54,0.66,3,1.0
187,19,565,1300,53,57,0.62,3,1.0
187,6,359,1070,118,111,0.37,2,1.0
187,20,671,1283,55,62,0.74,3,1.0
188,2,261,1058,119,109,0.57,1,1.0
188,5,310,987,126,112,0.82,2,1.0
188,9,596,1307,104,95,0.83,2,1.0
188,10,571,1162,65,64,0.59,3,1.0
188,15,723,1155,50,63,0.58,2,1.0
188,16,561,865,87,83,0.93,2,1.0
188,17,565,823,66,55,0.72,3,1.0
188,19,554,1297,56,62,0.73,3,1.0
188,6,354,1070,116,111,0.41,2,1.0
188,20,671,1283,55,62,0.74,3,1.0
189,2,256,1058,118,110,0.56,1,1.0
189,5,306,987,125,113,0.82,2,1.0
189,9,593,1309,103,94,0.83,2,1.0
189,10,563,1163,63,64,0.67,3,1.0
189,15,721,1156,49,62,0.58,2,1.0
189,16,557,864,87,84,0.91,2,1.0
189,17,559,824,66,55,0.81,3,1.0
189,19,552,1296,57,63,0.76,3,1.0
189,6,348,1070,113,111,0.44,2,1.0
189,20,671,1283,55,62,0.74,3,1.0
190,2,249,1058,116,110,0.60,2,1.0
190,5,299,988,124,112,0.83,2,1.0
190,9,587,1311,103,93,0.83,2,1.0
190,10,555,1165,61,63,0.75,3,1.0
190,15,717,1156,46,61,0.56,2,1.0
190,16,550,864,88,85,0.89,2,1.0
190,17,551,823,67,57,0.88,3,1.0
190,19,549,1297,57,63,0.78,3,1.0
190,6,341,1071,113,111,0.46,2,1.0
190,20,671,1283,55,62,0.74,3,1.0
190,18,651,1286,57,63,0.74,3,1.0
191,2,244,1058,117,112,0.67,2,1.0
191,5,293,988,126,113,0.85,2,1.0
191,9,582,1313,104,92,0.81,2,1.0
191,10,555,1165,61,63,0.75,3,1.0
191,15,717,1156,46,61,0.56,2,1.0
191,16,545,863,90,86,0.88,2,1.0
191,17,545,823,68,57,0.87,3,1.0
191,19,545,1298,58,62,0.82,3,1.0
191,6,337,1070,112,113,0.51,2,1.0
191,20,671,1283,55,62,0.74,3,1.0
191,18,651,1286,57,63,0.74,3,1.0
192,2,236,1059,113,112,0.69,2,1.0
192,5,286,988,126,114,0.87,2,1.0
192,9,576,1315,105,92,0.80,2,1.0
192,10,547,1166,61,62,0.66,3,1.0
192,16,538,863,88,84,0.74,2,1.0
192,17,537,823,68,58,0.82,3,1.0
192,19,540,1298,58,63,0.85,3,1.0
192,6,331,1071,111,113,0.60,2,1.0
192,18,647,1286,58,63,0.79,3,1.0
193,2,232,1060,107,111,0.67,2,1.0
193,5,281,988,127,115,0.88,2,1.0
193,9,572,1316,105,91,0.81,2,1.0
193,10,540,1166,60,62,0.58,3,1.0
193,16,534,863,85,80,0.63,2,1.0
193,17,532,822,68,59,0.77,3,1.0
193,19,536,1298,58,63,0.85,3,1.0
193,6,328,1073,113,112,0.63,2,1.0
193,18,646,1286,57,63,0.82,3,1.0
194,2,225,1061,107,111,0.66,1,1.0
194,5,273,989,128,115,0.88,2,1.0
194,9,566,1319,105,89,0.81,2,1.0
194,10,532,1167,59,61,0.49,3,1.0
194,16,531,864,84,78,0.58,1,1.0
194,17,528,821,69,61,0.75,3,1.0
194,19,530,1298,59,64,0.85,3,1.0
194,6,322,1074,116,113,0.66,2,1.0
194,18,646,1286,57,63,0.82,3,1.0
195,2,221,1061,106,112,0.61,1,1.0
195,5,269,989,128,116,0.87,2,1.0
195,9,562,1321,105,88,0.82,2,1.0
195,10,532,1167,59,61,0.49,3,1.0
195,16,529,864,81,75,0.47,1,1.0
195,17,525,821,69,61,0.71,3,1.0
195,19,526,1298,60,65,0.84,3,1.0
195,6,318,1075,116,113,0.69,2,1.0
195,18,641,1287,57,65,0.78,3,1.0
196,2,214,1062,107,113,0.58,2,1.0
196,5,262,988,129,118,0.87,2,1.0
196,9,557,1321,105,90,0.84,2,1.0
196,10,532,1167,59,61,0.49,3,1.0
196,16,526,865,76,69,0.27,1,1.0
196,17,521,820,68,62,0.63,3,1.0
196,19,520,1297,62,67,0.82,3,1.0
196,6,310,1076,117,114,0.72,2,1.0
196,18,634,1287,57,67,0.78,3,1.0
197,2,209,1061,113,116,0.62,2,1.0
197,5,257,987,130,119,0.87,2,1.0
197,9,553,1321,105,90,0.85,2,1.0
197,10,532,1167,59,61,0.49,3,1.0
197,16,526,865,76,69,0.27,1,1.0
197,17,522,820,67,62,0.63,3,1.0
197,19,517,1297,64,68,0.79,3,1.0
197,6,303,1076,120,115,0.71,2,1.0
197,18,630,1288,55,68,0.74,3,1.0
198,2,202,1061,117,117,0.66,2,1.0
198,5,250,989,129,118,0.83,2,1.0
198,9,548,1321,105,91,0.84,2,1.0
198,19,511,1296,68,70,0.81,3,1.0
198,6,293,1077,123,116,0.65,2,1.0
198,18,624,1290,53,68,0.68,3,1.0
199,2,198,1062,115,115,0.69,2,1.0
199,5,245,989,129,118,0.80,2,1.0
199,9,544,1319,106,93,0.83,2,1.0
199,19,508,1295,69,71,0.83,3,1.0
199,6,287,1079,124,114,0.61,2,1.0
199,18,622,1291,53,67,0.66,3,1.0
200,2,192,1063,115,115,0.72,2,1.0
200,5,239,991,128,116,0.81,2,1.0
200,9,539,1318,106,95,0.81,2,1.0
200,19,503,1295,69,72,0.76,3,1.0
200,6,280,1080,124,115,0.54,2,1.0
200,18,620,1291,51,66,0.69,3,1.0
201,2,188,1064,115,116,0.72,2,1.0
201,5,235,996,127,112,0.81,2,1.0
201,9,536,1319,105,94,0.78,2,1.0
201,19,499,1295,69,72,0.72,3,1.0
201,6,277,1081,123,115,0.47,2,1.0
201,18,619,1292,50,65,0.68,3,1.0
202,2,182,1065,115,114,0.63,1,1.0
202,5,230,1001,124,107,0.80,2,1.0
202,9,531,1321,103,92,0.75,2,1.0
202,19,494,1296,69,72,0.65,3,1.0
202,6,274,1082,123,114,0.42,2,1.0
202,18,617,1293,48,64,0.63,3,1.0
203,2,178,1065,116,115,0.54,1,1.0
203,5,226,1005,123,103,0.84,2,1.0
203,9,527,1323,103,90,0.75,2,1.0
203,19,491,1297,68,71,0.55,3,1.0
203,6,274,1083,121,114,0.40,2,1.0
203,18,617,1293,48,64,0.62,3,1.0
204,2,172,1065,116,118,0.48,1,1.0
204,5,220,1007,123,102,0.88,2,1.0
204,9,521,1323,103,91,0.74,2,1.0
204,19,486,1297,67,72,0.47,3,1.0
204,6,265,1085,119,115,0.49,2,1.0
205,2,167,1066,116,116,0.42,1,1.0
205,5,215,1007,124,103,0.88,2,1.0
205,9,517,1323,103,92,0.74,2,1.0
205,19,482,1297,68,72,0.45,3,1.0
205,6,257,1086,119,117,0.63,2,1.0
206,2,160,1067,117,116,0.38,2,1.0
206,5,207,1006,127,105,0.87,2,1.0
206,9,510,1323,103,93,0.76,2,1.0
206,19,476,1298,70,72,0.53,3,1.0
206,6,244,1088,121,117,0.76,2,1.0
207,2,155,1068,118,118,0.44,2,1.0
207,5,201,1003,130,110,0.87,2,1.0
207,9,506,1322,103,96,0.78,2,1.0
207,19,472,1297,70,74,0.64,3,1.0
207,6,242,1088,121,117,0.74,2,1.0
208,2,149,1072,115,115,0.48,2,1.0
208,5,195,1004,130,111,0.87,2,1.0
208,9,500,1324,103,95,0.79,2,1.0
208,19,466,1298,71,75,0.74,3,1.0
208,6,239,1090,120,115,0.76,2,1.0
209,2,146,1075,112,112,0.50,2,1.0
209,5,191,1007,129,109,0.87,2,1.0
209,9,498,1327,100,93,0.80,2,1.0
209,19,462,1299,71,75,0.82,3,1.0
209,6,235,1092,119,112,0.78,2,1.0
210,2,140,1077,110,112,0.50,1,1.0
210,5,184,1010,129,107,0.82,2,1.0
210,9,493,1329,97,92,0.80,2,1.0
210,19,459,1300,71,75,0.92,3,1.0
210,6,227,1093,121,112,0.70,2,1.0
211,2,136,1079,108,110,0.46,1,1.0
211,5,181,1013,126,105,0.78,2,1.0
211,9,489,1331,96,90,0.79,2,1.0
211,19,458,1301,70,74,0.92,3,1.0
211,6,223,1094,121,112,0.63,2,1.0
212,2,132,1081,106,108,0.43,1,1.0
212,5,177,1017,124,101,0.74,2,1.0
212,9,486,1332,94,89,0.78,2,1.0
212,19,456,1303,68,73,0.91,3,1.0
212,6,218,1095,122,113,0.57,2,1.0
213,2,129,1081,107,110,0.40,1,1.0
213,5,174,1018,124,101,0.70,2,1.0
213,9,483,1331,94,91,0.78,2,1.0
213,19,456,1303,68,73,0.91,3,1.0
213,6,215,1095,124,114,0.47,2,1.0
214,2,127,1081,108,111,0.38,2,1.0
214,5,172,1019,123,101,0.65,2,1.0
214,9,481,1331,94,91,0.78,2,1.0
214,6,212,1095,126,115,0.38,2,1.0
214,21,634,219,178,159,0.71,3,1.0
215,2,127,1081,108,111,0.38,2,1.0
215,5,172,1019,123,100,0.65,2,1.0
215,9,481,1331,94,91,0.78,2,1.0
215,6,212,1095,126,115,0.38,2,1.0
215,21,634,219,178,159,0.71,3,1.0
216,2,127,1081,108,111,0.39,2,1.0
216,5,172,1019,123,100,0.64,2,1.0
216,9,481,1331,94,91,0.78,2,1.0
216,6,212,1095,126,115,0.38,2,1.0
216,21,634,219,178,159,0.71,3,1.0
217,2,127,1081,108,111,0.39,2,1.0
217,5,172,1019,123,100,0.64,2,1.0
217,9,481,1331,94,91,0.78,2,1.0
217,6,212,1095,126,115,0.38,2,1.0
217,21,634,219,178,159,0.71,3,1.0
218,2,118,1081,111,111,0.44,2,1.0
218,5,163,1019,123,101,0.69,2,1.0
218,9,481,1331,94,91,0.78,2,1.0
218,6,203,1094,126,116,0.47,2,1.0
218,21,618,217,180,160,0.75,3,1.0
219,2,110,1082,113,111,0.50,2,1.0
219,5,154,1019,122,102,0.74,2,1.0
219,9,481,1331,94,91,0.78,2,1.0
219,6,194,1094,126,117,0.57,2,1.0
219,21,602,215,181,162,0.80,3,1.0
220,2,100,1084,114,111,0.55,2,1.0
220,5,143,1019,123,104,0.77,2,1.0
220,9,481,1331,94,91,0.78,2,1.0
220,6,182,1095,125,118,0.64,2,1.0
220,21,583,213,182,163,0.85,3,1.0
220,19,409,1316,56,71,0.84,3,1.0
221,2,89,1085,115,112,0.61,2,1.0
221,5,132,1019,123,105,0.81,2,1.0
221,9,481,1331,94,91,0.78,2,1.0
221,6,170,1096,124,119,0.72,2,1.0
221,21,563,210,184,166,0.89,3,1.0
221,19,409,1316,56,71,0.85,3,1.0
222,2,78,1087,115,112,0.69,2,1.0
222,5,120,1019,122,107,0.87,2,1.0
222,6,157,1096,123,120,0.76,1,1.0
222,21,541,208,185,167,0.94,3,1.0
222,19,409,1316,56,71,0.85,3,1.0
222,22,530,316,150,114,0.80,3,1.0
223,2,74,1088,113,114,0.72,2,1.0
223,5,116,1019,123,108,0.87,2,1.0
223,6,153,1096,122,121,0.70,1,1.0
223,21,534,207,186,168,0.94,3,1.0
223,19,409,1316,56,71,0.85,3,1.0
223,22,530,316,150,114,0.81,3,1.0
224,2,69,1089,113,114,0.73,2,1.0
224,5,110,1019,123,110,0.87,2,1.0
224,6,147,1096,122,123,0.65,1,1.0
224,21,524,206,187,169,0.93,3,1.0
224,19,409,1316,56,71,0.85,3,1.0
224,22,525,316,151,114,0.82,3,1.0
224,23,512,1161,76,74,0.62,2,1.0
225,2,66,1090,114,114,0.74,2,1.0
225,5,107,1020,122,109,0.88,2,1.0
225,6,145,1095,122,125,0.62,1,1.0
225,21,518,206,187,169,0.93,3,1.0
225,19,409,1316,57,71,0.86,3,1.0
225,22,522,315,152,115,0.83,3,1.0
225,23,512,1161,76,74,0.62,2,1.0
226,2,62,1090,114,115,0.70,2,1.0
226,5,102,1021,121,108,0.90,2,1.0
226,6,143,1094,122,126,0.59,1,1.0
226,21,509,206,186,169,0.94,3,1.0
226,22,518,317,152,113,0.84,3,1.0
226,23,510,1161,75,75,0.63,2,1.0
227,2,59,1090,115,116,0.65,2,1.0
227,5,99,1022,120,107,0.89,2,1.0
227,6,142,1093,123,127,0.58,1,1.0
227,21,503,207,186,168,0.94,3,1.0
227,22,512,319,152,111,0.85,3,1.0
227,23,509,1162,74,74,0.63,2,1.0
228,2,55,1092,114,115,0.58,2,1.0
228,5,95,1024,119,106,0.90,2,1.0
228,6,133,1098,122,124,0.67,1,1.0
228,21,494,208,186,167,0.93,3,1.0
228,22,504,320,153,110,0.85,3,1.0
228,23,506,1162,75,75,0.64,2,1.0
228,24,60,1217,57,50,0.54,3,1.0
229,2,51,1093,113,116,0.53,2,1.0
229,5,92,1026,118,106,0.90,2,1.0
229,6,126,1104,121,119,0.76,1,1.0
229,21,488,209,186,167,0.93,3,1.0
229,22,498,321,155,110,0.85,3,1.0
229,23,503,1162,75,77,0.66,2,1.0
229,24,60,1217,57,50,0.54,3,1.0
230,2,47,1094,111,116,0.51,1,1.0
230,5,88,1027,117,106,0.92,1,1.0
230,6,117,1113,118,112,0.86,1,1.0
230,21,479,209,188,169,0.93,3,1.0
230,22,491,323,156,109,0.85,3,1.0
230,23,498,1163,77,78,0.70,2,1.0
230,24,58,1218,58,50,0.59,3,1.0
231,2,44,1096,111,115,0.53,1,1.0
231,5,85,1028,117,106,0.93,1,1.0
231,6,116,1114,116,111,0.87,1,1.0
231,21,473,208,190,171,0.93,3,1.0
231,22,486,323,158,110,0.86,3,1.0
231,23,494,1164,79,79,0.73,2,1.0
231,24,56,1219,59,50,0.62,3,1.0
232,2,41,1098,109,113,0.52,2,1.0
232,5,81,1029,117,107,0.94,1,1.0
232,6,115,1114,116,112,0.81,1,1.0
232,21,465,209,191,171,0.93,3,1.0
232,22,481,323,158,111,0.85,3,1.0
232,23,488,1165,82,81,0.77,2,1.0
232,24,56,1219,59,50,0.62,3,1.0
233,2,38,1099,111,111,0.52,2,1.0
233,5,79,1029,116,108,0.94,1,1.0
233,6,113,1115,115,112,0.76,1,1.0
233,21,461,209,191,171,0.94,3,1.0
233,22,477,324,158,110,0.85,3,1.0
233,23,484,1166,83,81,0.79,2,1.0
233,24,55,1219,59,50,0.65,3,1.0
234,2,35,1100,108,109,0.54,2,1.0
234,5,75,1030,115,108,0.93,1,1.0
234,6,109,1117,114,111,0.70,1,1.0
234,21,453,209,192,172,0.94,3,1.0
234,22,471,325,157,110,0.86,3,1.0
234,23,479,1167,85,83,0.80,2,1.0
234,24,52,1221,60,50,0.71,3,1.0
235,2,33,1102,103,107,0.53,2,1.0
235,5,72,1031,113,108,0.91,1,1.0
235,6,105,1117,115,112,0.63,1,1.0
235,21,449,209,191,172,0.94,3,1.0
235,22,467,326,156,110,0.86,3,1.0
235,23,475,1167,86,85,0.79,2,1.0
235,24,52,1221,60,50,0.71,3,1.0
236,2,29,1103,102,107,0.54,1,1.0
236,5,67,1032,111,109,0.81,1,1.0
236,6,100,1118,108,110,0.57,2,1.0
236,21,441,210,190,172,0.94,3,1.0
236,22,460,327,155,109,0.85,3,1.0
236,23,467,1167,90,87,0.78,2,1.0
236,26,481,1322,60,66,0.92,3,1.0
236,25,910,1150,49,58,0.75,6,1.0
237,2,27,1103,100,109,0.57,1,1.0
237,5,64,1034,108,108,0.72,1,1.0
237,6,96,1121,101,106,0.58,2,1.0
237,21,435,211,190,173,0.94,3,1.0
237,22,455,328,155,109,0.85,3,1.0
237,23,461,1167,93,88,0.77,2,1.0
237,26,481,1322,60,66,0.92,3,1.0
237,25,910,1150,49,58,0.75,6,1.0
238,2,25,1104,98,108,0.59,1,1.0
238,5,61,1034,106,108,0.67,1,1.0
238,6,93,1123,96,104,0.58,2,1.0
238,21,424,212,191,173,0.93,3,1.0
238,22,446,329,154,110,0.86,3,1.0
238,23,456,1167,93,89,0.76,2,1.0
238,26,479,1323,60,65,0.90,3,1.0
238,25,907,1150,50,58,0.66,6,1.0
239,2,24,1103,100,111,0.60,1,1.0
239,5,60,1035,104,108,0.61,1,1.0
239,6,91,1124,91,102,0.58,2,1.0
239,21,416,212,191,174,0.93,3,1.0
239,22,439,329,155,110,0.86,3,1.0
239,23,452,1168,94,89,0.76,2,1.0
239,26,478,1323,60,65,0.89,3,1.0
239,25,906,1151,50,56,0.63,6,1.0
240,2,15,1103,107,117,0.64,1,1.0
240,5,57,1038,103,107,0.49,2,1.0
240,6,89,1126,78,97,0.60,2,1.0
240,21,403,213,193,174,0.93,3,1.0
240,22,429,328,156,113,0.86,3,1.0
240,23,445,1170,95,88,0.77,2,1.0
240,26,476,1323,59,65,0.90,3,1.0
240,25,906,1151,50,56,0.63,6,1.0
240,27,942,181,135,124,0.81,3,1.0
241,2,8,1104,110,121,0.66,1,1.0
241,5,57,1038,103,106,0.50,2,1.0
241,6,89,1126,78,97,0.61,2,1.0
241,21,394,214,194,174,0.93,3,1.0
241,22,422,328,156,114,0.86,3,1.0
241,23,442,1171,94,88,0.78,2,1.0
241,26,473,1324,59,64,0.90,3,1.0
241,25,904,1151,51,56,0.58,6,1.0
241,27,941,180,136,125,0.81,3,1.0
242,2,0,1104,114,126,0.67,2,1.0
242,5,39,1030,135,119,0.90,1,1.0
242,21,381,215,194,174,0.93,3,1.0
242,22,410,326,158,117,0.86,3,1.0
242,23,437,1173,92,89,0.79,2,1.0
242,26,468,1325,59,64,0.87,3,1.0
242,25,902,1152,50,55,0.51,6,1.0
242,27,937,187,131,119,0.74,3,1.0
243,2,0,1104,114,126,0.67,2,1.0
243,5,39,1030,135,119,0.90,1,1.0
243,21,372,215,193,175,0.93,3,1.0
243,22,402,324,160,120,0.86,3,1.0
243,23,432,1174,92,90,0.80,2,1.0
243,26,464,1326,59,64,0.86,3,1.0
243,25,902,1152,50,55,0.53,6,1.0
243,27,936,191,128,115,0.72,3,1.0
244,2,0,1104,114,126,0.67,2,1.0
244,5,31,1032,128,117,0.90,1,1.0
244,21,358,216,194,174,0.94,3,1.0
244,22,390,320,163,126,0.85,3,1.0
244,23,426,1176,91,90,0.80,2,1.0
244,26,458,1328,60,63,0.86,3,1.0
244,27,936,191,128,115,0.72,3,1.0
245,2,0,1104,114,126,0.68,2,1.0
245,5,27,1033,125,116,0.90,1,1.0
245,21,349,217,194,173,0.93,3,1.0
245,22,380,318,167,129,0.84,3,1.0
245,23,423,1176,90,91,0.78,2,1.0
245,26,454,1329,61,63,0.85,3,1.0
245,27,934,194,126,112,0.68,3,1.0
246,5,23,1034,121,115,0.88,1,1.0
246,21,335,217,195,174,0.93,3,1.0
246,22,367,313,172,134,0.83,3,1.0
246,23,415,1177,92,92,0.79,2,1.0
246,26,452,1330,61,63,0.84,3,1.0
246,27,930,202,121,105,0.62,3,1.0
247,5,17,1036,114,113,0.86,1,1.0
247,21,325,218,196,173,0.93,3,1.0
247,22,358,311,176,137,0.81,3,1.0
247,23,410,1177,93,93,0.79,2,1.0
247,26,450,1330,61,64,0.85,3,1.0
247,27,930,202,121,105,0.63,3,1.0
248,5,11,1037,109,112,0.85,1,1.0
248,21,311,217,198,174,0.93,3,1.0
248,22,346,310,176,138,0.79,3,1.0
248,23,405,1177,91,94,0.79,2,1.0
248,26,447,1330,62,65,0.88,3,1.0
249,5,10,1038,107,111,0.82,1,1.0
249,21,303,217,197,174,0.94,3,1.0
249,22,340,309,173,139,0.77,3,1.0
249,23,400,1177,91,94,0.80,2,1.0
249,26,447,1330,62,65,0.89,3,1.0
250,5,7,1039,103,111,0.78,1,1.0
250,21,288,216,198,175,0.94,3,1.0
250,22,328,308,172,139,0.79,3,1.0
250,23,394,1177,90,95,0.80,2,1.0
251,5,7,1039,103,111,0.78,1,1.0
251,21,278,216,198,175,0.94,3,1.0
251,22,321,309,169,138,0.80,3,1.0
251,23,391,1178,88,93,0.77,2,1.0
252,21,263,216,197,175,0.94,3,1.0
252,22,309,305,169,142,0.81,3,1.0
252,23,385,1178,86,93,0.76,2,1.0
253,21,252,215,198,175,0.93,3,1.0
253,22,298,299,175,148,0.82,3,1.0
253,23,380,1178,86,93,0.75,2,1.0
254,21,237,214,197,176,0.93,3,1.0
254,22,283,294,180,152,0.83,3,1.0
254,23,372,1177,87,94,0.75,2,1.0
254,28,945,959,135,132,0.90,3,1.0
255,21,227,214,197,175,0.93,3,1.0
255,22,272,290,186,154,0.82,3,1.0
255,23,366,1176,88,94,0.77,2,1.0
255,28,945,959,135,132,0.90,3,1.0
256,21,212,212,196,175,0.93,3,1.0
256,22,258,286,187,156,0.81,3,1.0
256,23,359,1175,87,94,0.80,2,1.0
256,28,940,954,140,136,0.90,3,1.0
256,29,676,1398,86,71,0.83,3,1.0
257,21,202,210,196,175,0.94,3,1.0
257,22,249,285,185,155,0.82,3,1.0
257,23,354,1175,87,94,0.82,2,1.0
257,28,938,952,142,138,0.90,3,1.0
257,29,676,1398,86,71,0.83,3,1.0
258,21,186,207,198,175,0.94,3,1.0
258,22,237,282,181,156,0.83,3,1.0
258,23,346,1172,87,96,0.84,2,1.0
258,28,934,951,143,137,0.90,3,1.0
258,29,672,1397,89,72,0.84,3,1.0
259,21,176,204,198,175,0.95,3,1.0
259,22,229,279,177,157,0.83,3,1.0
259,23,341,1171,87,96,0.85,2,1.0
259,28,929,948,145,139,0.91,3,1.0
259,29,671,1396,89,72,0.85,3,1.0
260,21,162,201,198,172,0.95,3,1.0
260,22,219,282,170,150,0.84,3,1.0
260,23,334,1169,86,95,0.86,2,1.0
260,28,923,945,142,138,0.91,3,1.0
260,29,669,1396,88,69,0.78,3,1.0
260,30,312,1366,70,77,0.61,3,1.0
261,21,154,198,198,170,0.95,3,1.0
261,22,213,284,165,145,0.84,3,1.0
261,23,329,1167,86,96,0.87,2,1.0
261,28,919,945,137,135,0.91,3,1.0
261,29,667,1395,87,67,0.72,3,1.0
261,30,313,1366,69,77,0.60,3,1.0
262,21,141,192,199,171,0.95,3,1.0
262,22,204,282,160,142,0.84,3,1.0
262,23,323,1165,86,95,0.86,2,1.0
262,28,913,942,132,133,0.90,3,1.0
262,29,665,1394,87,67,0.69,3,1.0
262,30,308,1365,72,78,0.56,3,1.0
262,31,793,451,108,112,0.63,3,1.0
263,21,133,187,199,172,0.95,3,1.0
263,22,198,280,156,139,0.83,3,1.0
263,23,320,1164,85,94,0.85,2,1.0
263,28,909,941,127,131,0.89,3,1.0
263,29,665,1394,85,64,0.64,3,1.0
263,30,306,1364,74,79,0.54,3,1.0
263,31,791,451,110,112,0.61,3,1.0
264,21,121,180,200,173,0.95,3,1.0
264,22,189,281,152,132,0.83,3,1.0
264,23,315,1161,84,94,0.86,2,1.0
264,28,904,938,119,130,0.87,3,1.0
264,29,658,1391,85,67,0.61,3,1.0
264,30,303,1362,75,80,0.53,3,1.0
264,31,782,451,114,107,0.67,3,1.0
264,32,774,167,125,105,0.89,3,1.0
265,21,113,174,201,176,0.95,3,1.0
265,22,184,275,151,135,0.82,3,1.0
265,23,311,1159,85,93,0.86,2,1.0
265,28,900,935,117,130,0.85,3,1.0
265,29,652,1389,87,74,0.69,3,1.0
265,30,298,1360,78,82,0.51,3,1.0
265,31,777,451,116,104,0.70,3,1.0
265,32,774,167,125,105,0.89,3,1.0
266,21,101,166,203,180,0.94,3,1.0
266,22,175,266,151,141,0.83,3,1.0
266,23,305,1156,86,95,0.84,2,1.0
266,28,894,932,122,131,0.83,3,1.0
266,29,643,1385,91,79,0.75,3,1.0
266,30,294,1359,81,83,0.49,3,1.0
266,31,772,448,119,107,0.70,3,1.0
266,32,774,167,125,105,0.89,3,1.0
267,21,94,163,203,181,0.94,3,1.0
267,22,169,262,150,143,0.84,3,1.0
267,23,301,1153,87,96,0.84,2,1.0
267,28,890,931,128,131,0.82,3,1.0
267,29,642,1384,91,77,0.75,3,1.0
267,30,292,1358,82,84,0.50,3,1.0
267,31,763,446,124,107,0.72,3,1.0
267,32,771,171,109,99,0.81,3,1.0
268,21,82,160,204,181,0.94,3,1.0
268,22,158,263,151,140,0.85,3,1.0
268,23,295,1151,87,96,0.83,2,1.0
268,28,884,929,133,131,0.83,3,1.0
268,29,639,1383,91,76,0.75,3,1.0
268,30,280,1353,87,86,0.53,2,1.0
268,31,757,445,126,106,0.75,3,1.0
268,32,771,171,109,99,0.81,3,1.0
269,21,75,159,203,181,0.94,3,1.0
269,22,150,261,153,141,0.86,3,1.0
269,23,290,1149,88,97,0.81,2,1.0
269,28,879,928,140,131,0.85,3,1.0
269,29,636,1381,91,75,0.75,3,1.0
269,30,272,1350,90,87,0.56,2,1.0
269,31,755,443,127,109,0.74,3,1.0
269,32,769,173,101,97,0.77,3,1.0
270,21,62,158,205,181,0.94,3,1.0
270,22,141,261,152,140,0.87,3,1.0
270,23,283,1147,89,98,0.79,2,1.0
270,28,872,925,147,133,0.87,3,1.0
270,29,631,1379,92,73,0.75,3,1.0
270,30,261,1348,91,87,0.58,3,1.0
270,31,750,440,131,115,0.70,3,1.0
270,32,764,179,77,89,0.66,3,1.0
271,21,54,158,206,180,0.94,3,1.0
271,22,134,266,151,134,0.85,3,1.0
271,23,278,1146,90,98,0.80,2,1.0
271,28,867,923,146,134,0.89,3,1.0
271,29,627,1378,92,73,0.75,3,1.0
271,30,259,1348,91,87,0.57,3,1.0
271,31,751,440,130,115,0.70,3,1.0
271,32,764,179,77,89,0.66,3,1.0
272,21,41,157,206,181,0.94,3,1.0
272,22,122,267,151,132,0.84,3,1.0
272,23,272,1144,89,98,0.82,2,1.0
272,28,859,922,145,133,0.91,3,1.0
272,29,622,1377,90,72,0.75,3,1.0
272,30,254,1345,94,90,0.56,3,1.0
273,21,32,157,208,181,0.94,3,1.0
273,22,116,266,149,132,0.83,3,1.0
273,23,267,1143,88,97,0.83,2,1.0
273,28,854,921,144,133,0.91,3,1.0
273,29,618,1376,90,71,0.75,3,1.0
273,30,248,1342,97,93,0.55,3,1.0
274,21,20,157,208,182,0.94,3,1.0
274,22,105,269,148,128,0.82,3,1.0
274,23,259,1142,88,96,0.84,2,1.0
274,28,848,917,142,136,0.90,3,1.0
274,29,612,1374,91,72,0.72,3,1.0
274,30,244,1341,98,93,0.54,3,1.0
274,33,176,1124,65,63,0.62,3,1.0
275,21,13,157,206,183,0.93,3,1.0
275,22,96,269,150,128,0.82,3,1.0
275,23,254,1142,86,94,0.83,2,1.0
275,28,845,915,140,137,0.89,3,1.0
275,29,608,1373,92,73,0.69,3,1.0
275,30,241,1338,100,96,0.53,3,1.0
275,33,176,1124,65,63,0.62,3,1.0
276,21,6,158,201,182,0.93,3,1.0
276,22,83,269,152,128,0.82,3,1.0
276,23,248,1141,83,93,0.85,2,1.0
276,28,838,910,138,141,0.89,3,1.0
276,29,602,1372,92,72,0.71,3,1.0
276,30,235,1333,105,101,0.52,3,1.0
276,33,173,1123,64,62,0.58,3,1.0
277,21,3,160,196,180,0.93,3,1.0
277,22,75,273,153,124,0.82,3,1.0
277,23,244,1141,81,92,0.85,2,1.0
277,28,832,905,139,145,0.89,3,1.0
277,29,598,1371,93,72,0.73,3,1.0
277,30,235,1332,106,102,0.51,3,1.0
277,33,172,1123,63,61,0.55,3,1.0
278,21,0,161,187,180,0.92,3,1.0
278,22,65,278,153,119,0.83,3,1.0
278,23,239,1140,77,92,0.84,2,1.0
278,28,824,903,139,147,0.89,3,1.0
278,29,593,1370,94,74,0.71,3,1.0
278,33,168,1122,64,62,0.54,3,1.0
279,21,0,161,178,179,0.92,3,1.0
279,22,58,278,155,119,0.84,3,1.0
279,23,236,1140,74,91,0.84,2,1.0
279,28,817,902,141,147,0.90,3,1.0
279,29,590,1370,93,73,0.72,3,1.0
279,33,164,1122,64,61,0.52,3,1.0
280,21,0,160,167,179,0.78,3,1.0
280,22,48,281,155,116,0.78,3,1.0
280,23,234,1139,72,91,0.85,2,1.0
280,28,807,903,144,146,0.91,3,1.0
280,29,587,1369,90,72,0.69,3,1.0
280,33,158,1121,64,61,0.50,3,1.0
280,32,603,165,75,74,0.96,3,1.0
280,34,642,446,121,128,0.85,3,1.0
281,21,0,159,164,180,0.74,3,1.0
281,22,42,284,154,112,0.72,3,1.0
281,23,232,1140,72,90,0.84,2,1.0
281,28,803,906,144,142,0.91,3,1.0
281,29,585,1369,88,72,0.60,3,1.0
281,33,154,1121,65,60,0.50,3,1.0
281,32,603,165,75,74,0.96,3,1.0
281,34,642,446,121,128,0.86,3,1.0
282,21,0,158,157,181,0.68,3,1.0
282,22,38,286,153,110,0.69,3,1.0
282,23,230,1140,70,89,0.81,2,1.0
282,28,797,909,143,139,0.92,3,1.0
282,29,582,1370,86,69,0.54,3,1.0
282,33,148,1121,65,60,0.47,3,1.0
282,32,599,165,75,75,0.96,3,1.0
282,34,638,446,117,121,0.83,3,1.0
282,35,641,164,122,107,0.91,3,1.0
283,21,0,157,155,181,0.58,3,1.0
283,22,36,288,151,107,0.63,3,1.0
283,23,230,1140,70,89,0.81,2,1.0
283,28,794,910,143,138,0.92,3,1.0
283,29,579,1370,86,67,0.52,3,1.0
283,33,144,1121,65,60,0.43,3,1.0
283,32,597,165,75,75,0.96,3,1.0
283,34,635,446,116,118,0.81,3,1.0
283,35,641,164,122,107,0.91,3,1.0
284,21,0,153,148,181,0.25,3,1.0
284,22,31,291,149,104,0.51,3,1.0
284,28,788,911,143,136,0.92,3,1.0
284,29,575,1371,85,66,0.48,3,1.0
284,33,141,1121,65,60,0.40,3,1.0
284,32,593,166,75,74,0.96,3,1.0
284,34,635,446,116,118,0.81,3,1.0
284,35,638,165,121,106,0.91,3,1.0
285,22,31,289,149,106,0.50,3,1.0
285,28,784,911,142,137,0.93,3,1.0
285,29,572,1371,85,66,0.49,3,1.0
285,33,139,1121,65,60,0.36,3,1.0
285,32,588,166,74,74,0.95,3,1.0
285,34,633,446,114,114,0.79,3,1.0
285,35,636,165,121,106,0.91,3,1.0
286,28,779,913,140,135,0.93,3,1.0
286,29,566,1372,86,66,0.50,3,1.0
286,33,128,1121,64,61,0.38,3,1.0
286,32,580,167,74,73,0.94,3,1.0
286,34,629,447,110,106,0.76,3,1.0
286,35,632,166,120,105,0.90,3,1.0
286,36,91,879,81,85,0.62,1,1.0
287,28,774,914,140,133,0.93,3,1.0
287,29,562,1373,86,67,0.48,3,1.0
287,33,120,1121,64,61,0.46,3,1.0
287,32,575,167,73,74,0.94,3,1.0
287,34,629,447,110,106,0.75,3,1.0
287,35,627,166,119,105,0.88,3,1.0
287,36,91,879,81,85,0.64,1,1.0
288,28,767,916,139,132,0.93,3,1.0
288,29,558,1373,87,68,0.46,3,1.0
288,33,112,1121,63,61,0.54,3,1.0
288,32,566,168,73,73,0.94,3,1.0
288,35,620,167,117,105,0.87,3,1.0
288,36,91,879,81,85,0.64,1,1.0
289,28,763,917,138,131,0.93,3,1.0
289,29,556,1374,88,67,0.45,3,1.0
289,33,112,1121,63,61,0.54,3,1.0
289,32,560,168,73,74,0.94,3,1.0
289,35,614,168,117,104,0.86,3,1.0
289,36,91,879,81,85,0.64,1,1.0
290,28,756,919,137,129,0.93,3,1.0
290,29,553,1375,87,66,0.46,3,1.0
290,33,112,1121,63,61,0.54,3,1.0
290,32,551,168,73,74,0.94,3,1.0
290,35,605,168,116,104,0.84,3,1.0
290,36,91,879,81,85,0.64,1,1.0
291,28,751,920,137,129,0.93,3,1.0
291,29,553,1375,87,66,0.47,3,1.0
291,33,112,1121,63,61,0.54,3,1.0
291,32,545,168,73,74,0.94,3,1.0
291,35,599,168,116,105,0.84,3,1.0
291,36,91,879,81,85,0.65,1,1.0
292,28,743,921,138,129,0.93,3,1.0
292,32,535,168,74,74,0.94,3,1.0
292,35,592,169,114,101,0.82,3,1.0
293,28,738,921,138,129,0.92,3,1.0
293,32,529,168,74,75,0.94,3,1.0
293,35,588,169,111,98,0.79,3,1.0
294,28,730,919,138,131,0.92,3,1.0
294,32,519,168,74,75,0.94,3,1.0
294,35,580,169,108,94,0.77,3,1.0
294,38,232,1309,75,73,0.89,3,1.0
294,37,585,1409,102,91,0.86,3,1.0
295,28,725,917,138,134,0.92,3,1.0
295,32,513,169,73,74,0.94,3,1.0
295,35,575,169,106,90,0.76,3,1.0
295,38,232,1309,75,73,0.89,3,1.0
295,37,586,1409,101,90,0.86,3,1.0
296,28,716,916,138,135,0.91,3,1.0
296,32,503,170,72,73,0.83,3,1.0
296,35,569,170,102,84,0.70,3,1.0
296,38,229,1309,76,74,0.89,3,1.0
296,37,584,1408,99,90,0.84,3,1.0
297,28,711,916,138,135,0.91,3,1.0
297,32,496,171,72,71,0.72,3,1.0
297,35,564,171,100,81,0.67,3,1.0
297,38,228,1309,76,75,0.89,3,1.0
297,37,583,1408,99,89,0.83,3,1.0
298,28,702,914,139,137,0.90,3,1.0
298,32,492,171,71,71,0.67,3,1.0
298,35,554,172,99,78,0.69,3,1.0
298,38,225,1309,75,73,0.88,3,1.0
298,37,581,1408,97,90,0.80,3,1.0
299,28,697,913,139,138,0.90,3,1.0
299,32,484,173,70,69,0.54,3,1.0
299,35,549,173,97,76,0.70,3,1.0
299,38,222,1310,73,71,0.88,3,1.0
299,37,578,1408,96,89,0.77,3,1.0
300,28,689,914,139,137,0.88,3,1.0
300,32,479,174,70,68,0.40,3,1.0
300,35,539,174,97,75,0.68,3,1.0
300,38,216,1310,73,72,0.87,3,1.0
300,37,573,1408,95,90,0.73,3,1.0
300,34,487,455,113,95,0.71,3,1.0
301,28,684,915,139,136,0.89,3,1.0
301,32,477,174,69,69,0.41,3,1.0
301,35,531,175,99,76,0.70,3,1.0
301,38,212,1311,73,71,0.87,3,1.0
301,37,570,1409,93,89,0.72,3,1.0
301,34,487,455,112,95,0.73,3,1.0
302,28,677,915,139,137,0.89,3,1.0
302,32,455,177,69,70,0.50,3,1.0
302,35,519,176,102,79,0.76,3,1.0
302,38,206,1311,73,69,0.86,3,1.0
302,37,560,1409,98,92,0.72,3,1.0
302,34,483,456,110,94,0.77,3,1.0
303,28,671,918,140,134,0.90,3,1.0
303,32,450,178,70,69,0.52,3,1.0
303,35,513,176,103,83,0.78,3,1.0
303,38,203,1312,73,69,0.86,3,1.0
303,37,553,1408,101,95,0.73,3,1.0
303,34,481,457,110,93,0.78,3,1.0
304,28,664,921,139,132,0.90,3,1.0
304,32,435,181,71,69,0.67,3,1.0
304,35,506,178,102,86,0.76,3,1.0
304,38,197,1313,74,69,0.86,3,1.0
304,37,545,1409,103,95,0.75,3,1.0
304,34,475,458,111,93,0.80,3,1.0
305,28,659,922,139,131,0.92,3,1.0
305,32,433,181,71,69,0.72,3,1.0
305,35,503,179,100,89,0.76,3,1.0
305,38,194,1314,72,65,0.87,3,1.0
305,37,539,1409,105,96,0.77,3,1.0
305,34,469,459,111,92,0.84,3,1.0
306,28,652,923,139,131,0.92,3,1.0
306,32,429,182,71,69,0.74,3,1.0
306,35,496,181,100,93,0.80,3,1.0
306,38,190,1314,70,65,0.85,3,1.0
306,37,530,1410,109,97,0.72,3,1.0
306,34,459,460,112,94,0.86,3,1.0
307,28,648,924,138,130,0.92,3,1.0
307,32,423,184,72,69,0.80,3,1.0
307,35,493,183,98,94,0.79,3,1.0
307,38,187,1315,69,65,0.86,3,1.0
307,37,527,1411,108,96,0.65,3,1.0
307,34,452,460,114,96,0.88,3,1.0
308,28,641,924,137,130,0.92,3,1.0
308,32,414,186,73,70,0.86,3,1.0
308,35,487,185,97,96,0.80,3,1.0
308,38,181,1315,71,68,0.85,3,1.0
308,37,521,1412,108,98,0.63,3,1.0
308,34,443,461,114,97,0.89,3,1.0
309,28,637,923,137,132,0.93,3,1.0
309,32,409,187,73,71,0.87,3,1.0
309,35,480,187,99,96,0.83,3,1.0
309,38,177,1316,74,70,0.85,3,1.0
309,37,514,1412,111,103,0.63,3,1.0
309,34,437,462,115,97,0.89,3,1.0
310,28,630,922,137,134,0.92,3,1.0
310,32,401,189,73,71,0.88,3,1.0
310,35,470,189,102,97,0.88,3,1.0
310,38,173,1316,75,74,0.83,3,1.0
310,37,499,1412,121,109,0.62,3,1.0
310,34,429,462,116,100,0.90,3,1.0
311,28,626,921,137,135,0.92,3,1.0
311,32,396,190,73,70,0.88,3,1.0
311,35,463,190,104,97,0.90,3,1.0
311,38,169,1317,78,75,0.83,3,1.0
311,37,486,1412,131,114,0.69,3,1.0
311,34,423,462,117,100,0.90,3,1.0
312,28,619,919,138,139,0.92,3,1.0
312,32,389,191,72,70,0.90,3,1.0
312,35,451,191,109,99,0.92,3,1.0
312,38,164,1317,81,77,0.83,3,1.0
312,37,467,1409,145,125,0.72,3,1.0
312,34,414,463,119,100,0.90,3,1.0
312,39,52,1336,105,112,0.83,2,1.0
312,40,534,1123,64,70,0.63,3,1.0
313,28,615,920,138,139,0.91,3,1.0
313,32,384,191,72,69,0.90,3,1.0
313,35,443,191,113,101,0.93,3,1.0
313,38,160,1317,82,77,0.84,3,1.0
313,37,451,1405,159,133,0.70,3,1.0
313,34,408,462,121,101,0.90,3,1.0
313,39,52,1335,105,113,0.83,2,1.0
313,40,534,1123,64,70,0.63,3,1.0
313,41,503,1416,98,97,0.44,3,1.0
314,28,608,920,139,140,0.91,3,1.0
314,32,377,192,71,66,0.92,3,1.0
314,35,434,191,114,103,0.93,3,1.0
314,38,156,1318,82,77,0.85,3,1.0
314,37,442,1405,163,132,0.61,3,1.0
314,34,399,463,122,102,0.89,3,1.0
314,39,45,1329,112,120,0.81,2,1.0
314,40,532,1124,63,69,0.56,3,1.0
314,41,507,1420,90,92,0.51,3,1.0
314,42,33,1155,81,98,0.77,2,1.0
315,28,604,920,140,141,0.91,3,1.0
315,32,373,192,70,64,0.93,3,1.0
315,35,428,191,116,104,0.93,3,1.0
315,38,152,1318,82,78,0.86,3,1.0
315,37,443,1406,158,128,0.52,3,1.0
315,34,392,463,123,102,0.89,3,1.0
315,39,41,1326,116,123,0.79,2,1.0
315,40,530,1124,63,68,0.53,3,1.0
315,41,508,1421,87,91,0.54,3,1.0
315,42,33,1155,81,98,0.77,2,1.0
316,28,598,920,139,141,0.90,3,1.0
316,32,365,193,71,64,0.92,3,1.0
316,35,419,192,117,105,0.92,3,1.0
316,38,147,1319,82,77,0.87,3,1.0
316,37,440,1405,159,129,0.46,3,1.0
316,34,383,464,123,102,0.88,3,1.0
316,39,37,1330,116,120,0.79,2,1.0
316,40,527,1123,64,70,0.54,3,1.0
316,41,508,1421,87,91,0.54,3,1.0
316,42,33,1155,81,98,0.77,2,1.0
317,28,594,921,139,139,0.89,3,1.0
317,32,361,194,70,64,0.91,3,1.0
317,35,415,192,116,105,0.92,3,1.0
317,38,144,1319,82,78,0.86,3,1.0
317,37,439,1408,155,127,0.43,3,1.0
317,34,378,466,122,102,0.88,3,1.0
317,39,30,1331,120,119,0.79,2,1.0
317,40,523,1122,65,72,0.53,3,1.0
317,41,507,1421,85,91,0.50,3,1.0
317,42,33,1155,81,98,0.77,2,1.0
318,28,588,922,137,138,0.90,3,1.0
318,32,353,195,71,65,0.91,3,1.0
318,35,408,193,116,105,0.92,3,1.0
318,38,140,1320,81,78,0.79,3,1.0
318,37,443,1413,148,118,0.37,3,1.0
318,34,370,467,122,103,0.88,3,1.0
318,39,23,1331,123,120,0.77,2,1.0
318,40,518,1122,65,72,0.49,3,1.0
318,41,500,1420,86,93,0.48,3,1.0
318,42,33,1155,81,98,0.77,2,1.0
319,28,583,923,137,137,0.90,3,1.0
319,32,348,195,72,68,0.91,3,1.0
319,35,404,194,116,104,0.92,3,1.0
319,38,137,1321,77,74,0.77,3,1.0
319,37,440,1411,150,124,0.39,3,1.0
319,34,365,467,121,104,0.88,3,1.0
319,39,20,1333,122,118,0.76,2,1.0
319,40,514,1122,66,72,0.49,3,1.0
319,41,490,1417,93,97,0.42,3,1.0
319,42,33,1154,81,99,0.77,2,1.0
320,28,577,924,135,134,0.89,3,1.0
320,32,340,196,73,72,0.90,3,1.0
320,35,397,195,115,104,0.92,3,1.0
320,38,133,1322,74,71,0.73,3,1.0
320,37,420,1407,166,140,0.49,3,1.0
320,34,358,468,120,105,0.89,3,1.0
320,39,15,1336,120,115,0.73,2,1.0
320,40,509,1122,65,72,0.52,3,1.0
320,41,485,1418,90,97,0.43,3,1.0
321,28,573,926,134,131,0.88,3,1.0
321,32,335,197,73,71,0.91,3,1.0
321,35,392,196,115,102,0.92,3,1.0
321,38,129,1322,72,68,0.70,3,1.0
321,37,420,1407,166,140,0.49,3,1.0
321,34,353,469,120,104,0.89,3,1.0
321,39,12,1335,120,116,0.70,2,1.0
321,40,506,1124,64,70,0.51,3,1.0
321,41,486,1419,87,95,0.48,3,1.0
322,28,566,926,134,132,0.85,3,1.0
322,32,328,198,73,71,0.92,3,1.0
322,35,385,197,116,102,0.92,3,1.0
322,38,124,1323,69,66,0.69,3,1.0
322,34,345,469,120,104,0.90,3,1.0
322,39,8,1332,119,119,0.64,2,1.0
322,40,500,1126,65,69,0.53,3,1.0
322,41,480,1420,87,95,0.53,3,1.0
322,43,111,1322,88,80,0.74,3,1.0
323,28,561,925,135,134,0.81,3,1.0
323,32,322,198,74,72,0.92,3,1.0
323,35,380,198,116,102,0.92,3,1.0
323,38,120,1324,67,64,0.75,3,1.0
323,34,340,470,119,103,0.90,3,1.0
323,39,5,1331,118,121,0.61,2,1.0
323,40,495,1126,66,71,0.58,3,1.0
323,41,479,1422,84,93,0.58,3,1.0
323,43,111,1322,88,80,0.74,3,1.0
324,28,555,927,134,130,0.79,3,1.0
324,32,315,199,74,72,0.90,3,1.0
324,35,372,199,117,101,0.92,3,1.0
324,38,115,1325,66,64,0.75,3,1.0
324,34,332,471,119,102,0.91,3,1.0
324,39,2,1332,116,121,0.58,3,1.0
324,40,489,1127,66,71,0.59,3,1.0
324,41,474,1423,82,92,0.67,3,1.0
324,43,108,1323,87,79,0.67,3,1.0
324,44,903,1197,176,229,0.82,2,1.0
325,28,550,929,135,128,0.78,3,1.0
325,32,309,200,75,72,0.89,3,1.0
325,35,367,199,117,102,0.92,3,1.0
325,38,111,1325,65,65,0.78,3,1.0
325,34,326,472,119,101,0.91,3,1.0
325,39,1,1332,114,122,0.56,3,1.0
325,40,485,1128,67,72,0.58,3,1.0
325,41,465,1423,88,93,0.69,3,1.0
325,43,107,1323,86,78,0.63,3,1.0
325,44,904,1197,175,228,0.81,2,1.0
326,28,543,929,137,130,0.77,3,1.0
326,32,302,201,75,72,0.89,3,1.0
326,35,359,200,118,103,0.92,3,1.0
326,38,105,1327,65,64,0.77,3,1.0
326,34,317,473,120,101,0.92,3,1.0
326,39,0,1331,114,124,0.54,3,1.0
326,40,479,1129,68,72,0.59,3,1.0
326,41,460,1423,87,94,0.67,3,1.0
326,43,105,1326,86,77,0.63,3,1.0
326,44,902,1202,177,222,0.73,2,1.0
327,28,539,931,139,130,0.77,3,1.0
327,32,297,201,75,73,0.89,3,1.0
327,35,353,201,118,103,0.92,3,1.0
327,38,101,1327,64,63,0.74,3,1.0
327,34,312,474,120,101,0.92,3,1.0
327,39,0,1331,112,124,0.54,3,1.0
327,40,476,1130,67,70,0.57,3,1.0
327,41,458,1424,85,93,0.67,3,1.0
327,43,103,1329,85,75,0.60,3,1.0
327,44,902,1205,177,218,0.68,2,1.0
328,28,532,933,140,129,0.79,3,1.0
328,32,290,202,74,73,0.89,3,1.0
328,35,346,202,117,103,0.92,3,1.0
328,38,96,1328,63,63,0.75,3,1.0
328,34,303,474,120,101,0.92,3,1.0
328,39,0,1333,109,123,0.53,2,1.0
328,40,470,1130,67,70,0.54,3,1.0
328,41,452,1424,85,95,0.70,3,1.0
328,43,101,1331,84,74,0.56,3,1.0
328,44,899,1208,180,216,0.71,2,1.0
329,28,528,932,141,134,0.79,3,1.0
329,32,285,203,73,73,0.90,3,1.0
329,35,340,203,118,103,0.92,3,1.0
329,38,92,1329,64,62,0.75,3,1.0
329,34,298,475,120,101,0.92,3,1.0
329,39,0,1333,109,122,0.53,2,1.0
329,40,466,1130,67,70,0.56,3,1.0
329,41,450,1425,83,95,0.70,3,1.0
329,43,100,1334,84,72,0.58,3,1.0
329,44,896,1214,183,210,0.71,2,1.0
330,28,521,932,146,140,0.80,3,1.0
330,32,278,204,73,72,0.91,3,1.0
330,35,333,204,117,104,0.92,3,1.0
330,38,86,1330,64,61,0.73,3,1.0
330,34,289,475,121,102,0.92,3,1.0
330,40,460,1130,67,70,0.57,3,1.0
330,41,448,1425,80,96,0.71,3,1.0
330,43,99,1338,84,70,0.62,2,1.0
330,44,893,1222,185,202,0.66,2,1.0
331,28,517,932,149,142,0.83,3,1.0
331,32,273,204,73,72,0.90,3,1.0
331,35,329,205,115,103,0.92,3,1.0
331,38,82,1330,63,61,0.74,3,1.0
331,34,284,475,121,103,0.91,3,1.0
331,40,456,1131,67,70,0.57,3,1.0
331,41,442,1425,82,97,0.74,3,1.0
331,43,99,1338,84,70,0.62,2,1.0
331,44,891,1227,187,197,0.67,2,1.0
332,28,510,933,150,143,0.85,3,1.0
332,32,265,205,73,71,0.91,3,1.0
332,35,322,205,115,104,0.92,3,1.0
332,38,77,1331,60,62,0.70,3,1.0
332,34,275,475,122,106,0.91,3,1.0
332,40,450,1131,67,70,0.60,3,1.0
332,41,434,1425,85,98,0.80,3,1.0
332,44,883,1230,189,195,0.67,2,1.0
333,28,505,933,153,144,0.85,3,1.0
333,32,260,205,74,72,0.91,3,1.0
333,35,318,205,115,104,0.92,3,1.0
333,38,73,1332,57,61,0.62,3,1.0
333,34,269,475,124,108,0.90,3,1.0
333,40,446,1132,67,70,0.63,3,1.0
333,41,430,1426,85,97,0.83,3,1.0
333,44,877,1231,189,193,0.60,2,1.0
333,37,326,1398,117,117,0.78,3,1.0
334,28,498,933,153,145,0.85,3,1.0
334,32,252,206,75,71,0.91,3,1.0
334,35,311,206,115,103,0.92,3,1.0
334,38,70,1332,55,61,0.58,3,1.0
334,34,261,474,124,110,0.90,3,1.0
334,40,440,1133,67,70,0.63,3,1.0
334,41,424,1426,85,97,0.84,3,1.0
334,44,872,1240,182,184,0.57,2,1.0
334,37,321,1399,115,120,0.73,3,1.0
335,28,494,933,151,145,0.85,3,1.0
335,32,247,206,75,72,0.92,3,1.0
335,35,306,206,116,103,0.92,3,1.0
335,38,68,1332,55,61,0.54,3,1.0
335,34,255,474,125,110,0.90,3,1.0
335,40,435,1132,68,72,0.64,3,1.0
335,41,419,1426,87,98,0.87,3,1.0
335,44,867,1247,176,178,0.59,2,1.0
335,37,319,1400,115,119,0.72,3,1.0
336,28,487,933,150,145,0.85,3,1.0
336,32,240,206,75,72,0.92,3,1.0
336,35,298,207,117,103,0.92,3,1.0
336,38,65,1333,53,61,0.47,3,1.0
336,34,247,473,125,111,0.90,3,1.0
336,40,428,1133,70,72,0.67,3,1.0
336,41,412,1427,88,97,0.89,3,1.0
336,44,858,1252,175,175,0.63,2,1.0
336,37,316,1400,112,119,0.73,3,1.0
337,28,482,932,153,148,0.87,3,1.0
337,32,235,207,75,72,0.91,3,1.0
337,35,293,207,117,103,0.92,3,1.0
337,38,65,1333,53,61,0.47,3,1.0
337,34,241,472,125,111,0.90,3,1.0
337,40,425,1133,69,73,0.67,3,1.0
337,41,408,1427,88,98,0.89,3,1.0
337,44,856,1260,171,168,0.68,2,1.0
337,37,315,1400,110,119,0.73,3,1.0
338,28,475,931,154,150,0.88,3,1.0
338,32,227,207,76,72,0.90,3,1.0
338,35,285,208,118,103,0.92,3,1.0
338,34,233,471,125,111,0.90,3,1.0
338,40,418,1134,70,73,0.66,3,1.0
338,41,402,1428,88,98,0.88,3,1.0
338,44,850,1271,161,158,0.72,2,1.0
338,37,309,1400,109,119,0.71,3,1.0
339,28,471,930,155,153,0.90,3,1.0
339,32,222,207,76,72,0.90,3,1.0
339,35,279,208,119,103,0.92,3,1.0
339,34,227,469,126,113,0.89,3,1.0
339,40,414,1134,71,73,0.67,3,1.0
339,41,399,1429,87,97,0.88,3,1.0
339,44,844,1271,156,157,0.72,2,1.0
339,37,306,1400,107,117,0.72,3,1.0
340,28,464,930,154,154,0.91,3,1.0
340,32,214,208,76,71,0.90,3,1.0
340,35,271,208,120,104,0.93,3,1.0
340,34,218,469,129,113,0.88,3,1.0
340,40,408,1134,71,74,0.69,3,1.0
340,41,393,1430,87,98,0.83,3,1.0
340,44,835,1270,159,159,0.73,2,1.0
340,37,303,1400,106,117,0.72,3,1.0
341,28,459,932,151,153,0.91,3,1.0
341,32,209,208,75,71,0.90,3,1.0
341,35,265,209,120,103,0.93,3,1.0
341,34,212,468,131,114,0.88,3,1.0
341,40,403,1135,72,74,0.69,3,1.0
341,41,389,1430,88,100,0.78,3,1.0
341,44,829,1269,159,160,0.72,2,1.0
341,37,301,1400,106,116,0.71,3,1.0
342,28,452,933,147,152,0.91,3,1.0
342,32,201,209,75,71,0.90,3,1.0
342,35,258,209,120,103,0.93,3,1.0
342,34,203,467,132,115,0.88,3,1.0
342,40,397,1135,72,75,0.66,3,1.0
342,41,381,1430,90,101,0.74,3,1.0
342,44,824,1271,155,157,0.70,2,1.0
342,37,292,1401,106,118,0.66,3,1.0
343,28,447,936,145,150,0.91,3,1.0
343,32,195,209,75,71,0.90,3,1.0
343,35,253,209,119,104,0.93,3,1.0
343,34,197,468,133,114,0.88,3,1.0
343,40,394,1136,71,75,0.65,3,1.0
343,41,376,1430,91,102,0.70,3,1.0
343,44,821,1269,163,160,0.71,2,1.0
343,37,286,1402,105,120,0.64,3,1.0
344,28,441,939,140,147,0.91,3,1.0
344,32,187,209,75,72,0.90,3,1.0
344,35,245,210,120,103,0.93,3,1.0
344,34,188,468,133,114,0.88,3,1.0
344,40,387,1137,72,75,0.63,3,1.0
344,41,369,1429,92,104,0.66,3,1.0
344,44,816,1265,177,165,0.72,2,1.0
344,37,280,1403,104,123,0.61,3,1.0
345,28,436,941,138,146,0.91,3,1.0
345,32,181,210,76,72,0.90,3,1.0
345,35,239,211,121,103,0.93,3,1.0
345,34,182,467,131,116,0.87,3,1.0
345,40,384,1137,72,76,0.61,3,1.0
345,41,364,1429,93,104,0.67,3,1.0
345,44,816,1265,177,165,0.73,2,1.0
345,37,280,1403,104,123,0.61,3,1.0
346,28,428,942,138,145,0.91,3,1.0
346,32,173,210,75,73,0.89,3,1.0
346,35,231,212,121,102,0.93,3,1.0
346,34,173,468,130,115,0.88,3,1.0
346,40,378,1138,72,76,0.61,3,1.0
346,41,358,1431,92,103,0.65,3,1.0
346,37,280,1403,104,123,0.61,3,1.0
347,28,423,943,139,145,0.90,3,1.0
347,32,168,211,75,72,0.88,3,1.0
347,35,226,212,121,102,0.93,3,1.0
347,34,167,469,129,114,0.88,3,1.0
347,40,373,1139,73,75,0.63,3,1.0
347,41,355,1432,91,103,0.63,3,1.0
347,37,280,1403,104,123,0.62,3,1.0
348,28,414,945,140,144,0.90,3,1.0
348,32,159,208,78,76,0.87,3,1.0
348,35,217,213,122,102,0.93,3,1.0
348,34,157,469,130,115,0.88,3,1.0
348,40,366,1139,75,77,0.65,3,1.0
348,41,348,1433,91,103,0.64,3,1.0
348,37,247,1410,106,112,0.63,3,1.0
348,45,898,1353,180,174,0.81,2,1.0
349,28,408,946,141,143,0.91,3,1.0
349,32,154,205,80,79,0.85,3,1.0
349,35,212,213,121,103,0.93,3,1.0
349,34,152,470,128,114,0.89,3,1.0
349,40,362,1139,74,77,0.66,3,1.0
349,41,343,1436,92,101,0.64,3,1.0
349,37,247,1410,107,112,0.63,3,1.0
349,45,899,1353,179,174,0.81,2,1.0
350,28,400,946,143,144,0.90,3,1.0
350,32,145,203,84,82,0.83,3,1.0
350,35,204,214,120,102,0.93,3,1.0
350,34,143,471,128,114,0.89,3,1.0
350,40,354,1137,74,79,0.68,3,1.0
350,41,337,1438,92,102,0.60,3,1.0
350,37,244,1410,106,110,0.52,3,1.0
350,45,891,1354,183,174,0.82,2,1.0
351,28,395,947,143,143,0.91,3,1.0
351,32,140,202,86,83,0.82,3,1.0
351,35,198,214,121,103,0.93,3,1.0
351,34,137,470,128,115,0.89,3,1.0
351,40,350,1135,73,81,0.67,3,1.0
351,41,332,1438,93,104,0.58,3,1.0
351,37,243,1410,106,110,0.46,3,1.0
351,45,887,1354,184,174,0.82,2,1.0
352,28,388,947,144,143,0.91,3,1.0
352,32,131,202,88,83,0.81,3,1.0
352,35,190,214,121,103,0.93,3,1.0
352,34,128,470,128,116,0.89,3,1.0
352,40,343,1136,76,83,0.62,3,1.0
352,41,325,1438,94,104,0.62,3,1.0
352,37,238,1411,112,115,0.52,3,1.0
352,45,883,1354,184,175,0.80,2,1.0
353,28,383,947,147,143,0.90,3,1.0
353,32,126,206,86,79,0.80,3,1.0
353,35,185,215,120,102,0.93,3,1.0
353,34,122,469,128,117,0.88,3,1.0
353,40,339,1137,77,84,0.59,3,1.0
353,41,322,1437,93,105,0.64,3,1.0
353,37,233,1411,117,121,0.55,3,1.0
353,45,876,1355,184,175,0.78,2,1.0
354,28,376,947,150,141,0.90,3,1.0
354,32,117,210,84,76,0.80,3,1.0
354,35,176,215,121,103,0.93,3,1.0
354,34,113,470,128,117,0.88,3,1.0
354,40,336,1137,77,84,0.57,3,1.0
354,41,315,1437,93,106,0.64,3,1.0
354,37,229,1411,120,123,0.53,3,1.0
354,45,864,1355,186,176,0.79,2,1.0
355,28,372,947,150,140,0.89,3,1.0
355,32,112,212,82,74,0.81,3,1.0
355,35,171,215,121,103,0.93,3,1.0
355,34,107,470,128,117,0.89,3,1.0
355,40,331,1142,80,82,0.49,3,1.0
355,41,310,1437,93,105,0.68,3,1.0
355,37,226,1412,124,127,0.60,3,1.0
355,45,857,1356,186,175,0.78,2,1.0
356,28,365,947,151,138,0.88,3,1.0
356,32,103,214,79,73,0.82,3,1.0
356,35,162,216,121,103,0.93,3,1.0
356,34,98,471,127,117,0.90,3,1.0
356,40,324,1146,81,80,0.41,3,1.0
356,41,304,1437,92,104,0.73,3,1.0
356,37,214,1415,132,137,0.76,3,1.0
356,45,846,1357,187,174,0.70,2,1.0
357,28,360,947,151,138,0.88,3,1.0
357,32,97,215,78,73,0.84,3,1.0
357,35,157,216,120,103,0.93,3,1.0
357,34,91,472,128,116,0.90,3,1.0
357,40,319,1147,78,77,0.36,3,1.0
357,41,300,1438,91,104,0.72,3,1.0
357,37,207,1418,131,136,0.77,3,1.0
357,45,838,1358,188,173,0.64,2,1.0
358,28,353,948,146,134,0.84,3,1.0
358,32,89,216,77,72,0.85,3,1.0
358,35,148,217,120,103,0.93,3,1.0
358,34,82,472,128,116,0.90,3,1.0
358,40,307,1147,81,82,0.31,3,1.0
358,41,293,1439,91,104,0.73,3,1.0
358,37,197,1419,123,133,0.72,3,1.0
358,45,828,1360,186,171,0.62,2,1.0
359,28,347,950,143,132,0.80,3,1.0
359,32,83,216,77,72,0.85,3,1.0
359,35,142,217,120,103,0.93,3,1.0
359,34,76,472,128,116,0.90,3,1.0
359,40,302,1146,84,88,0.30,3,1.0
359,41,289,1440,91,103,0.76,3,1.0
359,37,195,1418,120,132,0.70,3,1.0
359,45,823,1361,184,170,0.57,2,1.0
360,28,340,950,139,129,0.79,3,1.0
360,32,75,217,75,72,0.86,3,1.0
360,35,134,217,119,104,0.93,3,1.0
360,34,66,473,129,115,0.89,3,1.0
360,40,297,1146,85,90,0.29,3,1.0
360,41,285,1441,87,101,0.71,3,1.0
360,37,192,1418,119,132,0.72,3,1.0
360,45,813,1362,183,170,0.56,2,1.0
361,28,335,951,136,125,0.79,3,1.0
361,32,69,218,75,71,0.86,3,1.0
361,35,128,218,119,104,0.92,3,1.0
361,34,59,474,129,115,0.88,3,1.0
361,40,292,1146,89,95,0.29,3,1.0
361,41,281,1441,87,101,0.66,3,1.0
361,37,187,1418,117,130,0.73,3,1.0
361,45,807,1362,182,171,0.63,2,1.0
362,28,327,953,133,120,0.80,3,1.0
362,32,60,219,75,71,0.86,3,1.0
362,35,119,219,120,104,0.92,3,1.0
362,34,49,476,130,114,0.87,3,1.0
362,40,283,1145,95,106,0.28,3,1.0
362,41,273,1441,88,102,0.68,3,1.0
362,37,180,1419,115,129,0.74,3,1.0
362,45,799,1363,178,171,0.70,2,1.0
363,28,322,954,134,117,0.85,3,1.0
363,32,54,219,75,71,0.87,3,1.0
363,35,114,219,119,104,0.92,3,1.0
363,34,42,478,130,113,0.88,3,1.0
363,40,283,1145,95,108,0.29,3,1.0
363,41,267,1441,90,102,0.68,3,1.0
363,37,175,1421,116,130,0.78,3,1.0
363,45,793,1362,177,173,0.74,2,1.0
364,28,314,955,133,114,0.89,3,1.0
364,32,50,219,74,72,0.88,3,1.0
364,35,105,220,119,104,0.92,3,1.0
364,34,32,480,131,111,0.87,3,1.0
364,41,261,1442,89,102,0.65,3,1.0
364,37,165,1423,120,129,0.79,3,1.0
364,45,784,1362,175,173,0.72,2,1.0
365,28,308,956,132,113,0.90,3,1.0
365,32,47,219,75,72,0.88,3,1.0
365,35,99,220,119,104,0.93,3,1.0
365,34,26,480,131,111,0.88,3,1.0
365,41,253,1443,92,102,0.67,3,1.0
365,37,159,1425,120,128,0.76,3,1.0
365,45,779,1362,172,174,0.67,2,1.0
366,28,300,957,131,112,0.91,3,1.0
366,32,42,220,75,71,0.88,3,1.0
366,35,90,221,119,104,0.93,3,1.0
366,34,18,482,129,109,0.86,3,1.0
366,41,245,1443,94,103,0.67,3,1.0
366,37,151,1426,121,128,0.76,3,1.0
366,45,769,1362,170,173,0.59,2,1.0
367,28,296,956,129,113,0.91,3,1.0
367,32,42,220,75,71,0.87,3,1.0
367,35,84,221,119,104,0.93,3,1.0
367,34,14,483,126,108,0.84,3,1.0
367,41,242,1445,92,101,0.61,3,1.0
367,37,146,1425,121,128,0.76,3,1.0
367,45,761,1362,170,173,0.51,2,1.0
368,28,288,956,127,113,0.89,3,1.0
368,35,75,222,120,104,0.92,3,1.0
368,34,8,483,123,108,0.83,3,1.0
368,41,236,1447,91,99,0.55,3,1.0
368,37,137,1426,124,129,0.75,3,1.0
368,45,750,1364,169,171,0.42,2,1.0
369,28,282,957,127,112,0.88,3,1.0
369,35,69,222,120,105,0.92,3,1.0
369,34,6,485,119,107,0.82,3,1.0
369,41,232,1447,90,98,0.54,3,1.0
369,37,133,1427,125,130,0.76,3,1.0
369,45,744,1366,167,169,0.40,2,1.0
370,28,274,958,125,112,0.87,3,1.0
370,35,60,223,121,104,0.92,3,1.0
370,34,5,488,115,105,0.80,3,1.0
370,41,225,1447,90,99,0.56,3,1.0
370,37,127,1427,125,129,0.68,3,1.0
370,45,738,1367,167,168,0.38,2,1.0
371,28,268,959,124,112,0.86,3,1.0
371,35,55,224,120,104,0.92,3,1.0
371,34,3,487,114,106,0.81,3,1.0
371,41,219,1447,91,100,0.60,3,1.0
371,37,122,1428,126,127,0.58,3,1.0
371,45,735,1368,167,167,0.38,2,1.0
372,28,260,960,120,111,0.82,3,1.0
372,35,46,225,121,104,0.92,3,1.0
372,34,2,487,110,107,0.82,3,1.0
372,41,211,1448,92,100,0.67,3,1.0
372,37,118,1429,127,126,0.52,3,1.0
372,45,730,1372,166,163,0.38,2,1.0
373,28,255,960,117,111,0.79,3,1.0
373,35,40,225,122,104,0.92,3,1.0
373,34,2,487,111,107,0.82,3,1.0
373,41,205,1448,94,101,0.72,3,1.0
373,37,116,1428,127,125,0.43,3,1.0
373,45,732,1375,164,160,0.37,2,1.0
374,28,247,960,114,110,0.72,3,1.0
374,35,31,226,122,104,0.91,3,1.0
374,41,200,1448,92,102,0.67,3,1.0
374,37,114,1427,126,121,0.27,3,1.0
375,28,242,959,111,111,0.62,3,1.0
375,35,25,227,122,103,0.91,3,1.0
375,41,200,1449,87,100,0.59,3,1.0
375,37,114,1427,126,121,0.28,3,1.0
376,28,234,960,107,109,0.53,3,1.0
376,35,16,228,123,103,0.91,3,1.0
376,41,193,1450,87,99,0.59,3,1.0
376,37,84,1429,131,162,0.68,3,1.0
376,46,940,1749,139,171,0.77,3,1.0
377,28,229,961,104,108,0.49,3,1.0
377,35,11,228,122,103,0.91,3,1.0
377,41,189,1451,87,98,0.56,3,1.0
377,37,84,1429,132,162,0.68,3,1.0
377,46,940,1749,139,171,0.76,3,1.0
378,28,224,961,103,108,0.44,3,1.0
378,35,6,229,122,102,0.90,3,1.0
378,41,182,1451,86,98,0.53,3,1.0
378,37,84,1429,132,162,0.68,3,1.0
378,46,938,1750,141,169,0.75,3,1.0
378,48,887,1831,78,88,0.73,3,1.0
378,47,175,1147,85,83,0.70,3,1.0
379,28,222,962,101,107,0.43,3,1.0
379,35,4,229,122,102,0.91,3,1.0
379,41,174,1451,90,99,0.60,3,1.0
379,37,84,1429,132,162,0.68,3,1.0
379,46,936,1751,143,168,0.74,3,1.0
379,48,887,1831,78,88,0.74,3,1.0
379,47,175,1147,85,83,0.70,3,1.0
380,28,216,965,99,103,0.44,3,1.0
380,35,0,229,122,103,0.91,3,1.0
380,41,161,1452,96,101,0.69,3,1.0
380,37,76,1431,130,161,0.68,3,1.0
380,46,930,1750,149,169,0.70,3,1.0
380,48,881,1831,78,88,0.64,3,1.0
380,47,173,1147,83,83,0.64,3,1.0
381,28,216,965,99,103,0.45,3,1.0
381,35,0,229,122,103,0.91,3,1.0
381,41,156,1452,96,102,0.70,3,1.0
381,37,68,1433,128,159,0.67,3,1.0
381,46,923,1750,156,169,0.65,3,1.0
381,48,879,1832,77,87,0.60,3,1.0
381,47,171,1148,83,82,0.61,3,1.0
382,41,148,1453,97,101,0.73,3,1.0
382,37,56,1438,124,149,0.66,3,1.0
382,46,919,1750,160,169,0.63,3,1.0
382,48,874,1831,78,88,0.64,3,1.0
382,47,167,1148,83,82,0.61,3,1.0
383,41,144,1453,96,101,0.77,3,1.0
383,37,54,1440,123,144,0.66,3,1.0
383,46,915,1749,164,170,0.60,3,1.0
383,48,868,1831,77,88,0.65,3,1.0
383,47,162,1148,83,83,0.60,3,1.0
384,41,137,1454,95,101,0.70,3,1.0
384,37,50,1440,123,144,0.66,3,1.0
384,46,905,1748,174,171,0.55,3,1.0
384,48,859,1832,77,87,0.61,3,1.0
384,47,155,1146,83,85,0.57,3,1.0
385,41,131,1455,96,99,0.63,3,1.0
385,37,45,1441,121,141,0.66,3,1.0
385,46,906,1748,173,171,0.56,3,1.0
385,48,853,1833,77,86,0.62,3,1.0
385,47,150,1145,83,87,0.59,3,1.0
386,41,122,1454,98,100,0.65,3,1.0
386,37,38,1442,120,139,0.69,3,1.0
386,48,844,1833,77,86,0.64,3,1.0
386,47,140,1143,86,90,0.61,3,1.0
387,41,116,1453,99,102,0.65,3,1.0
387,37,32,1441,121,142,0.73,3,1.0
387,48,838,1833,77,86,0.59,3,1.0
387,47,135,1143,87,91,0.61,3,1.0
388,41,109,1454,99,101,0.60,3,1.0
388,37,24,1443,122,143,0.75,3,1.0
388,48,829,1833,78,86,0.54,3,1.0
388,47,126,1140,89,95,0.60,3,1.0
389,41,104,1454,99,101,0.66,3,1.0
389,37,19,1446,123,142,0.77,3,1.0
389,48,823,1832,77,87,0.53,3,1.0
389,47,120,1139,90,96,0.60,3,1.0
390,41,97,1454,98,100,0.75,3,1.0
390,37,13,1450,122,139,0.78,3,1.0
390,48,814,1832,78,87,0.55,3,1.0
390,47,111,1139,92,96,0.61,3,1.0
391,41,93,1455,97,99,0.76,3,1.0
391,37,8,1452,122,137,0.76,3,1.0
391,48,808,1832,78,87,0.56,3,1.0
391,47,106,1137,92,98,0.63,3,1.0
392,41,87,1455,96,99,0.76,3,1.0
392,37,5,1455,121,134,0.74,3,1.0
392,48,799,1833,79,86,0.59,3,1.0
392,47,99,1138,92,97,0.61,3,1.0
393,41,82,1455,96,100,0.80,3,1.0
393,37,4,1455,120,134,0.72,3,1.0
393,48,793,1834,79,85,0.62,3,1.0
393,47,96,1139,90,95,0.60,3,1.0
394,41,74,1460,94,95,0.80,3,1.0
394,37,1,1454,118,135,0.70,3,1.0
394,48,784,1835,79,84,0.67,3,1.0
394,47,90,1139,89,95,0.59,3,1.0
394,28,92,972,114,113,0.63,3,1.0
395,41,70,1465,90,91,0.74,3,1.0
395,37,1,1453,119,136,0.70,3,1.0
395,48,778,1835,79,84,0.70,3,1.0
395,47,86,1139,89,96,0.56,3,1.0
395,28,92,972,113,113,0.62,3,1.0
396,41,61,1465,91,92,0.74,3,1.0
396,48,769,1834,79,85,0.69,3,1.0
396,47,81,1139,87,95,0.51,3,1.0
396,28,92,972,113,113,0.62,3,1.0
397,41,56,1465,92,92,0.75,3,1.0
397,48,763,1833,78,86,0.67,3,1.0
397,47,76,1137,87,97,0.49,3,1.0
397,28,92,972,113,113,0.62,3,1.0
397,45,487,1355,132,171,0.59,1,1.0
398,41,49,1466,91,89,0.71,3,1.0
398,48,754,1833,78,86,0.69,3,1.0
398,47,65,1135,91,99,0.49,3,1.0
398,28,84,969,108,115,0.56,3,1.0
398,45,476,1356,133,168,0.49,1,1.0
399,41,44,1461,94,94,0.71,3,1.0
399,48,749,1833,77,86,0.70,3,1.0
399,47,57,1134,94,100,0.51,3,1.0
399,28,75,966,104,117,0.50,3,1.0
399,45,472,1356,134,168,0.46,1,1.0
400,41,36,1456,97,98,0.76,3,1.0
400,48,740,1833,77,86,0.66,3,1.0
400,47,53,1134,94,100,0.50,3,1.0
400,28,66,964,99,119,0.44,3,1.0
400,45,464,1357,135,166,0.51,1,1.0
401,41,32,1456,96,97,0.73,3,1.0
401,48,735,1834,76,85,0.66,3,1.0
401,47,48,1133,97,101,0.53,3,1.0
401,28,66,964,99,119,0.44,3,1.0
401,45,459,1357,137,165,0.55,1,1.0
402,41,29,1457,94,95,0.70,3,1.0
402,48,727,1835,74,84,0.66,3,1.0
402,47,38,1131,104,104,0.57,3,1.0
402,28,57,962,98,120,0.48,3,1.0
402,45,445,1358,139,163,0.58,2,1.0
403,41,27,1457,94,96,0.72,3,1.0
403,48,722,1835,72,84,0.61,3,1.0
403,47,39,1132,103,103,0.58,3,1.0
403,28,48,961,97,120,0.51,3,1.0
403,45,436,1358,140,162,0.64,1,1.0
404,41,22,1457,95,97,0.76,3,1.0
404,48,717,1835,71,84,0.56,3,1.0
404,28,38,960,98,120,0.54,3,1.0
404,45,423,1357,142,162,0.72,2,1.0
405,41,22,1457,95,97,0.75,3,1.0
405,48,715,1835,70,84,0.56,3,1.0
405,28,38,960,98,120,0.54,3,1.0
405,45,416,1357,142,162,0.75,2,1.0
406,48,710,1835,68,84,0.54,3,1.0
406,28,38,960,98,120,0.54,3,1.0
406,45,404,1356,142,162,0.76,1,1.0
407,48,710,1835,68,84,0.54,3,1.0
407,28,38,960,97,120,0.52,3,1.0
407,45,396,1356,143,162,0.76,1,1.0
408,45,385,1355,144,163,0.74,1,1.0
409,45,378,1355,143,163,0.72,1,1.0
410,45,367,1355,143,162,0.69,2,1.0
411,45,360,1356,143,161,0.67,2,1.0
412,45,351,1357,141,159,0.68,2,1.0
413,45,345,1357,139,158,0.71,2,1.0
414,45,335,1357,139,158,0.74,1,1.0
415,45,328,1357,140,158,0.77,1,1.0
416,45,317,1357,141,158,0.79,2,1.0
417,45,310,1357,141,158,0.79,2,1.0
418,45,298,1356,143,159,0.78,1,1.0
419,45,290,1357,144,158,0.76,1,1.0
420,45,280,1357,143,157,0.78,1,1.0
420,48,583,1832,78,88,0.45,3,1.0
421,45,273,1356,143,158,0.81,1,1.0
421,48,583,1832,78,88,0.44,3,1.0
422,45,262,1356,144,157,0.84,1,1.0
422,48,583,1832,78,88,0.44,3,1.0
423,45,256,1356,143,157,0.87,1,1.0
423,48,583,1832,78,88,0.44,3,1.0
424,45,246,1355,143,157,0.90,1,1.0
424,48,574,1833,77,87,0.50,3,1.0
425,45,238,1355,144,157,0.88,1,1.0
425,48,564,1833,78,87,0.56,3,1.0
426,45,227,1355,145,157,0.87,1,1.0
426,48,551,1837,76,83,0.55,3,1.0
427,45,220,1355,146,157,0.86,1,1.0
427,48,548,1839,75,80,0.52,3,1.0
428,45,210,1354,145,158,0.81,1,1.0
428,48,548,1839,75,80,0.52,3,1.0
429,45,203,1355,146,157,0.78,1,1.0
429,48,542,1843,71,76,0.46,3,1.0
430,45,193,1355,145,157,0.77,1,1.0
430,48,531,1848,69,71,0.37,3,1.0
431,45,187,1355,144,156,0.77,1,1.0
431,48,524,1851,67,68,0.33,3,1.0
432,45,176,1355,145,156,0.78,2,1.0
432,48,519,1853,65,66,0.30,3,1.0
433,45,168,1356,147,155,0.82,2,1.0
433,48,514,1856,64,63,0.33,3,1.0
434,45,157,1356,147,155,0.83,1,1.0
434,48,509,1857,64,62,0.32,3,1.0
435,45,149,1356,148,155,0.82,1,1.0
435,48,507,1858,62,61,0.34,3,1.0
436,45,137,1354,153,158,0.82,1,1.0
436,48,500,1863,60,56,0.43,3,1.0
437,45,129,1352,156,161,0.80,1,1.0
437,48,500,1863,60,56,0.43,3,1.0
438,45,119,1352,156,161,0.80,1,1.0
439,45,113,1351,156,162,0.82,1,1.0
440,45,104,1351,155,161,0.81,1,1.0
441,45,100,1353,149,157,0.80,1,1.0
442,45,91,1354,146,154,0.81,1,1.0
443,45,84,1353,145,155,0.81,1,1.0
444,45,74,1353,145,154,0.81,1,1.0
445,45,66,1352,146,155,0.84,1,1.0
446,45,53,1351,149,156,0.87,1,1.0
447,45,45,1351,151,155,0.87,1,1.0
448,45,35,1350,151,155,0.88,1,1.0
449,45,28,1348,151,155,0.89,1,1.0
450,45,18,1346,152,155,0.88,1,1.0
451,45,13,1344,151,156,0.84,1,1.0
452,45,7,1341,147,156,0.80,1,1.0
453,45,4,1340,143,155,0.76,1,1.0
454,45,0,1336,138,156,0.74,1,1.0
455,45,0,1332,133,158,0.74,1,1.0
456,45,0,1331,128,158,0.76,2,1.0
457,45,0,1329,126,160,0.78,2,1.0
458,45,1,1325,122,163,0.82,2,1.0
459,45,1,1325,122,163,0.82,2,1.0
464,49,421,1295,142,129,0.77,3,1.0
465,49,421,1295,142,129,0.77,3,1.0
466,49,418,1295,139,127,0.67,3,1.0
467,49,416,1295,138,125,0.61,3,1.0
468,49,412,1293,138,125,0.65,3,1.0
469,49,408,1292,137,124,0.66,3,1.0
470,49,401,1289,136,123,0.56,3,1.0
471,49,399,1287,136,124,0.59,3,1.0
472,49,390,1283,137,125,0.65,3,1.0
473,49,385,1281,136,124,0.62,3,1.0
474,49,377,1277,136,123,0.62,3,1.0
475,49,372,1275,137,121,0.74,3,1.0
476,49,369,1273,136,122,0.71,3,1.0
477,49,365,1271,135,121,0.69,3,1.0
478,49,361,1270,136,120,0.69,3,1.0
479,49,360,1269,134,121,0.66,3,1.0
480,49,350,1263,135,121,0.56,3,1.0
481,49,344,1259,137,120,0.53,3,1.0
482,49,338,1256,140,119,0.50,3,1.0
483,49,338,1256,140,119,0.50,3,1.0
484,49,338,1256,140,119,0.50,3,1.0
485,49,338,1256,140,119,0.53,3,1.0
486,49,311,1236,134,118,0.46,3,1.0
487,49,311,1236,134,118,0.46,3,1.0
488,49,309,1235,130,117,0.47,3,1.0
489,49,309,1235,130,117,0.47,3,1.0
490,49,309,1235,130,117,0.47,3,1.0
491,49,308,1234,128,117,0.47,3,1.0
492,49,305,1232,123,117,0.49,3,1.0
533,50,932,1114,148,208,0.90,2,1.0
534,50,931,1114,149,208,0.90,2,1.0
535,50,924,1112,156,212,0.90,2,1.0
535,51,933,1000,147,165,0.89,2,1.0
536,50,921,1111,159,214,0.90,2,1.0
536,51,933,1000,147,165,0.88,2,1.0
537,50,915,1110,165,215,0.90,2,1.0
537,51,927,1000,152,165,0.89,2,1.0
538,50,907,1109,173,216,0.90,2,1.0
538,51,924,1000,155,165,0.90,2,1.0
539,50,895,1107,185,217,0.90,2,1.0
539,51,919,1000,158,162,0.90,2,1.0
540,50,887,1107,193,215,0.90,2,1.0
540,51,912,999,162,160,0.90,2,1.0
541,50,877,1106,199,213,0.90,2,1.0
541,51,902,998,166,159,0.91,2,1.0
542,50,870,1105,203,212,0.90,2,1.0
542,51,896,997,167,157,0.91,2,1.0
543,50,858,1103,208,212,0.86,2,1.0
543,51,885,996,166,155,0.90,2,1.0
544,50,850,1101,209,213,0.83,2,1.0
544,51,878,994,163,156,0.89,2,1.0
545,50,838,1098,210,214,0.81,2,1.0
545,51,867,992,162,156,0.88,2,1.0
546,50,830,1095,210,217,0.79,2,1.0
546,51,859,990,162,157,0.88,2,1.0
547,50,818,1093,210,217,0.78,2,1.0
547,51,849,988,159,158,0.86,2,1.0
548,50,811,1092,209,216,0.80,2,1.0
548,51,842,987,160,159,0.85,2,1.0
549,50,801,1091,207,214,0.83,2,1.0
549,51,832,985,158,158,0.86,2,1.0
549,52,924,950,156,202,0.92,1,1.0
550,50,795,1090,205,213,0.84,2,1.0
550,51,826,985,154,155,0.86,2,1.0
550,52,924,950,156,202,0.92,1,1.0
551,50,785,1089,204,211,0.86,2,1.0
551,51,817,983,150,155,0.86,2,1.0
551,52,918,948,162,203,0.92,1,1.0
552,50,778,1087,204,212,0.86,2,1.0
552,51,811,982,149,153,0.86,2,1.0
552,52,915,947,165,203,0.93,1,1.0
553,50,768,1084,204,213,0.87,2,1.0
553,51,802,979,149,153,0.87,2,1.0
553,52,910,946,170,203,0.92,1,1.0
553,53,919,1100,161,203,0.60,2,1.0
554,50,761,1083,204,213,0.88,2,1.0
554,51,796,978,151,154,0.86,2,1.0
554,52,902,944,178,202,0.92,1,1.0
554,53,919,1100,161,202,0.60,2,1.0
555,50,752,1081,203,212,0.89,2,1.0
555,51,789,976,152,156,0.86,2,1.0
555,52,892,941,187,202,0.92,1,1.0
555,53,915,1101,165,224,0.59,2,1.0
556,50,746,1080,202,211,0.90,2,1.0
556,51,783,975,154,156,0.86,2,1.0
556,52,886,940,193,201,0.92,1,1.0
556,53,912,1101,168,235,0.59,2,1.0
557,50,738,1080,198,207,0.90,2,1.0
557,51,775,974,158,158,0.86,2,1.0
557,52,876,938,202,199,0.92,1,1.0
557,53,908,1101,171,223,0.61,2,1.0
558,50,732,1079,197,206,0.90,2,1.0
558,51,771,974,158,159,0.87,2,1.0
558,52,870,937,207,198,0.93,1,1.0
558,53,903,1101,176,217,0.62,2,1.0
559,50,723,1078,196,205,0.90,2,1.0
559,51,762,972,162,161,0.85,2,1.0
559,52,860,935,213,197,0.91,1,1.0
559,53,893,1097,186,219,0.67,1,1.0
560,50,716,1076,197,205,0.89,2,1.0
560,51,757,970,165,163,0.81,2,1.0
560,52,852,933,216,198,0.88,1,1.0
560,53,886,1094,193,206,0.71,1,1.0
561,50,707,1074,197,205,0.88,2,1.0
561,51,748,968,165,164,0.81,2,1.0
561,52,841,930,220,199,0.88,1,1.0
561,53,874,1091,205,194,0.71,1,1.0
561,54,870,1221,163,136,0.86,3,1.0
562,50,699,1071,199,208,0.86,2,1.0
562,51,742,965,164,164,0.81,2,1.0
562,52,834,928,220,201,0.88,1,1.0
562,53,866,1088,213,202,0.69,1,1.0
562,54,870,1221,163,136,0.86,3,1.0
563,50,690,1068,200,209,0.84,2,1.0
563,51,734,962,161,164,0.80,2,1.0
563,52,823,925,220,202,0.87,1,1.0
563,53,856,1085,222,209,0.70,2,1.0
563,54,863,1219,166,136,0.82,3,1.0
564,50,685,1066,199,210,0.83,2,1.0
564,51,729,961,157,162,0.82,2,1.0
564,52,817,923,219,202,0.89,1,1.0
564,53,850,1085,226,209,0.68,2,1.0
564,54,860,1219,167,135,0.80,3,1.0
565,50,676,1064,198,210,0.82,2,1.0
565,51,721,959,152,160,0.84,2,1.0
565,52,807,921,218,202,0.90,1,1.0
565,53,840,1084,230,208,0.65,2,1.0
565,54,854,1217,168,135,0.76,3,1.0
565,55,434,0,426,75,0.38,3,1.0
566,50,670,1063,198,209,0.81,2,1.0
566,51,716,958,150,160,0.82,2,1.0
566,52,801,920,216,201,0.89,1,1.0
566,53,834,1083,231,206,0.66,2,1.0
566,54,846,1215,170,135,0.70,3,1.0
566,55,434,0,426,75,0.38,3,1.0
567,50,662,1060,197,210,0.82,1,1.0
567,51,707,957,155,166,0.81,2,1.0
567,52,792,918,214,200,0.87,1,1.0
567,53,825,1081,238,205,0.70,2,1.0
567,54,835,1211,170,136,0.59,3,1.0
567,55,434,0,426,75,0.38,3,1.0
568,50,656,1059,196,209,0.83,1,1.0
568,51,702,957,158,172,0.81,2,1.0
568,52,786,917,213,200,0.86,1,1.0
568,53,818,1079,246,204,0.69,2,1.0
568,54,827,1208,169,137,0.50,3,1.0
568,55,434,0,426,75,0.38,3,1.0
569,50,646,1057,197,209,0.82,1,1.0
569,51,694,955,163,181,0.78,2,1.0
569,52,775,914,213,201,0.85,2,1.0
569,53,807,1074,256,206,0.64,2,1.0
569,54,821,1206,169,138,0.44,3,1.0
569,55,434,0,426,75,0.38,3,1.0
569,56,654,342,86,88,0.63,3,1.0
570,50,640,1056,196,208,0.81,1,1.0
570,51,689,955,169,189,0.75,2,1.0
570,52,769,913,212,200,0.85,2,1.0
570,53,799,1069,267,210,0.63,2,1.0
570,54,818,1205,167,138,0.39,3,1.0
570,55,435,0,425,75,0.38,3,1.0
570,56,654,342,86,88,0.64,3,1.0
571,50,631,1054,197,208,0.82,1,1.0
571,51,680,953,174,193,0.76,2,1.0
571,52,759,911,212,200,0.83,2,1.0
571,53,790,1065,272,212,0.66,2,1.0
571,54,798,1199,167,139,0.36,3,1.0
571,56,647,338,87,92,0.67,3,1.0
572,50,625,1053,198,208,0.80,1,1.0
572,51,675,951,171,190,0.77,2,1.0
572,52,752,909,212,200,0.82,2,1.0
572,53,784,1062,272,214,0.68,2,1.0
572,54,785,1196,167,139,0.43,3,1.0
572,56,643,336,88,94,0.68,3,1.0
573,50,616,1050,199,209,0.78,2,1.0
573,51,667,949,171,185,0.78,2,1.0
573,52,743,907,210,199,0.80,2,1.0
573,53,775,1059,270,216,0.66,2,1.0
573,54,772,1193,168,139,0.50,3,1.0
573,56,638,334,87,94,0.71,3,1.0
574,50,610,1049,199,208,0.79,2,1.0
574,51,662,947,170,179,0.82,2,1.0
574,52,737,905,210,200,0.79,2,1.0
574,53,770,1059,266,215,0.68,2,1.0
574,54,772,1193,168,139,0.50,3,1.0
574,56,631,330,86,97,0.74,3,1.0
575,50,601,1046,200,210,0.77,2,1.0
575,51,653,944,171,177,0.85,2,1.0
575,52,728,902,209,200,0.79,1,1.0
575,53,762,1057,260,215,0.65,1,1.0
575,54,761,1190,163,138,0.45,3,1.0
575,56,619,326,88,98,0.75,3,1.0
576,50,595,1044,200,210,0.74,2,1.0
576,51,647,943,175,178,0.84,2,1.0
576,52,722,900,208,200,0.80,2,1.0
576,53,755,1056,259,215,0.58,1,1.0
576,54,749,1187,160,138,0.38,3,1.0
576,56,611,325,89,97,0.73,3,1.0
577,50,586,1041,199,210,0.76,2,1.0
577,51,639,941,173,177,0.83,2,1.0
577,52,712,897,209,200,0.83,2,1.0
577,53,747,1052,256,217,0.56,1,1.0
577,54,738,1184,155,137,0.33,3,1.0
577,56,599,321,91,99,0.75,3,1.0
578,50,580,1039,200,211,0.78,2,1.0
578,51,633,939,170,178,0.82,2,1.0
578,52,706,894,209,202,0.86,2,1.0
578,53,741,1048,256,220,0.58,1,1.0
578,54,738,1184,155,137,0.33,3,1.0
578,56,591,318,93,101,0.75,3,1.0
579,50,572,1038,198,210,0.79,1,1.0
579,51,625,937,168,181,0.81,2,1.0
579,52,697,892,208,201,0.89,2,1.0
579,53,735,1045,252,220,0.60,2,1.0
579,54,738,1184,155,137,0.33,3,1.0
579,56,579,314,95,102,0.75,3,1.0
580,50,567,1038,195,209,0.83,2,1.0
580,51,620,936,164,179,0.80,2,1.0
580,52,691,891,207,199,0.91,2,1.0
580,53,733,1042,248,220,0.66,2,1.0
580,54,738,1184,155,137,0.31,3,1.0
580,56,572,311,95,102,0.78,3,1.0
581,50,558,1035,196,209,0.86,2,1.0
581,51,611,933,159,176,0.81,2,1.0
581,52,682,889,207,199,0.93,2,1.0
581,53,727,1038,246,221,0.73,1,1.0
581,56,560,307,97,104,0.82,3,1.0
582,50,552,1033,197,210,0.85,2,1.0
582,51,606,932,159,174,0.82,2,1.0
582,52,676,888,206,198,0.94,2,1.0
582,53,723,1037,244,220,0.75,1,1.0
582,56,553,306,98,102,0.83,3,1.0
583,50,544,1031,197,209,0.84,2,1.0
583,51,598,932,163,176,0.80,2,1.0
583,52,667,885,206,199,0.91,2,1.0
583,53,715,1035,235,218,0.70,1,1.0
583,56,543,305,96,100,0.84,3,1.0
584,50,537,1029,200,210,0.84,2,1.0
584,51,592,933,166,176,0.78,2,1.0
584,52,660,883,207,200,0.88,2,1.0
584,53,708,1032,230,220,0.63,1,1.0
584,56,535,304,96,100,0.84,3,1.0
585,50,527,1025,203,212,0.84,2,1.0
585,51,583,933,161,169,0.77,2,1.0
585,52,650,880,208,201,0.87,2,1.0
585,53,696,1027,232,224,0.62,1,1.0
585,56,524,300,94,102,0.85,3,1.0
586,50,521,1024,203,212,0.85,2,1.0
586,51,577,934,157,165,0.75,2,1.0
586,52,643,878,208,202,0.86,2,1.0
586,53,688,1022,234,227,0.59,1,1.0
586,56,516,298,93,101,0.85,3,1.0
587,50,511,1022,203,212,0.86,2,1.0
587,51,569,936,159,167,0.73,2,1.0
587,52,634,874,207,204,0.86,2,1.0
587,53,678,1019,234,228,0.54,1,1.0
587,56,504,294,92,102,0.85,3,1.0
588,50,505,1021,200,211,0.88,2,1.0
588,51,563,934,158,167,0.74,2,1.0
588,52,627,872,208,205,0.87,2,1.0
588,53,673,1017,239,228,0.58,1,1.0
588,56,496,291,92,102,0.86,3,1.0
589,50,495,1019,199,209,0.86,2,1.0
589,51,554,930,158,166,0.76,2,1.0
589,52,618,870,207,204,0.89,2,1.0
589,53,664,1014,244,229,0.62,1,1.0
589,56,485,287,92,102,0.87,3,1.0
590,50,489,1017,198,208,0.84,2,1.0
590,51,549,927,165,172,0.77,2,1.0
590,52,611,868,208,204,0.89,2,1.0
590,53,659,1014,242,227,0.61,1,1.0
590,56,477,284,93,104,0.87,3,1.0
591,50,481,1015,196,207,0.85,2,1.0
591,51,541,927,172,176,0.78,2,1.0
591,52,602,865,207,205,0.87,2,1.0
591,53,650,1015,240,223,0.65,1,1.0
591,56,466,281,94,103,0.88,3,1.0
591,57,901,1473,68,71,0.72,3,1.0
592,50,476,1013,196,207,0.85,2,1.0
592,51,536,926,171,174,0.80,2,1.0
592,52,597,864,206,204,0.86,2,1.0
592,53,643,1014,240,222,0.69,1,1.0
592,56,458,279,95,103,0.89,3,1.0
592,57,901,1473,68,71,0.73,3,1.0
593,50,467,1011,197,206,0.86,2,1.0
593,51,529,925,167,167,0.82,2,1.0
593,52,587,861,206,205,0.86,2,1.0
593,53,634,1012,237,217,0.64,1,1.0
593,56,448,277,94,103,0.89,3,1.0
593,57,897,1471,71,71,0.66,3,1.0
593,58,932,728,143,126,0.82,1,1.0
594,50,462,1010,197,206,0.90,2,1.0
594,51,524,926,163,162,0.82,2,1.0
594,52,581,860,206,204,0.86,2,1.0
594,53,629,1011,234,210,0.58,1,1.0
594,56,441,276,94,102,0.89,3,1.0
594,57,895,1469,72,73,0.62,3,1.0
594,58,932,728,143,126,0.83,1,1.0
595,50,454,1008,196,205,0.90,2,1.0
595,51,516,928,159,158,0.82,2,1.0
595,52,572,858,205,204,0.87,2,1.0
595,53,620,1010,232,208,0.62,1,1.0
595,56,430,274,93,101,0.89,3,1.0
595,57,890,1468,73,73,0.60,3,1.0
595,58,926,726,141,126,0.83,1,1.0
596,50,448,1007,196,203,0.87,2,1.0
596,51,510,928,156,155,0.82,2,1.0
596,52,566,856,205,205,0.89,2,1.0
596,53,615,1010,230,205,0.62,1,1.0
596,56,423,274,93,100,0.89,3,1.0
596,57,885,1466,73,74,0.55,3,1.0
596,58,923,725,140,127,0.84,1,1.0
597,50,439,1006,195,201,0.87,2,1.0
597,51,502,925,150,151,0.82,2,1.0
597,52,557,854,204,205,0.91,2,1.0
597,53,606,1008,228,204,0.61,1,1.0
597,56,412,272,93,100,0.88,3,1.0
597,57,876,1463,74,76,0.51,3,1.0
597,58,919,724,137,127,0.83,1,1.0
598,50,433,1005,195,200,0.86,2,1.0
598,51,496,923,150,152,0.82,2,1.0
598,52,551,853,204,204,0.91,2,1.0
598,53,598,1007,228,208,0.68,1,1.0
598,56,404,270,93,100,0.88,3,1.0
598,57,870,1462,73,77,0.51,3,1.0
598,58,912,722,135,127,0.83,1,1.0
599,50,424,1003,194,199,0.83,2,1.0
599,51,488,923,150,155,0.81,2,1.0
599,52,543,851,202,204,0.92,2,1.0
599,53,588,1006,229,211,0.79,1,1.0
599,56,392,267,93,101,0.87,3,1.0
599,57,861,1461,73,84,0.54,3,1.0
599,58,903,721,128,127,0.83,1,1.0
600,50,417,1002,194,198,0.84,2,1.0
600,51,482,922,151,155,0.80,2,1.0
600,52,537,850,201,204,0.92,2,1.0
600,53,582,1004,229,212,0.79,1,1.0
600,56,384,266,93,100,0.86,3,1.0
600,57,855,1460,73,92,0.58,3,1.0
600,58,897,722,124,125,0.82,1,1.0
601,50,408,1001,191,197,0.84,2,1.0
601,51,474,921,148,155,0.81,2,1.0
601,52,527,849,201,203,0.92,2,1.0
601,53,573,1002,230,212,0.81,1,1.0
601,56,372,264,93,99,0.84,3,1.0
601,57,847,1458,71,101,0.65,3,1.0
601,58,888,724,119,122,0.80,1,1.0
602,50,402,1001,188,197,0.82,2,1.0
602,51,469,923,147,156,0.81,2,1.0
602,52,521,848,199,202,0.92,2,1.0
602,53,567,1001,233,211,0.85,1,1.0
602,56,364,264,92,98,0.82,3,1.0
602,57,841,1457,70,108,0.72,3,1.0
602,58,883,726,114,119,0.77,1,1.0
603,50,392,1000,185,197,0.82,2,1.0
603,51,460,924,149,160,0.78,2,1.0
603,52,511,847,200,202,0.93,2,1.0
603,53,558,1001,235,209,0.87,1,1.0
603,56,352,262,91,98,0.81,3,1.0
603,57,832,1455,69,115,0.78,3,1.0
603,58,875,730,107,114,0.72,1,1.0
604,50,386,1000,182,198,0.83,2,1.0
604,51,455,925,148,160,0.76,2,1.0
604,52,503,846,201,201,0.93,2,1.0
604,53,551,1001,236,208,0.85,1,1.0
604,56,344,261,90,98,0.80,3,1.0
604,57,827,1454,66,113,0.81,3,1.0
604,58,869,733,104,110,0.67,1,1.0
605,50,376,999,180,199,0.80,2,1.0
605,51,446,925,144,157,0.78,2,1.0
605,52,493,844,201,202,0.92,2,1.0
605,53,543,999,235,209,0.86,1,1.0
605,56,331,259,90,98,0.80,3,1.0
605,57,823,1453,64,113,0.84,3,1.0
605,58,862,737,98,105,0.62,1,1.0
605,59,909,1491,170,179,0.91,2,1.0
606,50,370,998,179,200,0.77,2,1.0
606,51,441,925,142,153,0.79,2,1.0
606,52,485,843,202,202,0.92,2,1.0
606,53,537,998,234,209,0.85,1,1.0
606,56,322,257,91,100,0.80,3,1.0
606,57,820,1453,64,111,0.84,3,1.0
606,58,857,740,93,100,0.60,1,1.0
606,59,909,1490,170,180,0.91,2,1.0
607,50,360,997,178,200,0.72,2,1.0
607,51,432,925,149,159,0.77,2,1.0
607,52,474,841,204,203,0.92,2,1.0
607,53,528,997,232,208,0.79,1,1.0
607,56,310,256,91,99,0.82,3,1.0
607,57,815,1452,62,109,0.83,3,1.0
607,58,849,741,87,98,0.54,1,1.0
607,59,903,1482,176,187,0.92,2,1.0
608,50,354,997,176,199,0.66,2,1.0
608,51,426,925,155,163,0.79,2,1.0
608,52,468,840,203,203,0.92,2,1.0
608,53,523,995,231,209,0.77,1,1.0
608,56,301,255,91,99,0.84,3,1.0
608,57,815,1452,63,109,0.83,3,1.0
608,58,842,740,85,97,0.51,1,1.0
608,59,899,1478,180,190,0.92,2,1.0
609,50,345,996,175,199,0.65,1,1.0
609,51,418,926,157,157,0.74,2,1.0
609,52,458,839,203,202,0.92,2,1.0
609,53,514,992,230,209,0.76,1,1.0
609,56,289,254,90,99,0.84,3,1.0
609,58,838,740,82,97,0.50,1,1.0
609,59,893,1475,185,192,0.93,2,1.0
609,60,913,1153,132,118,0.91,3,1.0
610,50,339,995,174,199,0.67,2,1.0
610,51,412,925,157,157,0.65,2,1.0
610,52,452,838,203,202,0.93,2,1.0
610,53,505,991,234,209,0.73,1,1.0
610,56,281,253,89,99,0.83,3,1.0
610,58,835,740,82,96,0.48,1,1.0
610,59,885,1470,191,195,0.93,2,1.0
610,60,913,1153,132,118,0.91,3,1.0
611,50,329,995,172,195,0.71,2,1.0
611,51,403,925,163,159,0.59,2,1.0
611,52,442,837,203,202,0.93,2,1.0
611,53,495,990,234,208,0.71,1,1.0
611,56,269,252,89,98,0.83,3,1.0
611,58,829,738,80,97,0.42,1,1.0
611,59,874,1465,197,197,0.94,2,1.0
611,60,906,1152,133,118,0.90,3,1.0
611,61,962,1104,118,167,0.46,3,1.0
612,50,323,994,170,193,0.76,2,1.0
612,51,398,926,160,151,0.55,2,1.0
612,52,435,836,202,202,0.93,2,1.0
612,53,489,988,233,208,0.72,1,1.0
612,56,260,251,89,99,0.81,3,1.0
612,58,830,738,79,97,0.44,1,1.0
612,59,866,1465,199,196,0.94,2,1.0
612,60,903,1151,133,118,0.90,3,1.0
612,61,963,1104,117,166,0.46,3,1.0
613,50,313,992,169,189,0.81,2,1.0
613,51,390,925,157,145,0.50,2,1.0
613,52,425,835,202,202,0.92,2,1.0
613,53,477,985,235,210,0.66,1,1.0
613,56,245,248,92,101,0.79,3,1.0
613,59,854,1463,203,195,0.94,2,1.0
613,60,897,1150,133,118,0.90,3,1.0
613,61,940,1103,140,166,0.58,3,1.0
614,50,307,991,167,185,0.82,2,1.0
614,51,385,924,156,147,0.53,2,1.0
614,52,419,834,200,201,0.92,2,1.0
614,53,470,985,234,209,0.58,1,1.0
614,56,235,247,94,102,0.78,3,1.0
614,59,847,1462,203,195,0.95,2,1.0
614,60,889,1149,133,118,0.90,3,1.0
614,61,929,1103,151,165,0.64,3,1.0
615,50,298,989,165,183,0.85,2,1.0
615,51,381,925,161,150,0.55,2,1.0
615,52,407,832,201,202,0.92,2,1.0
615,53,458,983,236,210,0.59,1,1.0
615,56,220,245,97,103,0.74,3,1.0
615,59,836,1460,204,194,0.95,2,1.0
615,60,877,1148,133,116,0.90,3,1.0
615,61,918,1102,160,165,0.69,3,1.0
616,50,292,988,166,182,0.86,2,1.0
616,51,380,925,159,150,0.55,2,1.0
616,52,400,831,202,201,0.92,2,1.0
616,53,449,981,239,211,0.60,1,1.0
616,56,209,243,99,106,0.71,3,1.0
616,59,830,1458,203,195,0.96,2,1.0
616,60,870,1147,131,115,0.91,3,1.0
616,61,900,1101,177,164,0.78,3,1.0
617,50,283,986,168,182,0.87,2,1.0
617,51,377,924,155,151,0.54,2,1.0
617,52,390,830,202,201,0.91,2,1.0
617,53,436,980,242,211,0.54,1,1.0
617,56,196,242,100,106,0.71,3,1.0
617,59,820,1456,204,194,0.96,2,1.0
617,60,858,1144,131,116,0.92,3,1.0
617,61,878,1099,194,164,0.86,3,1.0
617,62,896,456,104,95,0.73,3,1.0
618,50,277,986,171,182,0.87,2,1.0
618,51,377,924,155,151,0.54,2,1.0
618,52,383,829,202,201,0.91,2,1.0
618,53,429,979,243,211,0.56,1,1.0
618,56,189,242,98,104,0.71,3,1.0
618,59,814,1454,203,195,0.96,2,1.0
618,60,850,1141,131,118,0.92,3,1.0
618,61,870,1098,197,163,0.88,3,1.0
618,62,896,456,104,95,0.72,3,1.0
619,50,267,984,175,184,0.87,2,1.0
619,52,370,827,205,203,0.91,2,1.0
619,53,417,979,238,210,0.63,1,1.0
619,56,178,241,97,102,0.72,3,1.0
619,59,805,1452,202,194,0.96,2,1.0
619,60,839,1138,130,119,0.93,3,1.0
619,61,861,1096,196,162,0.89,3,1.0
619,62,888,456,105,96,0.74,3,1.0
620,50,261,983,178,185,0.86,2,1.0
620,52,363,826,206,204,0.90,2,1.0
620,53,408,980,229,208,0.59,1,1.0
620,56,171,240,96,101,0.76,3,1.0
620,59,799,1450,201,195,0.96,2,1.0
620,60,830,1136,132,120,0.92,3,1.0
620,61,857,1096,192,159,0.90,3,1.0
620,62,884,456,105,96,0.75,3,1.0
621,50,251,982,181,185,0.86,2,1.0
621,52,351,825,209,205,0.89,2,1.0
621,53,402,981,225,206,0.53,1,1.0
621,56,161,239,94,98,0.80,3,1.0
621,59,791,1448,198,194,0.95,2,1.0
621,60,818,1133,133,121,0.92,3,1.0
621,61,845,1094,193,158,0.91,3,1.0
621,62,877,456,106,95,0.77,3,1.0
622,50,244,981,183,185,0.86,2,1.0
622,52,342,824,212,206,0.89,2,1.0
622,53,398,982,219,205,0.57,1,1.0
622,56,153,238,93,97,0.82,3,1.0
622,59,786,1447,196,193,0.95,2,1.0
622,60,811,1133,133,119,0.92,3,1.0
622,61,837,1093,193,157,0.91,3,1.0
622,62,868,456,107,95,0.80,3,1.0
623,50,235,979,182,185,0.86,2,1.0
623,52,329,822,215,209,0.89,2,1.0
623,53,390,983,207,203,0.62,1,1.0
623,56,140,235,94,98,0.82,3,1.0
623,59,777,1445,195,192,0.96,2,1.0
623,60,799,1132,133,118,0.92,3,1.0
623,61,836,1093,183,154,0.92,3,1.0
623,62,854,454,108,96,0.83,3,1.0
624,50,228,978,182,184,0.86,2,1.0
624,52,321,821,217,210,0.89,2,1.0
624,53,390,984,200,202,0.60,1,1.0
624,56,131,234,94,98,0.81,3,1.0
624,59,772,1444,194,192,0.95,2,1.0
624,60,793,1132,131,115,0.92,3,1.0
624,61,835,1091,177,155,0.92,3,1.0
624,62,845,453,109,96,0.85,3,1.0
625,50,219,977,179,183,0.86,2,1.0
625,52,311,820,217,211,0.87,2,1.0
625,56,118,231,95,99,0.81,3,1.0
625,59,764,1444,192,189,0.95,2,1.0
625,60,782,1130,131,114,0.92,3,1.0
625,61,828,1090,174,154,0.92,3,1.0
625,62,832,451,109,96,0.87,3,1.0
626,50,214,976,175,182,0.84,2,1.0
626,52,305,819,216,211,0.86,2,1.0
626,56,109,228,95,100,0.81,3,1.0
626,59,759,1444,190,187,0.94,2,1.0
626,60,776,1129,129,113,0.92,3,1.0
626,61,828,1089,166,153,0.92,3,1.0
626,62,823,450,109,95,0.87,3,1.0
627,50,205,974,173,180,0.84,2,1.0
627,52,296,817,215,214,0.87,2,1.0
627,56,96,225,96,101,0.81,3,1.0
627,59,751,1444,190,185,0.94,2,1.0
627,60,765,1127,130,112,0.92,3,1.0
627,61,830,1088,155,152,0.91,3,1.0
627,62,811,448,109,95,0.87,3,1.0
628,50,199,973,172,178,0.84,2,1.0
628,52,291,816,214,215,0.87,2,1.0
628,56,88,223,96,101,0.82,3,1.0
628,59,746,1443,189,184,0.94,2,1.0
628,60,758,1126,130,111,0.92,3,1.0
628,61,825,1087,153,152,0.91,3,1.0
628,62,802,447,110,94,0.87,3,1.0
629,50,191,971,169,170,0.83,2,1.0
629,52,283,814,213,216,0.88,2,1.0
629,56,75,220,98,101,0.84,3,1.0
629,59,737,1442,190,183,0.94,2,1.0
629,60,748,1122,131,112,0.92,3,1.0
629,61,817,1084,153,153,0.91,3,1.0
629,62,790,445,111,94,0.86,3,1.0
629,63,914,1000,104,143,0.59,3,1.0
629,53,300,963,254,204,0.57,1,1.0
630,50,185,970,169,162,0.83,2,1.0
630,52,277,813,214,217,0.90,2,1.0
630,56,67,218,99,102,0.84,3,1.0
630,59,731,1440,190,183,0.94,2,1.0
630,60,740,1120,132,113,0.92,3,1.0
630,61,815,1082,149,153,0.90,3,1.0
630,62,781,443,113,95,0.85,3,1.0
630,63,914,999,104,144,0.59,3,1.0
630,53,300,963,257,204,0.59,1,1.0
631,50,177,968,168,155,0.83,2,1.0
631,52,269,810,214,219,0.93,2,1.0
631,56,56,214,99,102,0.85,3,1.0
631,59,723,1436,191,185,0.95,2,1.0
631,60,730,1118,132,113,0.91,3,1.0
631,61,809,1080,147,153,0.90,3,1.0
631,62,769,439,115,97,0.86,3,1.0
631,63,902,983,114,158,0.68,3,1.0
631,53,300,963,257,204,0.59,1,1.0
631,64,717,690,89,117,0.72,2,1.0
632,50,171,966,166,149,0.82,2,1.0
632,52,264,808,214,220,0.94,2,1.0
632,56,49,213,99,101,0.86,3,1.0
632,59,718,1433,191,186,0.95,2,1.0
632,60,724,1116,132,113,0.91,3,1.0
632,61,803,1078,147,153,0.90,3,1.0
632,62,762,437,115,97,0.87,3,1.0
632,63,896,976,118,165,0.72,3,1.0
632,53,300,963,257,204,0.59,1,1.0
632,64,717,690,89,117,0.72,2,1.0
633,50,164,964,165,142,0.82,2,1.0
633,52,256,805,215,220,0.94,2,1.0
633,56,38,209,99,102,0.86,3,1.0
633,59,710,1430,190,187,0.95,2,1.0
633,60,715,1113,131,114,0.91,3,1.0
633,61,792,1075,149,153,0.90,3,1.0
633,62,750,434,118,98,0.87,3,1.0
633,63,896,976,118,165,0.72,3,1.0
633,53,293,959,258,203,0.65,1,1.0
633,64,712,689,89,116,0.73,2,1.0
634,50,158,962,165,142,0.83,2,1.0
634,52,251,803,215,220,0.94,2,1.0
634,56,31,206,99,101,0.86,3,1.0
634,59,705,1428,190,187,0.96,2,1.0
634,60,709,1111,131,114,0.92,3,1.0
634,61,784,1074,150,152,0.90,3,1.0
634,62,743,432,119,97,0.89,3,1.0
634,63,890,968,123,172,0.76,3,1.0
634,53,287,954,259,203,0.71,1,1.0
634,64,709,689,90,115,0.73,2,1.0
635,50,151,960,163,141,0.82,2,1.0
635,52,244,800,213,218,0.93,2,1.0
635,56,27,204,98,101,0.85,3,1.0
635,59,698,1426,189,186,0.95,2,1.0
635,60,701,1108,130,114,0.92,3,1.0
635,61,776,1071,149,151,0.90,3,1.0
635,62,733,429,121,97,0.90,3,1.0
635,63,871,955,128,180,0.85,3,1.0
635,53,279,946,256,204,0.66,1,1.0
635,64,704,688,91,114,0.69,2,1.0
635,65,942,1061,138,147,0.88,2,1.0
635,66,626,1425,103,108,0.85,3,1.0
636,50,146,958,164,140,0.83,2,1.0
636,52,239,798,213,214,0.92,2,1.0
636,56,23,203,98,101,0.85,3,1.0
636,59,694,1425,187,185,0.95,2,1.0
636,60,696,1106,130,114,0.93,3,1.0
636,61,771,1070,149,150,0.90,3,1.0
636,62,726,427,123,97,0.89,3,1.0
636,63,863,957,125,174,0.85,3,1.0
636,53,278,944,255,205,0.61,1,1.0
636,64,698,687,92,111,0.64,2,1.0
636,65,942,1061,138,147,0.88,2,1.0
636,66,625,1427,103,105,0.85,3,1.0
637,50,138,955,166,140,0.78,2,1.0
637,52,232,794,212,214,0.88,2,1.0
637,56,17,200,98,101,0.83,3,1.0
637,59,686,1424,187,184,0.95,2,1.0
637,60,687,1102,130,114,0.93,3,1.0
637,61,763,1067,149,150,0.90,3,1.0
637,62,716,423,126,98,0.90,3,1.0
637,63,856,959,120,168,0.85,3,1.0
637,53,278,944,255,205,0.61,1,1.0
637,64,689,684,93,110,0.61,2,1.0
637,65,937,1055,143,151,0.89,2,1.0
637,66,620,1424,103,107,0.85,3,1.0
637,69,777,1405,105,100,0.81,3,1.0
637,68,810,557,123,129,0.80,1,1.0
637,67,178,1068,115,103,0.74,3,1.0
638,50,132,952,167,142,0.72,2,1.0
638,52,227,792,211,212,0.85,2,1.0
638,56,17,200,98,101,0.83,3,1.0
638,59,682,1423,187,183,0.95,2,1.0
638,60,681,1099,130,115,0.93,3,1.0
638,61,759,1065,148,150,0.91,3,1.0
638,62,710,419,127,99,0.90,3,1.0
638,63,856,959,120,168,0.85,3,1.0
638,53,277,942,254,206,0.56,1,1.0
638,64,682,682,96,110,0.58,2,1.0
638,65,934,1053,146,152,0.89,2,1.0
638,66,617,1422,103,108,0.85,3,1.0
638,69,777,1405,105,100,0.81,3,1.0
638,68,810,557,123,129,0.79,1,1.0
638,67,178,1068,115,102,0.74,3,1.0
639,50,125,948,167,141,0.68,2,1.0
639,52,219,788,212,210,0.85,2,1.0
639,59,674,1421,188,183,0.95,2,1.0
639,60,673,1095,130,115,0.93,3,1.0
639,61,752,1062,147,151,0.92,3,1.0
639,62,700,414,129,100,0.89,3,1.0
639,63,845,951,124,172,0.84,3,1.0
639,53,266,935,249,209,0.48,1,1.0
639,64,673,679,97,108,0.56,1,1.0
639,65,931,1051,148,152,0.89,2,1.0
639,66,613,1420,105,109,0.86,3,1.0
639,69,781,1403,98,99,0.81,3,1.0
639,68,805,554,123,131,0.69,1,1.0
639,67,172,1064,116,103,0.73,3,1.0
640,50,119,945,169,141,0.65,2,1.0
640,52,214,784,213,212,0.84,2,1.0
640,59,669,1419,188,183,0.95,2,1.0
640,60,667,1091,131,117,0.93,3,1.0
640,61,746,1059,149,152,0.92,3,1.0
640,62,694,410,129,102,0.89,3,1.0
640,63,835,944,126,175,0.84,3,1.0
640,53,257,933,246,209,0.50,1,1.0
640,64,667,676,99,109,0.59,1,1.0
640,65,926,1048,153,152,0.89,2,1.0
640,66,606,1418,107,109,0.87,3,1.0
640,69,783,1403,94,97,0.81,3,1.0
640,68,803,552,122,132,0.64,1,1.0
640,67,169,1062,117,104,0.73,3,1.0
641,50,112,941,168,139,0.63,2,1.0
641,52,206,779,214,214,0.85,2,1.0
641,59,662,1418,188,181,0.96,2,1.0
641,60,659,1087,131,117,0.93,3,1.0
641,61,737,1055,150,153,0.92,3,1.0
641,62,685,405,127,102,0.89,3,1.0
641,63,821,934,127,178,0.67,3,1.0
641,53,241,922,251,213,0.52,1,1.0
641,64,658,672,101,109,0.58,1,1.0
641,65,917,1044,161,152,0.91,2,1.0
641,66,597,1410,110,114,0.87,3,1.0
641,69,783,1403,94,97,0.81,3,1.0
641,68,801,551,124,135,0.61,1,1.0
641,67,164,1059,117,105,0.75,3,1.0
642,50,107,939,167,136,0.66,2,1.0
642,52,201,776,215,214,0.88,2,1.0
642,59,658,1417,187,179,0.95,2,1.0
642,60,654,1084,131,117,0.92,3,1.0
642,61,731,1052,151,153,0.92,3,1.0
642,62,679,401,125,102,0.89,3,1.0
642,63,819,933,126,177,0.60,3,1.0
642,53,237,917,255,215,0.52,1,1.0
642,64,651,670,103,108,0.56,1,1.0
642,65,912,1043,165,150,0.92,2,1.0
642,66,591,1405,113,118,0.87,3,1.0
642,69,769,1398,102,100,0.78,3,1.0
642,68,797,548,125,139,0.55,1,1.0
642,67,156,1055,120,106,0.77,3,1.0
643,50,101,936,164,133,0.64,2,1.0
643,52,194,771,215,212,0.90,2,1.0
643,59,652,1413,187,180,0.95,2,1.0
643,60,646,1081,131,115,0.92,3,1.0
643,61,722,1048,152,153,0.92,3,1.0
643,62,671,396,122,102,0.88,3,1.0
643,63,815,932,132,176,0.61,3,1.0
643,53,247,915,241,208,0.55,1,1.0
643,64,642,666,104,108,0.61,2,1.0
643,65,904,1040,169,147,0.93,2,1.0
643,66,582,1399,116,120,0.88,3,1.0
643,69,756,1393,107,101,0.79,3,1.0
643,68,791,545,128,142,0.53,2,1.0
643,67,146,1049,121,107,0.80,3,1.0
644,50,97,934,163,134,0.61,2,1.0
644,52,189,769,215,211,0.89,2,1.0
644,59,647,1411,187,179,0.95,2,1.0
644,60,642,1079,130,114,0.93,3,1.0
644,61,717,1046,151,152,0.92,3,1.0
644,62,666,394,120,100,0.89,3,1.0
644,63,809,930,139,175,0.57,3,1.0
644,53,255,910,229,201,0.57,1,1.0
644,64,636,663,105,109,0.64,2,1.0
644,65,899,1037,170,146,0.93,2,1.0
644,66,577,1393,116,124,0.89,3,1.0
644,69,740,1388,118,104,0.81,3,1.0
644,68,788,543,131,145,0.57,2,1.0
644,67,139,1045,121,108,0.84,3,1.0
645,50,90,930,159,133,0.56,2,1.0
645,52,182,764,214,211,0.87,2,1.0
645,59,641,1408,186,179,0.95,2,1.0
645,60,634,1074,130,114,0.92,3,1.0
645,61,709,1042,152,151,0.92,3,1.0
645,62,658,388,118,101,0.90,3,1.0
645,63,802,929,139,171,0.46,3,1.0
645,53,245,904,232,202,0.60,1,1.0
645,64,627,659,106,109,0.67,2,1.0
645,65,891,1032,172,146,0.94,2,1.0
645,66,569,1386,117,128,0.89,3,1.0
645,69,723,1382,127,106,0.81,3,1.0
645,68,782,540,135,147,0.63,2,1.0
645,67,129,1038,123,110,0.88,3,1.0
646,50,86,927,156,133,0.50,2,1.0
646,52,176,760,215,211,0.85,2,1.0
646,59,637,1405,186,179,0.95,2,1.0
646,60,629,1071,129,114,0.92,3,1.0
646,61,704,1039,153,151,0.92,3,1.0
646,62,653,384,118,102,0.91,3,1.0
646,63,797,928,141,169,0.46,3,1.0
646,53,240,905,230,199,0.61,1,1.0
646,64,621,656,107,109,0.74,1,1.0
646,65,887,1027,171,147,0.94,2,1.0
646,66,564,1384,118,129,0.90,3,1.0
646,69,722,1382,127,105,0.82,3,1.0
646,68,777,537,138,147,0.68,2,1.0
646,67,123,1034,123,110,0.89,3,1.0
647,50,79,921,159,134,0.50,2,1.0
647,52,169,755,214,209,0.84,2,1.0
647,59,630,1399,187,181,0.95,2,1.0
647,60,622,1066,130,113,0.92,3,1.0
647,61,698,1035,153,151,0.92,3,1.0
647,62,645,377,120,104,0.91,3,1.0
647,63,793,927,145,167,0.48,2,1.0
647,53,232,903,231,200,0.57,1,1.0
647,64,613,652,108,110,0.80,1,1.0
647,65,880,1020,171,148,0.94,2,1.0
647,66,557,1380,119,129,0.91,3,1.0
647,69,720,1379,123,104,0.82,3,1.0
647,68,771,533,138,145,0.75,2,1.0
647,67,115,1028,122,109,0.91,3,1.0
648,50,74,917,162,133,0.55,2,1.0
648,52,164,752,214,209,0.85,2,1.0
648,59,626,1396,187,181,0.95,2,1.0
648,60,617,1063,131,113,0.91,3,1.0
648,61,695,1032,152,151,0.92,3,1.0
648,62,640,372,121,105,0.90,3,1.0
648,63,792,927,141,166,0.43,2,1.0
648,53,211,901,248,209,0.50,1,1.0
648,64,608,650,109,110,0.78,1,1.0
648,65,876,1014,170,150,0.94,2,1.0
648,66,552,1377,120,130,0.91,3,1.0
648,69,718,1376,121,104,0.78,3,1.0
648,68,765,529,139,143,0.78,2,1.0
648,67,110,1025,121,107,0.91,3,1.0
649,50,70,913,162,133,0.56,2,1.0
649,52,157,745,214,209,0.87,1,1.0
649,59,620,1393,187,180,0.95,2,1.0
649,60,610,1057,131,113,0.91,3,1.0
649,61,688,1027,152,151,0.92,3,1.0
649,62,632,364,124,107,0.90,3,1.0
649,63,782,919,136,164,0.37,3,1.0
649,53,189,899,264,216,0.48,1,1.0
649,64,600,645,113,112,0.72,1,1.0
649,65,870,1008,170,151,0.94,2,1.0
649,66,546,1374,121,130,0.90,3,1.0
649,69,714,1372,119,104,0.77,3,1.0
649,68,759,525,140,140,0.82,2,1.0
649,67,102,1018,120,107,0.91,3,1.0
650,50,68,911,167,134,0.61,2,1.0
650,52,152,741,215,208,0.89,1,1.0
650,59,616,1390,187,180,0.95,2,1.0
650,60,607,1053,129,112,0.91,3,1.0
650,61,683,1022,153,153,0.91,3,1.0
650,62,628,359,124,107,0.90,3,1.0
650,63,774,912,141,163,0.43,3,1.0
650,53,185,897,264,218,0.47,1,1.0
650,64,595,641,117,115,0.67,1,1.0
650,65,867,1004,169,150,0.94,2,1.0
650,66,542,1371,122,130,0.90,3,1.0
650,69,711,1369,119,105,0.77,3,1.0
650,68,756,522,140,138,0.84,2,1.0
650,67,97,1013,120,107,0.91,3,1.0
651,50,64,906,177,136,0.71,2,1.0
651,52,145,734,215,207,0.91,2,1.0
651,59,610,1386,187,179,0.95,2,1.0
651,60,600,1047,130,112,0.91,3,1.0
651,61,676,1017,154,154,0.91,3,1.0
651,62,622,350,125,107,0.90,3,1.0
651,63,767,905,146,163,0.45,3,1.0
651,53,177,891,267,221,0.49,1,1.0
651,64,589,636,120,116,0.64,1,1.0
651,65,860,996,170,153,0.94,2,1.0
651,66,536,1367,124,129,0.91,3,1.0
651,69,705,1363,119,107,0.77,3,1.0
651,68,751,517,140,139,0.86,2,1.0
651,67,89,1005,120,108,0.92,3,1.0
652,50,64,906,177,136,0.71,2,1.0
652,52,141,728,215,208,0.91,2,1.0
652,59,606,1384,188,179,0.95,2,1.0
652,60,595,1042,130,113,0.91,3,1.0
652,61,670,1012,157,156,0.91,3,1.0
652,62,618,345,124,105,0.90,3,1.0
652,63,767,905,146,163,0.45,3,1.0
652,53,172,888,268,219,0.58,1,1.0
652,64,585,632,121,116,0.61,1,1.0
652,65,855,991,171,154,0.94,2,1.0
652,66,533,1364,124,129,0.91,3,1.0
652,69,701,1360,120,107,0.81,3,1.0
652,68,747,514,143,142,0.88,2,1.0
652,67,83,1000,121,108,0.92,3,1.0
653,52,134,721,215,207,0.90,2,1.0
653,59,601,1380,187,178,0.95,2,1.0
653,60,589,1036,129,113,0.90,3,1.0
653,61,662,1007,159,156,0.92,3,1.0
653,62,612,337,123,104,0.90,3,1.0
653,63,763,914,140,146,0.57,3,1.0
653,53,165,881,268,219,0.65,1,1.0
653,64,578,626,125,121,0.61,2,1.0
653,65,849,985,170,154,0.94,2,1.0
653,66,527,1361,125,128,0.91,3,1.0
653,69,698,1357,118,105,0.81,3,1.0
653,68,743,508,144,145,0.89,2,1.0
653,67,75,992,122,108,0.92,3,1.0
654,52,129,716,216,207,0.88,2,1.0
654,59,597,1375,187,179,0.95,2,1.0
654,60,585,1032,129,113,0.90,3,1.0
654,61,657,1003,160,156,0.92,3,1.0
654,62,608,331,123,103,0.91,3,1.0
654,63,760,924,134,128,0.70,3,1.0
654,53,170,877,259,218,0.66,1,1.0
654,64,573,622,127,124,0.65,2,1.0
654,65,845,979,170,156,0.94,2,1.0
654,66,524,1358,124,129,0.91,3,1.0
654,69,698,1354,115,105,0.79,3,1.0
654,68,740,505,144,147,0.89,2,1.0
654,67,70,988,122,108,0.93,3,1.0
654,70,726,1368,79,82,0.63,3,1.0
655,52,123,710,215,207,0.88,2,1.0
655,59,592,1371,187,179,0.96,2,1.0
655,60,578,1025,131,114,0.90,3,1.0
655,61,651,998,160,155,0.92,3,1.0
655,62,602,323,123,100,0.90,3,1.0
655,63,752,931,130,110,0.73,3,1.0
655,53,162,869,261,220,0.70,1,1.0
655,64,566,618,130,127,0.70,2,1.0
655,65,837,970,172,159,0.94,2,1.0
655,66,519,1354,126,129,0.90,3,1.0
655,69,692,1350,116,105,0.79,3,1.0
655,68,735,499,143,148,0.90,2,1.0
655,67,61,980,123,108,0.94,3,1.0
655,70,726,1368,79,82,0.63,3,1.0
656,52,118,705,215,208,0.88,2,1.0
656,59,588,1369,187,177,0.96,2,1.0
656,60,574,1020,131,114,0.90,3,1.0
656,61,647,994,160,154,0.92,3,1.0
656,62,598,317,124,99,0.89,3,1.0
656,63,750,930,132,109,0.69,3,1.0
656,53,157,863,261,223,0.71,1,1.0
656,64,561,615,133,130,0.71,2,1.0
656,65,833,965,171,159,0.94,2,1.0
656,66,517,1352,125,129,0.88,3,1.0
656,69,690,1347,115,106,0.79,3,1.0
656,68,731,496,142,145,0.91,2,1.0
656,67,55,975,124,108,0.95,3,1.0
656,70,726,1368,79,82,0.63,3,1.0
657,52,112,698,215,208,0.87,2,1.0
657,59,583,1364,187,177,0.96,2,1.0
657,60,569,1014,129,113,0.90,3,1.0
657,61,638,988,163,154,0.92,3,1.0
657,62,592,307,124,99,0.89,3,1.0
657,63,749,930,129,105,0.71,3,1.0
657,53,149,855,262,226,0.67,1,1.0
657,64,554,608,135,136,0.72,2,1.0
657,65,827,958,170,158,0.93,2,1.0
657,66,512,1348,124,128,0.88,3,1.0
657,69,683,1343,117,105,0.79,3,1.0
657,68,727,491,140,143,0.89,2,1.0
657,67,47,967,124,108,0.95,3,1.0
657,70,726,1368,79,82,0.63,3,1.0
658,52,108,693,214,209,0.89,2,1.0
658,59,579,1362,188,175,0.95,2,1.0
658,60,564,1009,130,113,0.91,3,1.0
658,61,632,983,165,155,0.91,3,1.0
658,62,587,300,126,99,0.88,3,1.0
658,63,746,928,128,102,0.71,3,1.0
658,53,144,852,262,225,0.65,1,1.0
658,64,550,603,136,138,0.71,2,1.0
658,65,822,953,171,159,0.93,2,1.0
658,66,510,1345,123,127,0.88,3,1.0
658,69,674,1339,123,106,0.82,3,1.0
658,68,723,488,139,142,0.87,2,1.0
658,67,41,961,125,109,0.95,3,1.0
658,70,726,1368,79,82,0.63,3,1.0
659,52,101,686,215,209,0.91,2,1.0
659,59,574,1358,187,174,0.95,2,1.0
659,60,558,1001,130,113,0.91,3,1.0
659,61,626,976,166,155,0.91,3,1.0
659,62,581,291,126,98,0.87,3,1.0
659,63,741,924,127,98,0.70,3,1.0
659,53,129,843,270,229,0.69,1,1.0
659,64,544,596,136,140,0.74,2,1.0
659,65,816,945,171,160,0.93,2,1.0
659,66,504,1339,124,127,0.89,3,1.0
659,69,665,1333,128,107,0.85,3,1.0
659,68,718,484,140,142,0.84,2,1.0
659,67,32,952,126,109,0.95,3,1.0
660,52,97,681,216,208,0.91,2,1.0
660,59,570,1353,188,176,0.95,2,1.0
660,60,554,996,130,114,0.92,3,1.0
660,61,621,972,167,155,0.91,3,1.0
660,62,577,285,125,99,0.88,3,1.0
660,63,738,921,125,96,0.75,3,1.0
660,53,126,838,268,230,0.69,1,1.0
660,64,541,591,135,141,0.76,2,1.0
660,65,812,942,171,159,0.93,2,1.0
660,66,500,1335,123,127,0.91,3,1.0
660,69,661,1329,129,107,0.85,3,1.0
660,68,715,480,142,145,0.80,2,1.0
660,67,27,946,126,110,0.94,3,1.0
660,50,1,849,186,188,0.50,2,1.0
661,52,91,673,215,208,0.91,2,1.0
661,59,564,1345,189,178,0.95,2,1.0
661,60,547,989,130,114,0.92,3,1.0
661,61,614,965,169,156,0.91,3,1.0
661,62,570,275,126,101,0.87,3,1.0
661,63,735,915,120,94,0.83,3,1.0
661,53,120,831,266,231,0.69,1,1.0
661,64,536,584,132,143,0.79,1,1.0
661,65,806,935,171,159,0.94,2,1.0
661,66,494,1329,123,128,0.92,3,1.0
661,69,660,1326,125,105,0.82,3,1.0
661,68,709,474,143,147,0.76,2,1.0
661,67,19,937,126,110,0.94,3,1.0
661,50,1,849,186,188,0.50,2,1.0
662,52,87,667,214,209,0.91,2,1.0
662,59,561,1340,189,180,0.95,2,1.0
662,60,543,984,130,114,0.91,3,1.0
662,61,612,961,167,156,0.91,3,1.0
662,62,566,270,126,101,0.87,3,1.0
662,63,732,909,119,95,0.86,3,1.0
662,53,117,826,264,232,0.75,1,1.0
662,64,533,580,130,144,0.84,1,1.0
662,65,802,931,171,159,0.93,2,1.0
662,66,491,1326,124,129,0.92,3,1.0
662,69,664,1324,118,102,0.79,3,1.0
662,68,705,470,145,149,0.74,2,1.0
662,67,14,930,126,111,0.94,3,1.0
662,50,1,849,186,188,0.50,2,1.0
663,52,80,659,214,209,0.90,2,1.0
663,59,556,1334,189,180,0.95,2,1.0
663,60,537,976,131,116,0.91,3,1.0
663,61,608,955,165,155,0.91,3,1.0
663,62,559,262,127,101,0.83,3,1.0
663,63,727,897,118,99,0.87,3,1.0
663,53,112,818,261,235,0.81,1,1.0
663,64,528,576,126,142,0.88,1,1.0
663,65,796,924,170,159,0.93,2,1.0
663,66,485,1321,125,129,0.93,3,1.0
663,69,667,1320,110,101,0.76,3,1.0
663,68,699,464,143,150,0.68,2,1.0
663,67,8,922,124,110,0.93,3,1.0
663,50,1,849,186,188,0.50,2,1.0
663,71,690,1328,77,81,0.64,3,1.0
664,52,76,653,213,210,0.88,2,1.0
664,59,553,1331,189,179,0.95,2,1.0
664,60,533,972,131,115,0.90,3,1.0
664,61,604,950,165,157,0.91,3,1.0
664,62,554,255,129,103,0.80,3,1.0
664,63,724,890,117,101,0.88,3,1.0
664,53,108,813,260,236,0.81,1,1.0
664,64,523,573,125,141,0.89,1,1.0
664,65,792,920,170,159,0.93,2,1.0
664,66,483,1318,124,129,0.92,3,1.0
664,69,670,1319,103,98,0.73,3,1.0
664,68,696,460,138,149,0.64,2,1.0
664,67,4,917,123,109,0.93,3,1.0
664,50,1,849,186,188,0.50,2,1.0
664,71,690,1328,77,81,0.65,3,1.0
665,52,69,646,213,208,0.86,2,1.0
665,59,548,1326,189,178,0.95,2,1.0
665,60,527,965,131,115,0.90,3,1.0
665,61,598,944,165,156,0.92,3,1.0
665,62,548,246,129,105,0.80,3,1.0
665,63,719,882,115,102,0.90,3,1.0
665,53,102,802,262,242,0.81,1,1.0
665,64,518,568,121,140,0.89,1,1.0
665,65,786,913,169,158,0.93,2,1.0
665,66,479,1313,123,128,0.93,3,1.0
665,69,673,1316,95,96,0.73,3,1.0
665,68,692,454,134,144,0.66,2,1.0
665,67,1,913,122,109,0.93,3,1.0
665,71,690,1328,77,81,0.65,3,1.0
666,52,65,641,213,207,0.84,2,1.0
666,59,545,1325,187,175,0.95,2,1.0
666,60,523,960,131,115,0.91,3,1.0
666,61,594,940,164,156,0.92,3,1.0
666,62,544,240,129,107,0.80,3,1.0
666,63,715,877,115,101,0.89,3,1.0
666,53,100,793,264,247,0.82,1,1.0
666,64,514,566,119,138,0.90,1,1.0
666,65,782,909,168,158,0.93,2,1.0
666,66,476,1310,122,126,0.94,3,1.0
666,69,672,1314,93,95,0.76,3,1.0
666,68,691,450,130,140,0.69,2,1.0
666,67,1,911,119,108,0.93,3,1.0
666,71,690,1328,77,81,0.65,3,1.0
667,52,59,633,213,207,0.84,2,1.0
667,59,540,1320,187,174,0.94,2,1.0
667,60,516,953,132,115,0.91,3,1.0
667,61,587,934,166,156,0.92,3,1.0
667,62,538,232,128,110,0.81,3,1.0
667,63,709,868,115,103,0.89,3,1.0
667,53,95,786,265,248,0.81,1,1.0
667,64,508,561,117,137,0.89,1,1.0
667,65,777,902,167,157,0.93,2,1.0
667,66,471,1305,121,126,0.95,3,1.0
667,69,670,1309,91,95,0.76,3,1.0
667,68,689,448,127,136,0.69,2,1.0
667,67,0,907,116,106,0.92,3,1.0
667,71,686,1327,75,76,0.63,3,1.0
668,52,55,629,213,207,0.85,2,1.0
668,59,536,1315,188,176,0.95,2,1.0
668,60,512,948,132,114,0.91,3,1.0
668,61,583,930,166,156,0.92,3,1.0
668,62,534,227,128,112,0.84,3,1.0
668,63,705,864,114,102,0.91,3,1.0
668,53,92,781,267,249,0.79,1,1.0
668,64,504,558,116,137,0.88,1,1.0
668,65,774,898,165,156,0.93,2,1.0
668,66,468,1302,121,125,0.95,3,1.0
668,69,669,1306,88,95,0.77,3,1.0
668,68,690,446,126,133,0.75,2,1.0
668,67,0,907,116,106,0.92,3,1.0
668,71,682,1325,74,73,0.61,3,1.0
669,52,49,622,213,207,0.86,2,1.0
669,59,531,1310,187,175,0.95,2,1.0
669,60,507,942,132,114,0.90,3,1.0
669,61,577,924,166,155,0.92,3,1.0
669,62,528,219,127,115,0.87,3,1.0
669,63,699,856,114,103,0.90,3,1.0
669,53,86,775,268,249,0.73,1,1.0
669,64,502,556,114,136,0.88,1,1.0
669,65,769,892,164,155,0.93,2,1.0
669,66,464,1297,121,125,0.96,3,1.0
669,69,663,1301,90,95,0.79,3,1.0
669,68,690,442,126,127,0.88,2,1.0
669,71,676,1318,72,72,0.49,3,1.0
670,52,46,618,213,207,0.86,2,1.0
670,59,527,1306,188,176,0.95,2,1.0
670,60,503,937,131,114,0.90,3,1.0
670,61,572,920,168,156,0.92,3,1.0
670,62,524,213,127,118,0.87,3,1.0
670,63,695,848,114,106,0.89,3,1.0
670,53,80,776,268,243,0.66,1,1.0
670,64,501,555,113,136,0.87,1,1.0
670,65,765,887,164,156,0.93,2,1.0
670,66,461,1294,121,126,0.95,3,1.0
670,69,658,1297,92,96,0.78,3,1.0
670,68,690,442,126,126,0.88,2,1.0
670,71,676,1318,72,72,0.49,3,1.0
671,52,40,611,213,210,0.85,2,1.0
671,59,522,1300,188,177,0.95,2,1.0
671,60,497,931,131,113,0.89,3,1.0
671,61,567,914,169,157,0.91,3,1.0
671,62,519,205,127,120,0.83,3,1.0
671,63,689,841,114,107,0.89,3,1.0
671,53,77,777,266,238,0.62,1,1.0
671,64,497,552,113,137,0.86,1,1.0
671,65,759,881,164,155,0.94,2,1.0
671,66,456,1289,122,126,0.94,3,1.0
671,69,651,1291,94,98,0.74,3,1.0
671,68,665,417,149,151,0.70,2,1.0
671,71,672,1314,72,73,0.48,3,1.0
672,52,36,606,213,212,0.81,2,1.0
672,59,519,1297,188,176,0.95,2,1.0
672,60,493,926,131,114,0.90,3,1.0
672,61,564,910,168,157,0.91,3,1.0
672,62,516,199,127,121,0.79,3,1.0
672,63,685,838,114,106,0.89,3,1.0
672,53,74,777,266,236,0.58,1,1.0
672,64,497,552,113,137,0.86,1,1.0
672,65,755,878,165,154,0.94,2,1.0
672,66,453,1286,121,125,0.94,3,1.0
672,69,644,1286,98,101,0.71,3,1.0
672,68,665,417,149,151,0.69,2,1.0
672,71,667,1308,73,75,0.43,3,1.0
673,52,30,600,214,213,0.79,2,1.0
673,59,514,1293,187,175,0.95,2,1.0
673,60,488,920,130,114,0.90,3,1.0
673,61,558,904,169,157,0.91,3,1.0
673,62,510,191,128,121,0.78,3,1.0
673,63,679,831,115,106,0.85,3,1.0
673,53,65,769,265,235,0.64,1,1.0
673,64,477,531,127,134,0.93,1,1.0
673,65,749,872,165,155,0.94,2,1.0
673,66,448,1282,122,124,0.94,3,1.0
673,69,638,1282,100,101,0.73,3,1.0
673,68,663,418,145,148,0.70,2,1.0
673,71,664,1302,73,79,0.38,3,1.0
673,72,669,749,148,125,0.88,3,1.0
674,52,26,595,215,214,0.78,2,1.0
674,59,511,1291,187,174,0.95,2,1.0
674,60,484,916,131,113,0.91,3,1.0
674,61,555,901,168,157,0.91,3,1.0
674,62,505,186,130,121,0.77,3,1.0
674,63,676,829,114,104,0.83,3,1.0
674,53,62,762,263,236,0.80,1,1.0
674,64,477,531,127,135,0.93,1,1.0
674,65,746,867,163,156,0.94,2,1.0
674,66,445,1279,121,123,0.95,3,1.0
674,69,636,1279,99,101,0.73,3,1.0
674,68,662,418,143,147,0.71,2,1.0
674,71,660,1300,74,78,0.41,3,1.0
674,72,671,750,146,124,0.89,3,1.0
675,52,20,590,215,213,0.77,2,1.0
675,59,507,1286,186,173,0.95,2,1.0
675,60,478,910,131,113,0.91,3,1.0
675,61,549,896,168,156,0.91,3,1.0
675,62,500,179,129,119,0.72,3,1.0
675,63,670,824,113,102,0.84,3,1.0
675,53,56,752,264,236,0.93,1,1.0
675,64,475,532,126,130,0.89,1,1.0
675,65,741,861,160,155,0.95,2,1.0
675,66,440,1275,121,123,0.94,3,1.0
675,69,635,1276,95,100,0.72,3,1.0
675,68,660,414,144,149,0.68,2,1.0
675,71,657,1298,72,75,0.49,3,1.0
675,72,666,746,147,123,0.86,3,1.0
676,52,17,586,215,212,0.77,2,1.0
676,59,503,1283,187,173,0.95,2,1.0
676,60,474,906,131,113,0.91,3,1.0
676,61,545,893,168,155,0.91,3,1.0
676,62,497,174,128,119,0.71,3,1.0
676,63,666,818,113,104,0.83,3,1.0
676,53,55,751,265,235,0.92,1,1.0
676,64,475,533,125,128,0.87,1,1.0
676,65,738,858,157,154,0.95,2,1.0
676,66,437,1271,121,124,0.94,3,1.0
676,69,635,1275,92,97,0.75,3,1.0
676,68,657,409,145,151,0.65,2,1.0
676,71,654,1295,70,72,0.57,3,1.0
676,72,663,745,147,122,0.85,3,1.0
677,52,12,580,215,211,0.80,2,1.0
677,59,499,1278,185,173,0.94,2,1.0
677,60,469,901,130,112,0.91,3,1.0
677,61,539,887,168,156,0.91,3,1.0
677,62,491,167,128,119,0.65,3,1.0
677,63,660,811,113,105,0.83,3,1.0
677,53,51,748,264,235,0.89,1,1.0
677,64,473,532,126,127,0.85,1,1.0
677,65,733,852,153,153,0.94,2,1.0
677,66,432,1267,122,124,0.95,3,1.0
677,69,631,1273,90,93,0.68,3,1.0
677,68,652,404,147,152,0.63,2,1.0
677,71,653,1293,63,66,0.72,3,1.0
677,72,661,741,146,122,0.84,3,1.0
678,52,9,576,214,210,0.80,2,1.0
678,59,495,1275,186,172,0.94,2,1.0
678,60,465,897,130,113,0.91,3,1.0
678,61,535,883,169,156,0.91,3,1.0
678,62,487,162,128,119,0.56,3,1.0
678,63,656,808,113,104,0.87,3,1.0
678,53,47,745,263,235,0.85,1,1.0
678,64,471,531,126,125,0.80,1,1.0
678,65,730,850,150,151,0.94,2,1.0
678,66,429,1264,123,125,0.94,3,1.0
678,69,628,1271,89,92,0.58,3,1.0
678,68,648,398,151,155,0.60,2,1.0
678,71,653,1294,61,64,0.76,3,1.0
678,72,657,736,145,122,0.84,3,1.0
679,52,5,571,212,209,0.81,2,1.0
679,59,490,1270,186,172,0.94,2,1.0
679,60,459,891,130,113,0.91,3,1.0
679,61,529,878,168,156,0.92,3,1.0
679,62,481,156,128,118,0.48,3,1.0
679,63,650,803,113,103,0.91,3,1.0
679,53,41,739,267,236,0.83,1,1.0
679,64,466,527,128,126,0.75,1,1.0
679,65,724,844,147,151,0.93,2,1.0
679,66,424,1260,123,125,0.93,3,1.0
679,69,623,1267,89,92,0.54,3,1.0
679,68,643,391,155,157,0.63,2,1.0
679,71,649,1290,62,66,0.77,3,1.0
679,72,651,730,144,122,0.83,3,1.0
680,52,3,566,211,210,0.81,2,1.0
680,59,486,1267,186,171,0.94,2,1.0
680,60,455,887,130,113,0.91,3,1.0
680,61,526,874,168,157,0.92,3,1.0
680,62,476,151,130,118,0.46,3,1.0
680,63,646,800,113,103,0.93,3,1.0
680,53,37,734,268,239,0.83,1,1.0
680,64,462,523,129,128,0.73,1,1.0
680,65,720,839,145,152,0.93,2,1.0
680,66,421,1257,124,125,0.93,3,1.0
680,69,617,1263,92,94,0.52,3,1.0
680,68,639,388,156,158,0.70,2,1.0
680,71,645,1286,63,67,0.80,3,1.0
680,72,648,725,143,123,0.84,3,1.0
681,52,1,560,208,210,0.76,2,1.0
681,59,481,1264,185,170,0.94,2,1.0
681,60,449,882,131,113,0.91,3,1.0
681,61,519,869,169,158,0.92,3,1.0
681,62,470,144,130,117,0.39,3,1.0
681,63,640,794,112,104,0.94,3,1.0
681,53,42,731,259,238,0.83,1,1.0
681,64,458,517,131,131,0.73,1,1.0
681,65,713,834,144,152,0.93,2,1.0
681,66,416,1252,124,124,0.93,3,1.0
681,69,613,1261,93,94,0.47,3,1.0
681,68,634,384,156,159,0.76,1,1.0
681,71,643,1284,60,65,0.85,3,1.0
681,72,642,719,143,124,0.85,3,1.0
682,52,0,558,205,209,0.70,2,1.0
682,59,477,1262,185,169,0.94,2,1.0
682,60,444,879,132,113,0.91,3,1.0
682,61,515,866,170,159,0.92,3,1.0
682,62,466,140,130,116,0.37,3,1.0
682,63,636,791,112,104,0.93,3,1.0
682,53,50,729,251,237,0.86,1,1.0
682,64,454,514,133,133,0.75,1,1.0
682,65,709,831,142,152,0.93,2,1.0
682,66,413,1250,123,123,0.93,3,1.0
682,69,612,1259,93,96,0.52,3,1.0
682,68,632,383,156,158,0.82,1,1.0
682,71,640,1282,60,65,0.85,3,1.0
682,72,636,715,145,125,0.85,3,1.0
683,52,0,553,199,210,0.63,2,1.0
683,59,472,1260,184,167,0.94,2,1.0
683,60,438,874,132,113,0.91,3,1.0
683,61,509,861,170,160,0.92,3,1.0
683,62,461,136,129,112,0.37,3,1.0
683,63,629,787,113,103,0.91,3,1.0
683,53,45,724,254,238,0.89,1,1.0
683,64,449,509,134,135,0.78,1,1.0
683,65,702,826,140,152,0.93,2,1.0
683,66,408,1247,122,122,0.93,3,1.0
683,69,608,1255,89,95,0.65,3,1.0
683,68,628,380,155,158,0.89,2,1.0
683,71,634,1278,61,66,0.84,3,1.0
683,72,629,710,145,125,0.84,3,1.0
684,52,0,551,196,209,0.56,2,1.0
684,59,469,1259,184,166,0.94,2,1.0
684,60,434,871,131,114,0.92,3,1.0
684,61,505,858,171,160,0.92,3,1.0
684,62,458,133,127,110,0.37,3,1.0
684,63,626,786,112,101,0.87,3,1.0
684,53,41,723,255,235,0.90,1,1.0
684,64,447,507,134,135,0.82,1,1.0
684,65,697,824,139,151,0.93,2,1.0
684,66,405,1245,121,122,0.94,3,1.0
684,69,607,1255,84,90,0.67,3,1.0
684,68,625,379,156,158,0.88,2,1.0
684,71,632,1277,60,64,0.84,3,1.0
684,72,623,707,146,125,0.83,3,1.0
685,52,0,547,189,203,0.52,2,1.0
685,59,464,1256,183,165,0.94,2,1.0
685,60,429,867,130,114,0.93,3,1.0
685,61,499,855,172,159,0.92,3,1.0
685,62,456,131,126,108,0.34,3,1.0
685,63,619,780,112,103,0.87,3,1.0
685,53,46,721,243,233,0.89,1,1.0
685,64,443,505,134,134,0.87,1,1.0
685,65,691,821,135,150,0.92,2,1.0
685,66,401,1242,121,122,0.93,3,1.0
685,69,607,1254,78,86,0.69,3,1.0
685,68,621,378,156,157,0.88,2,1.0
685,71,631,1276,56,62,0.84,3,1.0
685,72,617,704,145,123,0.83,3,1.0
686,52,0,544,184,197,0.55,2,1.0
686,59,461,1252,182,166,0.94,2,1.0
686,60,426,864,129,114,0.93,3,1.0
686,61,496,852,171,160,0.92,3,1.0
686,62,455,131,125,107,0.36,3,1.0
686,63,615,776,112,104,0.87,3,1.0
686,53,44,718,241,233,0.88,1,1.0
686,64,440,503,133,134,0.88,1,1.0
686,65,687,817,132,152,0.92,2,1.0
686,66,398,1241,121,121,0.93,3,1.0
686,69,607,1254,78,86,0.69,3,1.0
686,68,617,377,158,157,0.88,2,1.0
686,71,627,1274,56,62,0.82,3,1.0
686,72,614,702,143,122,0.84,3,1.0
687,52,0,541,178,195,0.52,2,1.0
687,59,456,1248,182,166,0.94,2,1.0
687,60,420,861,130,114,0.93,3,1.0
687,61,490,850,172,158,0.92,3,1.0
687,62,453,130,124,104,0.40,3,1.0
687,63,610,775,111,102,0.87,3,1.0
687,53,28,714,251,234,0.88,1,1.0
687,64,437,503,131,131,0.89,1,1.0
687,65,682,814,128,151,0.92,2,1.0
687,66,394,1238,121,122,0.93,3,1.0
687,69,598,1249,82,87,0.65,3,1.0
687,68,613,375,156,156,0.88,2,1.0
687,71,619,1269,59,64,0.79,3,1.0
687,72,609,699,141,122,0.84,3,1.0
688,52,0,539,175,203,0.53,2,1.0
688,59,453,1245,182,167,0.94,2,1.0
688,60,417,860,130,113,0.92,3,1.0
688,61,486,848,172,158,0.92,3,1.0
688,62,453,130,124,105,0.40,3,1.0
688,63,607,774,109,101,0.89,3,1.0
688,53,26,712,249,235,0.88,1,1.0
688,64,435,503,130,129,0.89,1,1.0
688,65,679,813,125,150,0.91,2,1.0
688,66,390,1236,122,121,0.93,3,1.0
688,69,590,1243,85,89,0.61,3,1.0
688,68,610,374,156,155,0.88,2,1.0
688,71,614,1266,61,65,0.79,3,1.0
688,72,604,698,142,121,0.86,3,1.0
689,52,0,537,172,202,0.56,1,1.0
689,59,449,1240,181,168,0.94,2,1.0
689,60,412,858,129,112,0.91,3,1.0
689,61,481,847,170,157,0.92,3,1.0
689,63,601,771,109,101,0.91,3,1.0
689,53,23,710,246,234,0.88,1,1.0
689,64,431,503,128,127,0.88,1,1.0
689,65,673,810,122,150,0.91,2,1.0
689,66,386,1233,121,120,0.93,3,1.0
689,69,581,1237,89,90,0.57,3,1.0
689,68,606,373,155,154,0.86,2,1.0
689,71,611,1264,59,64,0.82,3,1.0
689,72,599,696,140,121,0.89,3,1.0
690,52,0,537,171,210,0.53,1,1.0
690,59,446,1239,180,167,0.94,2,1.0
690,60,409,857,128,112,0.91,3,1.0
690,61,477,846,170,156,0.92,3,1.0
690,63,597,772,109,98,0.90,3,1.0
690,53,12,708,253,235,0.89,1,1.0
690,64,429,505,126,124,0.87,1,1.0
690,65,670,811,120,147,0.91,2,1.0
690,66,383,1231,119,120,0.93,3,1.0
690,69,581,1237,89,90,0.57,3,1.0
690,68,604,373,153,153,0.83,2,1.0
690,71,607,1263,59,63,0.85,3,1.0
690,72,595,695,140,122,0.90,3,1.0
691,52,0,535,169,228,0.48,2,1.0
691,59,441,1237,181,166,0.94,2,1.0
691,60,403,856,128,111,0.90,3,1.0
691,61,472,844,169,155,0.92,3,1.0
691,63,591,772,108,97,0.90,3,1.0
691,53,5,706,254,235,0.82,1,1.0
691,64,425,507,125,120,0.83,1,1.0
691,65,664,808,118,148,0.90,2,1.0
691,66,379,1228,119,120,0.93,3,1.0
691,69,581,1237,89,90,0.57,3,1.0
691,68,600,371,151,153,0.81,2,1.0
691,71,602,1261,59,62,0.87,3,1.0
691,72,586,694,142,122,0.88,3,1.0
691,62,411,127,131,105,0.80,3,1.0
691,73,578,1304,53,58,0.63,2,1.0
692,52,0,536,170,254,0.55,2,1.0
692,59,437,1235,181,167,0.95,2,1.0
692,60,400,855,127,111,0.91,3,1.0
692,61,469,843,169,155,0.92,3,1.0
692,63,587,770,108,98,0.90,3,1.0
692,53,8,706,247,234,0.74,1,1.0
692,64,421,508,125,119,0.80,1,1.0
692,65,660,805,117,150,0.90,2,1.0
692,66,375,1226,121,120,0.93,3,1.0
692,69,581,1237,89,90,0.57,3,1.0
692,68,597,370,151,154,0.80,2,1.0
692,71,601,1261,57,61,0.89,3,1.0
692,72,581,693,143,123,0.87,3,1.0
692,62,411,127,131,105,0.80,3,1.0
692,73,578,1304,53,58,0.64,2,1.0
693,59,432,1233,181,167,0.95,2,1.0
693,60,395,854,126,111,0.91,3,1.0
693,61,465,843,167,154,0.92,3,1.0
693,63,580,770,109,97,0.90,3,1.0
693,53,15,707,235,231,0.70,1,1.0
693,64,417,511,124,116,0.74,1,1.0
693,65,653,804,115,150,0.88,2,1.0
693,66,371,1223,120,120,0.92,3,1.0
693,69,566,1242,78,79,0.62,3,1.0
693,68,593,370,151,154,0.78,1,1.0
693,71,597,1261,56,59,0.89,3,1.0
693,72,573,692,144,124,0.84,3,1.0
693,62,409,129,130,105,0.81,3,1.0
693,73,575,1303,54,59,0.57,2,1.0
694,59,429,1231,181,167,0.95,2,1.0
694,60,391,854,126,110,0.91,3,1.0
694,61,462,842,167,154,0.92,3,1.0
694,63,576,770,108,97,0.91,3,1.0
694,53,22,708,224,229,0.66,1,1.0
694,64,414,512,124,115,0.69,1,1.0
694,65,649,804,111,150,0.86,2,1.0
694,66,368,1222,120,120,0.91,3,1.0
694,69,566,1239,78,82,0.64,3,1.0
694,68,590,369,151,156,0.79,2,1.0
694,71,592,1258,58,61,0.86,3,1.0
694,72,566,692,146,124,0.81,3,1.0
694,62,408,129,129,105,0.82,3,1.0
694,73,574,1303,54,58,0.55,2,1.0
695,59,424,1230,182,167,0.95,2,1.0
695,60,386,854,126,110,0.91,3,1.0
695,61,457,842,167,154,0.92,3,1.0
695,63,569,770,109,97,0.93,3,1.0
695,53,26,711,214,225,0.63,1,1.0
695,64,412,513,124,114,0.65,1,1.0
695,65,642,802,109,152,0.84,2,1.0
695,66,364,1221,121,118,0.90,3,1.0
695,69,566,1239,78,82,0.64,3,1.0
695,68,585,370,152,157,0.82,2,1.0
695,71,587,1256,59,62,0.84,3,1.0
695,72,559,693,146,123,0.80,3,1.0
695,62,406,131,128,106,0.83,3,1.0
695,73,574,1303,54,58,0.55,2,1.0
695,52,0,533,145,335,0.64,2,1.0
696,59,421,1229,182,167,0.95,2,1.0
696,60,382,854,126,110,0.91,3,1.0
696,61,454,843,166,152,0.92,3,1.0
696,63,564,770,110,98,0.93,3,1.0
696,53,24,713,212,223,0.69,1,1.0
696,64,411,514,124,113,0.62,1,1.0
696,65,637,802,107,152,0.84,2,1.0
696,66,362,1220,119,117,0.90,3,1.0
696,69,566,1239,78,82,0.64,3,1.0
696,68,582,371,152,157,0.84,2,1.0
696,71,583,1254,60,63,0.83,3,1.0
696,72,557,694,144,122,0.82,3,1.0
696,62,403,133,128,107,0.84,3,1.0
696,73,572,1302,55,59,0.53,2,1.0
696,52,0,533,145,340,0.64,2,1.0
697,59,417,1229,180,165,0.95,2,1.0
697,60,377,855,126,110,0.91,3,1.0
697,61,450,844,165,151,0.92,3,1.0
697,63,557,772,110,97,0.91,3,1.0
697,53,27,716,203,219,0.71,1,1.0
697,64,409,516,123,112,0.59,1,1.0
697,65,631,803,104,151,0.78,2,1.0
697,66,359,1220,116,115,0.90,3,1.0
697,69,566,1239,78,82,0.64,3,1.0
697,68,578,375,152,155,0.85,2,1.0
697,71,578,1253,60,63,0.82,3,1.0
697,72,551,696,143,122,0.80,3,1.0
697,62,398,137,127,108,0.85,3,1.0
697,73,564,1301,56,58,0.44,2,1.0
697,52,0,533,145,340,0.64,2,1.0
698,59,415,1230,179,163,0.95,2,1.0
698,60,373,855,126,110,0.91,3,1.0
698,61,447,844,164,152,0.92,3,1.0
698,63,553,772,110,97,0.88,3,1.0
698,53,26,718,200,217,0.71,1,1.0
698,64,409,516,123,112,0.61,1,1.0
698,65,628,802,102,153,0.74,2,1.0
698,66,357,1220,115,115,0.92,3,1.0
698,69,565,1237,79,84,0.66,3,1.0
698,68,575,378,152,153,0.87,2,1.0
698,71,577,1254,59,61,0.84,3,1.0
698,72,548,698,141,122,0.79,3,1.0
698,62,395,140,126,110,0.86,3,1.0
698,73,559,1301,56,57,0.42,2,1.0
698,52,0,533,145,340,0.64,2,1.0
699,59,411,1230,178,162,0.95,2,1.0
699,60,369,857,124,109,0.91,3,1.0
699,61,443,845,163,151,0.92,3,1.0
699,63,546,774,110,97,0.89,3,1.0
699,53,23,722,198,214,0.73,1,1.0
699,65,623,802,98,154,0.71,2,1.0
699,66,354,1220,115,114,0.93,3,1.0
699,69,534,1225,89,91,0.75,3,1.0
699,68,572,382,150,151,0.88,2,1.0
699,71,571,1253,60,62,0.81,3,1.0
699,72,542,701,140,121,0.79,3,1.0
699,62,389,145,127,111,0.87,3,1.0
699,73,554,1301,55,56,0.38,2,1.0
699,52,0,533,145,340,0.64,2,1.0
699,74,0,534,154,404,0.53,2,1.0
700,59,408,1230,177,161,0.95,2,1.0
700,60,366,858,123,109,0.91,3,1.0
700,61,440,845,162,152,0.92,3,1.0
700,63,542,778,110,94,0.89,3,1.0
700,53,23,725,195,211,0.75,1,1.0
700,65,619,803,95,153,0.65,2,1.0
700,66,351,1220,116,114,0.93,3,1.0
700,69,533,1224,90,92,0.75,3,1.0
700,68,570,385,149,149,0.89,2,1.0
700,71,565,1251,63,64,0.76,3,1.0
700,72,536,703,141,121,0.77,3,1.0
700,62,386,149,127,112,0.88,3,1.0
700,73,554,1301,55,56,0.38,2,1.0
700,52,0,533,145,345,0.63,2,1.0
700,74,0,537,152,397,0.53,2,1.0
701,59,404,1230,176,159,0.95,2,1.0
701,60,362,860,122,108,0.91,3,1.0
701,61,437,847,160,151,0.92,3,1.0
701,63,536,780,110,94,0.89,3,1.0
701,53,22,729,191,208,0.73,1,1.0
701,65,614,808,90,149,0.61,2,1.0
701,66,348,1220,115,114,0.93,3,1.0
701,69,533,1224,90,92,0.75,3,1.0
701,68,566,388,148,147,0.89,2,1.0
701,71,561,1251,63,63,0.71,3,1.0
701,72,527,706,143,121,0.72,3,1.0
701,62,381,154,128,113,0.88,3,1.0
701,73,554,1301,55,56,0.38,2,1.0
701,74,0,537,160,402,0.55,2,1.0
701,75,954,1346,126,194,0.87,3,1.0
702,59,402,1230,175,159,0.95,2,1.0
702,60,359,862,122,107,0.91,3,1.0
702,61,434,848,160,151,0.92,3,1.0
702,63,531,781,111,95,0.92,3,1.0
702,53,20,732,190,206,0.74,1,1.0
702,65,611,813,85,145,0.60,2,1.0
702,66,346,1219,116,115,0.92,3,1.0
702,69,533,1224,90,92,0.75,3,1.0
702,68,564,390,146,146,0.89,2,1.0
702,71,559,1251,62,63,0.67,3,1.0
702,72,522,708,143,121,0.71,3,1.0
702,62,377,157,130,115,0.88,3,1.0
702,73,554,1301,55,56,0.38,2,1.0
702,74,0,538,163,404,0.56,2,1.0
702,75,954,1346,126,194,0.87,3,1.0
703,59,398,1230,175,159,0.95,2,1.0
703,60,355,864,121,107,0.91,3,1.0
703,61,430,851,160,150,0.92,3,1.0
703,63,526,784,111,94,0.94,3,1.0
703,53,16,733,189,206,0.72,1,1.0
703,65,606,818,80,141,0.59,2,1.0
703,66,343,1220,116,115,0.92,3,1.0
703,69,533,1224,90,92,0.75,3,1.0
703,68,561,392,143,147,0.89,2,1.0
703,71,549,1250,67,66,0.55,3,1.0
703,72,515,712,144,129,0.72,3,1.0
703,62,372,163,131,115,0.87,3,1.0
703,74,0,540,163,404,0.59,2,1.0
703,75,950,1345,130,196,0.88,3,1.0
704,59,396,1230,175,159,0.95,2,1.0
704,60,352,866,121,106,0.91,3,1.0
704,61,427,854,160,149,0.91,3,1.0
704,63,522,785,111,96,0.92,3,1.0
704,53,14,732,188,208,0.69,1,1.0
704,65,602,821,78,139,0.58,2,1.0
704,66,341,1220,115,115,0.91,3,1.0
704,69,532,1224,91,93,0.74,3,1.0
704,68,558,394,142,147,0.88,2,1.0
704,71,544,1250,69,66,0.47,3,1.0
704,72,511,714,144,138,0.73,3,1.0
704,62,370,167,129,116,0.86,3,1.0
704,74,0,542,165,405,0.62,2,1.0
704,75,948,1345,132,197,0.89,3,1.0
705,59,392,1231,175,159,0.95,2,1.0
705,60,348,870,120,105,0.92,3,1.0
705,61,422,857,161,148,0.91,3,1.0
705,63,517,790,110,94,0.91,3,1.0
705,53,10,732,188,210,0.65,1,1.0
705,65,597,828,75,134,0.51,2,1.0
705,66,338,1221,114,115,0.91,3,1.0
705,69,510,1225,89,99,0.65,3,1.0
705,68,555,397,141,146,0.88,2,1.0
705,71,540,1248,68,69,0.40,3,1.0
705,72,506,719,142,137,0.72,3,1.0
705,62,365,174,129,115,0.84,3,1.0
705,74,0,544,166,408,0.64,1,1.0
705,75,945,1345,135,199,0.89,3,1.0
706,59,390,1232,174,159,0.95,2,1.0
706,60,345,872,119,105,0.92,3,1.0
706,61,419,859,161,148,0.91,3,1.0
706,63,514,795,109,92,0.90,3,1.0
706,53,7,731,189,213,0.64,1,1.0
706,65,593,831,74,132,0.44,2,1.0
706,66,336,1222,114,114,0.90,3,1.0
706,69,510,1225,89,98,0.66,3,1.0
706,68,552,399,140,146,0.87,2,1.0
706,71,533,1244,72,74,0.35,3,1.0
706,72,502,722,142,137,0.72,3,1.0
706,62,362,178,128,115,0.82,3,1.0
706,74,0,547,162,405,0.65,1,1.0
706,75,941,1345,139,202,0.90,3,1.0
707,59,387,1233,173,159,0.95,2,1.0
707,60,341,876,119,104,0.92,3,1.0
707,61,417,863,159,146,0.91,3,1.0
707,63,509,800,108,91,0.89,3,1.0
707,53,5,733,187,213,0.66,1,1.0
707,65,591,832,72,131,0.40,2,1.0
707,66,333,1223,113,114,0.91,3,1.0
707,69,509,1228,87,96,0.58,3,1.0
707,68,548,403,140,146,0.79,2,1.0
707,71,526,1241,77,78,0.28,3,1.0
707,72,499,728,139,136,0.75,3,1.0
707,62,356,186,128,114,0.83,3,1.0
707,74,0,549,159,403,0.67,1,1.0
707,75,935,1345,145,203,0.90,3,1.0
708,59,385,1234,173,159,0.95,2,1.0
708,60,339,879,119,104,0.92,3,1.0
708,61,415,866,158,145,0.91,3,1.0
708,63,506,804,108,91,0.90,3,1.0
708,53,5,737,184,211,0.71,1,1.0
708,65,589,835,72,128,0.36,2,1.0
708,66,331,1223,114,114,0.91,3,1.0
708,69,509,1229,85,96,0.54,3,1.0
708,68,546,406,139,145,0.72,2,1.0
708,71,525,1239,76,80,0.29,3,1.0
708,72,497,733,137,125,0.74,3,1.0
708,62,352,191,128,114,0.85,3,1.0
708,74,0,549,158,403,0.65,1,1.0
708,75,932,1346,148,204,0.89,3,1.0
709,59,381,1235,173,160,0.95,2,1.0
709,60,335,883,118,104,0.92,3,1.0
709,61,412,870,156,145,0.91,3,1.0
709,63,501,809,107,90,0.91,3,1.0
709,53,4,744,182,207,0.71,1,1.0
709,65,585,839,72,125,0.26,2,1.0
709,66,328,1224,114,115,0.91,3,1.0
709,69,509,1229,85,96,0.54,3,1.0
709,68,543,410,135,142,0.64,2,1.0
709,71,525,1235,72,84,0.30,3,1.0
709,72,493,739,134,115,0.77,3,1.0
709,62,347,198,128,114,0.87,3,1.0
709,74,0,550,155,403,0.63,1,1.0
709,75,927,1347,153,203,0.85,3,1.0
710,59,379,1236,173,160,0.95,2,1.0
710,60,332,885,119,104,0.91,3,1.0
710,61,410,873,156,144,0.91,3,1.0
710,63,498,811,107,91,0.92,3,1.0
710,53,4,749,179,204,0.71,1,1.0
710,65,585,839,72,125,0.26,2,1.0
710,66,326,1225,115,115,0.92,3,1.0
710,69,508,1230,85,95,0.51,3,1.0
710,68,541,414,131,138,0.56,2,1.0
710,71,525,1235,72,84,0.32,3,1.0
710,72,490,742,134,115,0.81,3,1.0
710,62,344,203,127,114,0.90,3,1.0
710,74,0,550,155,403,0.62,1,1.0
710,75,925,1348,155,200,0.82,3,1.0
711,59,376,1238,172,160,0.95,2,1.0
711,60,329,889,117,104,0.91,3,1.0
711,61,406,877,155,144,0.91,3,1.0
711,63,494,816,106,90,0.92,3,1.0
711,53,5,753,176,201,0.73,1,1.0
711,66,324,1227,115,115,0.93,3,1.0
711,69,507,1232,82,94,0.42,3,1.0
711,68,540,418,125,136,0.54,2,1.0
711,72,486,748,132,113,0.84,3,1.0
711,62,340,210,125,114,0.92,3,1.0
711,75,920,1350,159,196,0.82,3,1.0
712,59,374,1240,172,158,0.95,2,1.0
712,60,326,892,117,104,0.91,3,1.0
712,61,402,879,157,144,0.91,3,1.0
712,63,492,820,104,89,0.92,3,1.0
712,53,4,755,176,199,0.69,1,1.0
712,66,322,1229,116,114,0.93,3,1.0
712,69,507,1232,82,94,0.44,3,1.0
712,68,540,422,120,132,0.59,2,1.0
712,72,482,751,132,113,0.84,3,1.0
712,62,337,215,125,114,0.92,3,1.0
712,75,916,1352,163,193,0.82,3,1.0
713,59,371,1243,171,157,0.95,2,1.0
713,60,322,897,117,103,0.91,3,1.0
713,61,398,884,157,143,0.91,3,1.0
713,63,487,826,104,89,0.88,3,1.0
713,53,3,759,175,197,0.63,1,1.0
713,66,320,1232,116,113,0.93,3,1.0
713,68,539,427,114,128,0.58,2,1.0
713,72,477,756,131,114,0.81,3,1.0
713,62,333,223,124,113,0.92,3,1.0
713,75,912,1360,166,183,0.82,3,1.0
714,59,369,1245,171,156,0.95,2,1.0
714,60,320,901,117,103,0.92,3,1.0
714,61,395,886,157,143,0.90,3,1.0
714,63,484,831,103,89,0.82,3,1.0
714,53,3,759,175,197,0.61,1,1.0
714,66,318,1233,118,114,0.93,3,1.0
714,68,537,431,113,126,0.58,2,1.0
714,72,474,761,131,113,0.74,3,1.0
714,62,329,229,124,111,0.92,3,1.0
714,75,909,1364,167,180,0.84,3,1.0
715,59,365,1247,170,155,0.95,2,1.0
715,60,315,906,117,102,0.92,3,1.0
715,61,390,890,156,144,0.90,3,1.0
715,63,481,834,104,89,0.78,3,1.0
715,66,315,1235,118,113,0.94,3,1.0
715,68,537,433,111,126,0.60,2,1.0
715,72,473,765,129,111,0.71,3,1.0
715,62,324,239,123,109,0.90,3,1.0
715,75,902,1366,169,178,0.87,3,1.0
715,74,0,587,159,404,0.64,1,1.0
716,59,362,1248,170,155,0.95,2,1.0
716,60,312,909,117,102,0.92,3,1.0
716,61,387,894,155,143,0.90,3,1.0
716,63,480,836,103,89,0.74,3,1.0
716,66,313,1237,117,112,0.94,3,1.0
716,68,536,435,111,125,0.56,2,1.0
716,72,471,766,129,113,0.67,3,1.0
716,62,321,245,121,109,0.89,3,1.0
716,75,898,1366,168,179,0.87,3,1.0
716,74,0,587,159,404,0.64,1,1.0
717,59,358,1251,169,153,0.95,2,1.0
717,60,307,916,117,101,0.93,3,1.0
717,61,382,900,155,141,0.89,3,1.0
717,63,469,849,104,87,0.60,3,1.0
717,66,309,1239,116,112,0.94,3,1.0
717,68,534,438,111,123,0.47,2,1.0
717,72,463,779,126,113,0.59,3,1.0
717,62,316,257,120,105,0.87,3,1.0
717,75,893,1373,164,172,0.87,3,1.0
717,74,0,587,159,404,0.64,1,1.0
718,59,355,1253,168,153,0.95,2,1.0
718,60,304,920,115,100,0.93,3,1.0
718,61,378,904,154,141,0.90,3,1.0
718,63,461,858,105,84,0.54,3,1.0
718,66,306,1240,114,111,0.94,3,1.0
718,68,534,438,111,123,0.46,2,1.0
718,72,458,789,123,110,0.58,3,1.0
718,62,313,265,119,103,0.85,3,1.0
718,75,888,1375,161,170,0.89,3,1.0
718,74,0,587,159,404,0.64,1,1.0
719,59,351,1256,167,152,0.95,2,1.0
719,60,299,927,115,99,0.94,3,1.0
719,61,373,910,154,141,0.90,3,1.0
719,63,453,874,104,80,0.55,3,1.0
719,66,302,1242,111,111,0.95,3,1.0
719,72,448,804,123,109,0.55,3,1.0
719,62,310,278,117,100,0.80,3,1.0
719,75,882,1381,159,165,0.90,3,1.0
719,74,0,598,157,400,0.62,1,1.0
720,59,348,1258,167,152,0.94,2,1.0
720,60,297,932,114,99,0.94,3,1.0
720,61,370,914,155,141,0.90,3,1.0
720,63,453,877,103,80,0.58,3,1.0
720,66,300,1244,109,110,0.96,3,1.0
720,72,446,807,124,109,0.54,3,1.0
720,62,308,287,115,98,0.74,3,1.0
720,75,880,1390,156,158,0.89,3,1.0
720,74,0,610,156,395,0.59,1,1.0
721,59,346,1264,165,151,0.94,2,1.0
721,60,294,941,114,98,0.95,3,1.0
721,61,367,923,155,139,0.89,3,1.0
721,63,453,877,103,80,0.58,3,1.0
721,66,298,1247,108,111,0.95,3,1.0
721,72,444,812,125,117,0.53,3,1.0
721,62,306,294,115,96,0.72,3,1.0
721,75,876,1401,154,150,0.88,3,1.0
721,74,0,622,154,390,0.57,1,1.0
722,59,344,1267,166,151,0.95,2,1.0
722,60,294,946,113,99,0.96,3,1.0
722,61,367,929,153,138,0.89,3,1.0
722,63,452,881,103,79,0.62,3,1.0
722,66,296,1250,109,112,0.95,3,1.0
722,72,440,819,128,119,0.51,3,1.0
722,62,305,306,113,95,0.61,3,1.0
722,75,874,1403,154,151,0.87,3,1.0
722,74,0,622,154,390,0.57,1,1.0
723,59,343,1272,165,151,0.95,2,1.0
723,60,293,955,113,100,0.96,3,1.0
723,61,368,938,151,137,0.89,3,1.0
723,63,452,900,99,77,0.68,3,1.0
723,66,296,1255,108,112,0.95,3,1.0
723,72,439,831,127,118,0.54,3,1.0
723,62,304,324,113,95,0.58,3,1.0
723,75,870,1401,155,158,0.86,3,1.0
723,74,0,622,154,390,0.57,1,1.0
723,76,957,1468,117,142,0.85,3,1.0
724,59,344,1276,164,151,0.95,2,1.0
724,60,293,962,113,100,0.96,3,1.0
724,61,369,944,150,136,0.88,3,1.0
724,63,452,913,97,75,0.68,3,1.0
724,66,296,1259,109,112,0.94,3,1.0
724,72,441,839,124,118,0.57,3,1.0
724,62,304,336,113,95,0.60,3,1.0
724,75,868,1399,155,164,0.86,3,1.0
724,74,0,622,154,390,0.56,1,1.0
724,76,957,1468,117,142,0.85,3,1.0
725,59,344,1282,164,151,0.95,2,1.0
725,60,294,973,112,99,0.96,3,1.0
725,61,371,954,147,134,0.88,3,1.0
725,63,453,932,95,74,0.61,3,1.0
725,66,296,1265,110,112,0.94,3,1.0
725,72,442,846,122,118,0.59,3,1.0
725,62,304,354,113,95,0.66,3,1.0
725,75,865,1398,155,170,0.86,3,1.0
725,74,0,676,148,386,0.48,2,1.0
725,76,956,1463,118,151,0.82,3,1.0
726,59,345,1286,164,151,0.95,2,1.0
726,60,295,980,112,99,0.95,3,1.0
726,61,372,960,146,134,0.88,3,1.0
726,63,454,935,94,75,0.58,3,1.0
726,66,297,1269,109,112,0.95,3,1.0
726,72,444,849,119,110,0.61,3,1.0
726,62,305,359,112,94,0.68,3,1.0
726,75,863,1396,156,175,0.87,3,1.0
726,74,0,676,148,386,0.47,2,1.0
726,76,956,1460,118,155,0.80,3,1.0
727,59,347,1292,163,152,0.95,2,1.0
727,60,297,991,111,99,0.93,3,1.0
727,61,375,969,144,134,0.87,3,1.0
727,63,454,935,94,75,0.58,3,1.0
727,66,298,1275,108,112,0.95,3,1.0
727,72,448,857,114,106,0.68,3,1.0
727,62,306,374,113,94,0.78,3,1.0
727,75,861,1396,156,179,0.88,3,1.0
727,74,0,685,149,381,0.49,2,1.0
727,76,955,1464,117,153,0.81,3,1.0
728,59,348,1297,162,151,0.95,2,1.0
728,60,298,998,111,98,0.91,3,1.0
728,61,376,976,144,133,0.87,3,1.0
728,63,454,938,95,75,0.55,3,1.0
728,66,299,1279,108,112,0.95,3,1.0
728,72,448,857,114,106,0.68,3,1.0
728,62,307,383,113,95,0.81,3,1.0
728,75,861,1399,156,178,0.89,3,1.0
728,74,0,689,150,380,0.51,2,1.0
728,76,954,1467,116,154,0.81,3,1.0
729,59,350,1306,161,149,0.95,2,1.0
729,60,300,1009,110,97,0.90,3,1.0
729,61,379,985,142,134,0.87,3,1.0
729,63,455,945,95,75,0.49,3,1.0
729,66,301,1285,108,112,0.94,3,1.0
729,62,308,398,114,95,0.85,3,1.0
729,75,860,1405,156,177,0.90,3,1.0
729,74,0,689,150,380,0.51,2,1.0
729,76,954,1473,112,153,0.81,3,1.0
729,77,478,1303,58,85,0.79,3,1.0
730,59,351,1311,160,148,0.94,2,1.0
730,60,301,1016,110,97,0.89,3,1.0
730,61,381,992,140,132,0.87,3,1.0
730,63,455,945,95,75,0.48,3,1.0
730,66,303,1290,107,111,0.92,3,1.0
730,62,310,408,113,95,0.86,3,1.0
730,75,860,1409,155,176,0.90,3,1.0
730,74,0,693,150,378,0.52,2,1.0
730,76,953,1483,109,145,0.84,3,1.0
730,77,478,1302,59,86,0.78,3,1.0
731,59,353,1318,159,147,0.95,2,1.0
731,60,303,1026,110,97,0.89,3,1.0
731,61,384,1001,138,131,0.85,3,1.0
731,66,305,1296,106,110,0.91,3,1.0
731,62,312,424,113,95,0.88,3,1.0
731,75,860,1414,154,175,0.90,3,1.0
731,74,0,701,151,374,0.54,2,1.0
731,76,952,1494,104,139,0.87,3,1.0
731,77,478,1305,59,88,0.76,3,1.0
732,59,354,1323,158,145,0.95,2,1.0
732,60,305,1033,109,96,0.91,3,1.0
732,61,386,1007,136,131,0.83,3,1.0
732,66,306,1301,106,109,0.91,3,1.0
732,62,314,434,112,95,0.88,3,1.0
732,75,859,1418,154,174,0.91,3,1.0
732,74,0,701,151,374,0.55,2,1.0
732,76,951,1499,100,137,0.88,3,1.0
732,77,478,1307,59,88,0.76,3,1.0
733,59,355,1329,157,145,0.94,2,1.0
733,60,306,1043,109,95,0.90,3,1.0
733,61,387,1018,136,129,0.76,3,1.0
733,66,307,1307,106,108,0.90,3,1.0
733,62,315,449,111,94,0.89,3,1.0
733,75,857,1424,153,172,0.91,3,1.0
733,76,949,1505,95,133,0.86,3,1.0
733,77,478,1309,59,88,0.76,3,1.0
733,78,348,686,125,118,0.79,2,1.0
733,53,0,765,114,203,0.72,2,1.0
734,59,356,1332,156,145,0.95,2,1.0
734,60,307,1049,108,95,0.89,3,1.0
734,61,388,1024,135,128,0.68,3,1.0
734,66,307,1311,107,107,0.90,3,1.0
734,62,316,459,110,93,0.89,3,1.0
734,75,855,1428,152,171,0.90,3,1.0
734,76,946,1508,93,131,0.83,3,1.0
734,77,478,1313,59,87,0.76,3,1.0
734,78,348,686,125,118,0.79,2,1.0
734,53,0,765,114,203,0.72,2,1.0
735,59,356,1337,156,144,0.95,2,1.0
735,60,307,1058,109,95,0.88,3,1.0
735,61,388,1035,134,124,0.66,3,1.0
735,66,308,1316,107,106,0.91,3,1.0
735,62,316,475,109,89,0.88,3,1.0
735,75,853,1433,151,169,0.90,3,1.0
735,76,944,1515,85,125,0.81,3,1.0
735,77,478,1317,59,89,0.76,3,1.0
735,78,348,691,124,116,0.75,2,1.0
735,53,0,765,114,203,0.72,2,1.0
736,59,357,1341,154,143,0.95,2,1.0
736,60,307,1065,108,94,0.86,3,1.0
736,61,389,1043,132,121,0.66,3,1.0
736,66,308,1320,107,106,0.93,3,1.0
736,62,316,486,108,86,0.88,3,1.0
736,75,851,1437,150,168,0.89,3,1.0
736,76,942,1522,80,118,0.79,3,1.0
736,77,478,1320,58,88,0.76,3,1.0
736,78,348,694,124,114,0.73,2,1.0
736,53,0,765,114,203,0.72,2,1.0
737,59,357,1347,152,141,0.95,2,1.0
737,60,308,1074,106,94,0.83,3,1.0
737,61,390,1055,129,117,0.58,3,1.0
737,66,309,1325,106,104,0.94,3,1.0
737,62,317,501,106,85,0.87,3,1.0
737,75,849,1442,148,166,0.88,3,1.0
737,76,939,1530,73,110,0.73,3,1.0
737,77,477,1325,57,86,0.78,3,1.0
737,78,348,698,123,114,0.71,2,1.0
737,53,0,765,114,203,0.72,2,1.0
737,74,0,805,163,314,0.63,2,1.0
738,59,357,1351,151,139,0.94,2,1.0
738,60,308,1080,105,93,0.83,3,1.0
738,61,391,1063,126,112,0.56,3,1.0
738,66,310,1328,104,104,0.95,3,1.0
738,62,317,512,105,83,0.87,3,1.0
738,75,849,1444,145,165,0.88,3,1.0
738,76,938,1536,67,106,0.71,3,1.0
738,77,477,1328,55,86,0.79,3,1.0
738,78,348,703,122,114,0.68,2,1.0
738,53,0,765,114,203,0.72,2,1.0
738,74,0,805,164,315,0.63,2,1.0
739,59,357,1356,150,139,0.94,2,1.0
739,60,308,1090,103,92,0.83,3,1.0
739,61,392,1073,123,109,0.58,3,1.0
739,66,310,1333,104,104,0.96,3,1.0
739,62,317,527,104,81,0.87,3,1.0
739,75,845,1446,143,164,0.89,3,1.0
739,76,932,1544,63,101,0.62,3,1.0
739,77,476,1333,55,84,0.81,3,1.0
739,78,348,711,120,115,0.70,2,1.0
739,74,0,858,161,262,0.68,2,1.0
740,59,357,1359,149,139,0.94,2,1.0
740,60,308,1096,101,92,0.84,3,1.0
740,61,391,1080,123,107,0.54,3,1.0
740,66,310,1335,103,104,0.96,3,1.0
740,62,316,536,104,82,0.87,3,1.0
740,75,842,1448,142,163,0.90,3,1.0
740,76,926,1547,62,101,0.53,3,1.0
740,77,475,1336,54,84,0.83,3,1.0
740,78,347,716,120,117,0.75,2,1.0
740,74,0,885,160,235,0.70,2,1.0
741,59,356,1364,149,138,0.94,2,1.0
741,60,307,1104,98,92,0.82,3,1.0
741,61,391,1085,122,105,0.49,3,1.0
741,66,310,1339,103,105,0.96,3,1.0
741,62,315,551,104,80,0.86,3,1.0
741,75,838,1451,137,165,0.90,3,1.0
741,76,923,1550,60,100,0.46,3,1.0
741,77,473,1340,54,82,0.83,3,1.0
741,78,347,724,118,118,0.79,1,1.0
741,74,0,885,160,235,0.70,2,1.0
742,59,355,1367,149,139,0.94,2,1.0
742,60,306,1110,97,91,0.81,3,1.0
742,61,391,1087,122,105,0.51,3,1.0
742,66,309,1341,103,106,0.95,3,1.0
742,62,314,561,103,79,0.85,3,1.0
742,75,835,1452,133,169,0.89,3,1.0
742,76,919,1551,61,100,0.41,3,1.0
742,77,472,1343,53,81,0.82,3,1.0
742,78,346,730,119,117,0.84,1,1.0
742,74,0,912,158,208,0.73,2,1.0
743,59,353,1373,149,137,0.94,2,1.0
743,60,304,1117,95,93,0.80,3,1.0
743,61,389,1092,124,105,0.57,3,1.0
743,66,308,1345,104,107,0.95,3,1.0
743,62,312,574,102,79,0.82,3,1.0
743,75,829,1455,131,170,0.90,3,1.0
743,76,912,1555,61,99,0.31,3,1.0
743,77,469,1346,54,82,0.75,3,1.0
743,78,344,738,119,116,0.89,1,1.0
743,74,1,974,155,157,0.76,1,1.0
744,59,352,1379,148,134,0.94,2,1.0
744,60,303,1122,94,93,0.80,3,1.0
744,61,389,1092,124,105,0.58,3,1.0
744,66,308,1349,103,105,0.94,3,1.0
744,62,310,583,102,78,0.79,3,1.0
744,75,826,1457,129,171,0.89,3,1.0
744,76,912,1555,61,99,0.32,3,1.0
744,77,467,1349,55,82,0.68,3,1.0
744,78,343,744,118,115,0.88,1,1.0
744,74,1,984,155,158,0.74,1,1.0
745,59,351,1386,146,130,0.93,2,1.0
745,60,302,1126,94,92,0.79,3,1.0
745,66,307,1353,101,104,0.94,3,1.0
745,62,307,597,101,77,0.78,3,1.0
745,75,823,1461,120,170,0.87,3,1.0
745,77,465,1352,52,83,0.61,3,1.0
745,78,341,754,116,111,0.88,1,1.0
745,74,1,998,155,159,0.75,1,1.0
746,59,350,1392,145,126,0.92,2,1.0
746,60,302,1128,93,92,0.80,3,1.0
746,66,306,1356,101,104,0.95,3,1.0
746,62,305,606,101,76,0.79,3,1.0
746,75,821,1463,115,167,0.87,3,1.0
746,77,463,1354,50,84,0.55,3,1.0
746,78,340,760,114,109,0.87,1,1.0
746,74,1,1001,154,158,0.76,1,1.0
747,59,350,1400,141,120,0.92,2,1.0
747,60,300,1132,93,93,0.82,3,1.0
747,66,306,1361,99,102,0.95,3,1.0
747,62,303,619,99,75,0.79,3,1.0
747,75,819,1465,113,164,0.88,3,1.0
747,77,462,1356,49,84,0.50,3,1.0
747,78,338,771,111,104,0.86,1,1.0
747,74,1,1005,153,157,0.77,1,1.0
748,59,350,1404,138,118,0.91,2,1.0
748,60,300,1132,93,93,0.81,3,1.0
748,66,306,1363,97,101,0.96,3,1.0
748,62,303,628,97,74,0.81,3,1.0
748,75,819,1466,108,163,0.87,3,1.0
748,77,461,1356,47,85,0.50,3,1.0
748,78,338,779,106,100,0.86,1,1.0
748,74,1,1011,151,157,0.79,1,1.0
748,79,398,1392,88,64,0.69,3,1.0
749,59,351,1409,134,115,0.91,2,1.0
749,66,306,1368,94,100,0.96,3,1.0
749,62,302,642,95,72,0.84,3,1.0
749,75,818,1469,98,159,0.85,3,1.0
749,77,460,1358,43,85,0.50,3,1.0
749,78,337,789,102,96,0.84,1,1.0
749,74,1,1020,150,156,0.83,1,1.0
749,79,399,1396,88,67,0.60,3,1.0
750,59,351,1412,133,114,0.90,2,1.0
750,66,307,1371,93,99,0.96,3,1.0
750,62,302,650,93,72,0.85,3,1.0
750,75,818,1469,98,159,0.85,3,1.0
750,77,460,1358,43,84,0.47,3,1.0
750,78,337,794,99,96,0.82,1,1.0
750,74,1,1026,150,156,0.85,1,1.0
750,79,400,1397,87,69,0.57,3,1.0
751,59,352,1415,132,114,0.90,2,1.0
751,66,308,1375,92,98,0.96,3,1.0
751,62,302,663,92,71,0.85,3,1.0
751,78,337,802,96,93,0.69,1,1.0
751,74,1,1035,150,155,0.87,1,1.0
751,79,401,1399,86,70,0.51,3,1.0
752,59,353,1416,132,116,0.90,2,1.0
752,66,309,1378,92,98,0.96,3,1.0
752,62,302,672,92,70,0.85,3,1.0
752,78,337,805,97,93,0.58,1,1.0
752,74,1,1042,151,154,0.88,1,1.0
752,79,402,1400,85,71,0.47,3,1.0
753,59,353,1420,133,117,0.89,2,1.0
753,66,310,1382,93,98,0.96,3,1.0
753,62,302,685,92,70,0.86,3,1.0
753,78,337,810,98,95,0.57,1,1.0
753,74,2,1050,153,156,0.90,1,1.0
753,79,402,1404,86,74,0.41,3,1.0
753,80,0,945,129,151,0.79,1,1.0
754,59,352,1423,135,117,0.90,2,1.0
754,66,310,1385,95,98,0.96,3,1.0
754,62,302,692,93,72,0.86,3,1.0
754,78,337,814,100,94,0.58,1,1.0
754,74,2,1055,156,157,0.90,1,1.0
754,79,402,1406,87,75,0.38,3,1.0
754,80,0,945,129,151,0.79,1,1.0
755,59,353,1426,135,119,0.90,2,1.0
755,66,311,1389,95,97,0.97,3,1.0
755,62,302,705,93,71,0.85,3,1.0
755,78,337,822,103,92,0.54,2,1.0
755,74,3,1064,157,157,0.91,1,1.0
755,79,401,1410,88,76,0.37,3,1.0
755,80,0,951,129,148,0.77,1,1.0
756,59,353,1429,135,118,0.91,2,1.0
756,66,312,1392,95,96,0.97,3,1.0
756,62,303,713,91,71,0.86,3,1.0
756,78,337,828,104,91,0.60,2,1.0
756,74,3,1069,159,158,0.91,1,1.0
756,79,400,1413,89,77,0.43,3,1.0
756,80,0,953,130,148,0.76,1,1.0
757,59,353,1430,136,122,0.92,2,1.0
757,66,313,1395,94,97,0.98,3,1.0
757,62,302,725,92,70,0.85,3,1.0
757,78,337,835,106,94,0.70,2,1.0
757,74,4,1076,161,159,0.92,1,1.0
757,79,399,1415,90,78,0.45,3,1.0
757,80,0,958,130,148,0.79,1,1.0
758,59,354,1429,135,125,0.93,2,1.0
758,66,314,1398,93,96,0.97,3,1.0
758,62,302,732,91,70,0.84,3,1.0
758,78,337,841,107,95,0.69,2,1.0
758,74,5,1082,161,158,0.92,1,1.0
758,79,398,1416,91,78,0.47,3,1.0
758,80,0,964,131,147,0.81,1,1.0
759,59,354,1430,136,128,0.94,2,1.0
759,66,315,1402,92,95,0.97,3,1.0
759,62,303,744,89,70,0.84,3,1.0
759,78,337,850,107,94,0.59,2,1.0
759,74,6,1090,164,159,0.92,1,1.0
759,79,398,1420,90,76,0.52,3,1.0
759,80,0,973,133,147,0.81,1,1.0
760,59,355,1431,136,130,0.94,2,1.0
760,66,314,1404,93,96,0.97,3,1.0
760,62,303,751,89,71,0.84,3,1.0
760,78,337,854,108,96,0.54,2,1.0
760,74,8,1094,165,161,0.93,1,1.0
760,79,401,1420,87,75,0.60,3,1.0
760,80,0,978,134,148,0.82,1,1.0
761,59,355,1434,136,131,0.94,2,1.0
761,66,314,1407,94,97,0.97,3,1.0
761,62,302,762,90,73,0.84,3,1.0
761,78,337,862,107,96,0.61,2,1.0
761,74,10,1101,169,163,0.93,1,1.0
761,80,0,987,136,148,0.85,1,1.0
762,59,355,1438,136,130,0.94,2,1.0
762,66,314,1410,94,97,0.97,3,1.0
762,62,302,771,90,73,0.85,3,1.0
762,78,337,869,106,93,0.64,2,1.0
762,74,12,1106,171,164,0.93,1,1.0
762,80,0,993,138,148,0.86,1,1.0
763,59,355,1446,134,126,0.93,2,1.0
763,66,315,1414,93,98,0.97,3,1.0
763,62,301,784,90,74,0.82,3,1.0
763,78,336,879,106,91,0.63,1,1.0
763,74,13,1114,172,165,0.93,1,1.0
763,80,0,1002,140,148,0.86,1,1.0
763,63,419,1249,57,76,0.89,3,1.0
764,59,355,1453,133,122,0.93,2,1.0
764,66,315,1417,93,99,0.97,3,1.0
764,62,300,792,90,75,0.79,3,1.0
764,78,336,885,105,91,0.71,1,1.0
764,74,14,1120,172,165,0.93,1,1.0
764,80,0,1009,141,147,0.87,1,1.0
764,63,419,1249,57,76,0.89,3,1.0
765,59,355,1461,129,118,0.92,2,1.0
765,66,315,1423,92,98,0.97,3,1.0
765,62,299,807,90,73,0.73,3,1.0
765,78,335,895,103,90,0.77,1,1.0
765,74,16,1131,170,161,0.93,1,1.0
765,80,0,1019,141,145,0.90,1,1.0
765,63,419,1249,57,76,0.89,3,1.0
765,79,406,1458,73,64,0.57,3,1.0
766,59,355,1466,127,115,0.93,2,1.0
766,66,315,1426,91,98,0.98,3,1.0
766,62,298,817,89,71,0.68,3,1.0
766,78,334,901,101,91,0.70,1,1.0
766,74,17,1138,167,159,0.92,1,1.0
766,80,0,1026,140,144,0.90,1,1.0
766,63,419,1249,57,76,0.89,3,1.0
766,79,406,1457,73,65,0.57,3,1.0
767,59,354,1474,124,112,0.93,2,1.0
767,66,315,1432,89,96,0.98,3,1.0
767,62,297,825,90,70,0.64,3,1.0
767,78,333,905,101,92,0.64,1,1.0
767,74,19,1150,162,154,0.89,1,1.0
767,80,0,1036,139,143,0.87,1,1.0
767,63,419,1249,57,76,0.89,3,1.0
767,79,402,1459,77,64,0.48,3,1.0
767,77,397,1432,80,89,0.60,3,1.0
768,59,354,1478,122,110,0.93,2,1.0
768,66,315,1436,88,94,0.97,3,1.0
768,62,297,829,89,69,0.62,3,1.0
768,78,333,908,98,92,0.62,1,1.0
768,74,20,1158,159,150,0.86,1,1.0
768,80,0,1044,139,141,0.84,1,1.0
768,63,419,1249,57,76,0.89,3,1.0
768,79,401,1460,78,64,0.43,3,1.0
768,77,397,1432,80,89,0.60,3,1.0
769,59,354,1484,120,108,0.93,2,1.0
769,66,315,1442,86,92,0.97,3,1.0
769,62,296,839,88,66,0.57,3,1.0
769,78,333,914,93,90,0.58,1,1.0
769,74,22,1170,157,146,0.80,1,1.0
769,80,0,1053,138,141,0.84,1,1.0
769,79,401,1460,78,64,0.43,3,1.0
769,77,397,1432,80,89,0.60,3,1.0
770,59,354,1489,119,107,0.93,2,1.0
770,66,315,1445,86,92,0.97,3,1.0
770,62,296,839,88,66,0.56,3,1.0
770,78,333,914,93,90,0.57,1,1.0
770,74,22,1177,156,146,0.75,1,1.0
770,80,0,1058,139,143,0.82,1,1.0
770,79,399,1461,79,64,0.39,3,1.0
770,77,397,1432,80,89,0.60,3,1.0
771,59,354,1495,115,105,0.92,2,1.0
771,66,308,1441,96,100,0.94,3,1.0
771,74,23,1188,155,143,0.69,1,1.0
771,80,0,1070,140,141,0.76,1,1.0
771,79,395,1463,83,63,0.30,3,1.0
771,77,397,1432,80,89,0.60,3,1.0
772,59,354,1498,112,105,0.92,2,1.0
772,66,300,1435,107,109,0.90,3,1.0
772,74,24,1195,155,141,0.67,1,1.0
772,80,1,1079,139,138,0.73,1,1.0
772,79,395,1463,83,63,0.29,3,1.0
772,77,397,1432,80,89,0.60,3,1.0
773,59,354,1508,102,100,0.88,2,1.0
773,66,296,1433,112,114,0.89,3,1.0
773,74,24,1204,157,139,0.66,1,1.0
773,80,1,1085,139,137,0.73,2,1.0
774,59,354,1516,93,94,0.84,2,1.0
774,66,290,1428,120,120,0.86,3,1.0
774,74,25,1210,157,137,0.67,1,1.0
774,80,1,1091,139,133,0.69,2,1.0
775,59,354,1521,87,91,0.82,2,1.0
775,66,278,1416,137,134,0.80,3,1.0
775,74,26,1215,156,134,0.68,1,1.0
775,80,2,1103,138,125,0.62,2,1.0
776,59,355,1527,80,86,0.78,2,1.0
776,66,278,1416,137,134,0.80,3,1.0
776,74,26,1217,157,134,0.68,1,1.0
776,80,2,1103,138,125,0.60,2,1.0
777,59,355,1538,70,78,0.72,2,1.0
777,74,27,1220,157,136,0.69,1,1.0
778,59,355,1538,70,78,0.72,2,1.0
778,74,27,1220,157,136,0.70,1,1.0
781,59,349,1548,94,103,0.84,2,1.0
782,59,349,1548,94,103,0.84,2,1.0
783,59,348,1553,94,101,0.86,2,1.0
784,59,347,1555,95,100,0.87,2,1.0
785,59,346,1561,92,97,0.86,2,1.0
785,81,504,518,191,165,0.79,3,1.0
786,59,345,1569,90,93,0.84,2,1.0
786,81,504,519,191,164,0.79,3,1.0
787,59,344,1574,89,91,0.84,2,1.0
787,81,504,519,191,164,0.79,3,1.0
788,59,343,1578,87,89,0.83,2,1.0
788,81,504,519,191,164,0.79,3,1.0
789,59,342,1586,83,85,0.79,2,1.0
789,81,504,519,191,164,0.79,3,1.0
790,59,342,1586,83,84,0.79,2,1.0
790,81,503,519,192,164,0.78,3,1.0
791,82,802,1656,95,103,0.73,3,1.0
792,82,802,1656,95,103,0.73,3,1.0
793,82,799,1656,96,105,0.78,3,1.0
793,81,427,657,187,156,0.94,3,1.0
793,83,700,1622,104,125,0.91,3,1.0
793,59,326,1584,102,108,0.67,2,1.0
794,82,797,1656,96,105,0.81,3,1.0
794,81,428,657,186,156,0.94,3,1.0
794,83,700,1622,104,125,0.91,3,1.0
794,59,326,1584,102,108,0.67,2,1.0
795,82,790,1657,101,106,0.81,3,1.0
795,81,424,665,184,155,0.93,3,1.0
795,83,699,1623,103,125,0.89,3,1.0
795,59,325,1591,102,101,0.59,2,1.0
796,82,783,1658,106,107,0.82,3,1.0
796,81,423,670,182,153,0.93,3,1.0
796,83,699,1623,103,126,0.89,3,1.0
796,59,324,1595,103,98,0.56,2,1.0
797,82,777,1660,108,106,0.83,3,1.0
797,81,419,678,182,151,0.93,3,1.0
797,83,697,1625,103,124,0.90,3,1.0
797,59,324,1600,101,94,0.54,2,1.0
797,84,411,1444,76,97,0.86,2,1.0
798,82,774,1661,109,105,0.80,3,1.0
798,81,415,689,179,147,0.93,3,1.0
798,83,696,1626,102,124,0.91,3,1.0
798,59,324,1606,99,89,0.49,2,1.0
798,84,411,1444,76,97,0.87,2,1.0
798,85,874,573,68,53,0.95,3,1.0
799,82,770,1662,111,105,0.78,3,1.0
799,81,408,703,178,144,0.93,3,1.0
799,83,693,1628,102,123,0.91,3,1.0
799,59,323,1612,98,84,0.45,2,1.0
799,84,409,1445,77,99,0.78,2,1.0
799,85,868,577,72,57,0.86,3,1.0
800,82,771,1664,108,103,0.68,3,1.0
800,81,403,711,178,143,0.93,3,1.0
800,83,692,1629,101,123,0.92,3,1.0
800,59,323,1614,97,83,0.46,2,1.0
800,84,408,1446,77,100,0.76,2,1.0
800,85,866,579,74,58,0.83,3,1.0
801,82,771,1665,104,104,0.63,3,1.0
801,81,397,724,177,140,0.93,3,1.0
801,83,689,1631,101,122,0.91,3,1.0
801,59,324,1619,93,80,0.44,2,1.0
801,84,407,1448,77,100,0.68,2,1.0
801,85,864,583,74,57,0.85,3,1.0
801,86,405,1550,62,69,0.57,3,1.0
802,82,769,1666,104,106,0.58,3,1.0
802,81,392,731,178,140,0.92,3,1.0
802,83,688,1632,101,123,0.89,3,1.0
802,59,324,1618,93,80,0.42,2,1.0
802,84,406,1450,76,102,0.58,2,1.0
802,85,862,585,74,57,0.86,3,1.0
802,86,405,1550,63,69,0.59,3,1.0
803,82,769,1668,101,109,0.51,3,1.0
803,81,386,740,177,141,0.92,3,1.0
803,83,686,1633,101,124,0.87,3,1.0
803,84,403,1453,77,103,0.51,2,1.0
803,85,858,591,74,58,0.85,3,1.0
803,86,405,1551,62,71,0.67,3,1.0
804,82,770,1669,99,110,0.50,3,1.0
804,81,382,747,177,140,0.92,3,1.0
804,83,685,1634,101,124,0.86,3,1.0
804,84,401,1455,78,102,0.49,2,1.0
804,85,855,595,73,57,0.88,3,1.0
804,86,404,1551,63,72,0.71,3,1.0
805,82,771,1669,97,111,0.54,3,1.0
805,81,376,757,176,138,0.92,3,1.0
805,83,683,1636,100,123,0.84,3,1.0
805,84,398,1457,79,102,0.51,2,1.0
805,85,851,601,72,57,0.91,3,1.0
805,86,404,1552,63,72,0.72,3,1.0
805,87,917,619,87,80,0.70,3,1.0
806,82,771,1670,97,112,0.52,3,1.0
806,81,371,762,177,139,0.92,3,1.0
806,83,682,1636,100,123,0.83,3,1.0
806,84,396,1458,79,102,0.58,2,1.0
806,85,847,604,72,57,0.91,3,1.0
806,86,403,1553,63,73,0.74,3,1.0
806,87,917,619,87,80,0.70,3,1.0
807,82,775,1671,92,115,0.49,3,1.0
807,81,365,771,176,137,0.92,3,1.0
807,83,680,1638,100,122,0.84,3,1.0
807,84,393,1460,80,102,0.60,5,1.0
807,85,843,609,71,57,0.89,3,1.0
807,86,402,1555,63,73,0.75,3,1.0
807,87,910,622,91,79,0.73,3,1.0
808,82,775,1671,92,115,0.48,3,1.0
808,81,361,778,175,135,0.92,3,1.0
808,83,679,1639,100,122,0.85,3,1.0
808,84,392,1462,79,101,0.59,5,1.0
808,85,841,612,70,57,0.89,3,1.0
808,86,401,1556,62,73,0.71,3,1.0
808,87,907,623,93,78,0.75,3,1.0
809,82,740,1680,108,106,0.62,3,1.0
809,81,355,787,174,133,0.92,3,1.0
809,83,677,1640,99,122,0.86,6,1.0
809,84,390,1464,78,101,0.63,5,1.0
809,85,837,617,70,57,0.90,3,1.0
809,86,400,1558,62,72,0.71,6,1.0
809,87,903,625,95,78,0.75,3,1.0
810,82,740,1680,108,106,0.62,3,1.0
810,81,351,793,172,132,0.92,3,1.0
810,83,676,1641,99,122,0.89,6,1.0
810,84,388,1466,78,100,0.64,5,1.0
810,85,835,619,69,57,0.90,3,1.0
810,86,400,1560,61,70,0.73,6,1.0
810,87,896,627,99,78,0.76,3,1.0
811,82,731,1683,116,106,0.63,3,1.0
811,81,345,802,172,130,0.92,3,1.0
811,83,674,1643,98,121,0.92,3,1.0
811,84,386,1469,77,99,0.65,5,1.0
811,85,832,623,69,56,0.90,3,1.0
811,86,398,1562,61,69,0.78,6,1.0
811,87,889,630,102,77,0.77,3,1.0
812,82,727,1684,120,107,0.64,3,1.0
812,81,340,806,174,131,0.92,3,1.0
812,83,673,1644,98,121,0.93,3,1.0
812,84,384,1471,77,98,0.72,5,1.0
812,85,829,625,70,56,0.91,3,1.0
812,86,398,1564,61,68,0.82,6,1.0
812,87,885,632,103,76,0.76,3,1.0
813,82,725,1685,121,107,0.63,3,1.0
813,81,335,813,173,130,0.92,3,1.0
813,83,672,1646,96,120,0.93,3,1.0
813,84,382,1473,77,98,0.75,2,1.0
813,85,826,628,70,56,0.92,3,1.0
813,86,397,1566,61,68,0.87,3,1.0
813,87,880,635,104,76,0.76,3,1.0
814,82,719,1688,126,107,0.61,3,1.0
814,81,332,817,171,129,0.92,3,1.0
814,83,671,1647,96,119,0.93,3,1.0
814,84,380,1474,78,99,0.73,2,1.0
814,85,824,630,69,56,0.90,3,1.0
814,86,396,1567,61,67,0.88,3,1.0
814,87,877,637,105,77,0.76,3,1.0
815,82,715,1689,129,108,0.65,3,1.0
815,81,327,823,170,128,0.92,3,1.0
815,83,671,1648,94,119,0.92,3,1.0
815,84,378,1476,77,98,0.73,2,1.0
815,85,821,634,68,54,0.91,3,1.0
815,86,395,1568,61,67,0.85,3,1.0
815,87,873,640,106,78,0.78,3,1.0
816,82,716,1688,128,110,0.68,3,1.0
816,81,324,828,168,125,0.92,3,1.0
816,83,670,1648,94,120,0.90,3,1.0
816,84,377,1478,76,97,0.72,2,1.0
816,85,819,636,67,53,0.92,3,1.0
816,86,395,1569,59,65,0.81,3,1.0
816,87,870,642,106,79,0.79,3,1.0
817,82,715,1688,128,113,0.73,3,1.0
817,81,318,833,168,126,0.92,3,1.0
817,83,668,1649,95,120,0.90,3,1.0
817,84,374,1480,77,97,0.73,5,1.0
817,85,816,639,66,53,0.93,3,1.0
817,86,394,1571,59,64,0.82,6,1.0
817,87,865,645,108,81,0.82,3,1.0
818,82,714,1688,129,115,0.78,3,1.0
818,81,314,835,169,128,0.92,3,1.0
818,83,667,1650,95,119,0.91,3,1.0
818,84,371,1482,78,97,0.77,5,1.0
818,85,814,641,66,53,0.94,3,1.0
818,86,392,1572,60,63,0.84,6,1.0
818,87,863,647,108,81,0.83,3,1.0
819,82,712,1689,130,115,0.80,3,1.0
819,81,308,841,170,127,0.91,3,1.0
819,83,666,1651,94,119,0.92,3,1.0
819,84,369,1484,77,96,0.80,2,1.0
819,85,811,645,65,51,0.93,3,1.0
819,86,391,1573,59,63,0.85,3,1.0
819,87,860,650,108,78,0.84,3,1.0
820,82,709,1692,132,113,0.77,3,1.0
820,81,305,844,169,127,0.91,3,1.0
820,83,665,1652,94,119,0.93,3,1.0
820,84,367,1485,78,97,0.80,2,1.0
820,85,809,647,65,51,0.92,3,1.0
820,86,390,1575,59,61,0.89,3,1.0
820,87,857,652,109,76,0.83,3,1.0
821,82,705,1697,134,113,0.70,3,1.0
821,81,300,850,169,125,0.90,3,1.0
821,83,663,1654,93,118,0.92,3,1.0
821,84,365,1487,78,97,0.81,2,1.0
821,85,806,649,65,52,0.92,3,1.0
821,86,389,1577,58,60,0.93,3,1.0
821,87,853,655,110,75,0.83,3,1.0
821,88,330,1609,68,67,0.64,2,1.0
822,82,703,1701,134,111,0.62,3,1.0
822,81,297,855,168,123,0.90,3,1.0
822,83,663,1655,90,117,0.91,3,1.0
822,84,364,1487,77,97,0.80,2,1.0
822,85,805,651,63,52,0.92,3,1.0
822,86,389,1578,56,59,0.93,3,1.0
822,87,852,657,108,73,0.83,3,1.0
822,88,330,1609,68,67,0.66,2,1.0
823,82,701,1704,134,108,0.56,3,1.0
823,81,294,862,165,119,0.90,3,1.0
823,83,662,1655,85,117,0.77,3,1.0
823,84,363,1488,76,97,0.79,2,1.0
823,85,802,654,63,51,0.93,3,1.0
823,86,389,1580,55,57,0.93,3,1.0
823,87,850,660,107,70,0.82,3,1.0
823,88,328,1609,69,68,0.72,2,1.0
823,89,944,0,72,37,0.80,3,1.0
824,82,700,1706,135,109,0.54,3,1.0
824,81,291,865,165,119,0.91,3,1.0
824,83,662,1656,81,116,0.65,3,1.0
824,84,362,1489,76,96,0.79,2,1.0
824,85,801,656,62,51,0.95,3,1.0
824,86,389,1580,55,57,0.94,3,1.0
824,87,847,662,108,70,0.83,3,1.0
824,88,326,1609,71,68,0.75,2,1.0
824,89,944,0,72,37,0.80,3,1.0
825,82,696,1711,138,110,0.48,3,1.0
825,81,286,870,166,118,0.91,3,1.0
825,83,661,1656,79,116,0.57,3,1.0
825,84,359,1489,77,97,0.82,2,1.0
825,85,799,658,62,51,0.97,3,1.0
825,86,388,1581,55,57,0.94,3,1.0
825,87,845,664,107,70,0.83,3,1.0
825,88,326,1609,71,70,0.76,2,1.0
825,89,942,0,71,37,0.80,3,1.0
826,82,694,1711,139,108,0.49,3,1.0
826,81,282,872,167,118,0.91,3,1.0
826,83,661,1656,77,116,0.48,3,1.0
826,84,358,1490,76,97,0.84,2,1.0
826,85,797,659,63,51,0.97,3,1.0
826,86,388,1582,54,56,0.95,3,1.0
826,87,843,666,107,68,0.83,3,1.0
826,88,324,1609,73,71,0.79,2,1.0
826,89,942,0,69,37,0.80,3,1.0
827,81,278,876,166,118,0.92,3,1.0
827,83,661,1655,73,117,0.29,3,1.0
827,84,356,1491,77,97,0.86,2,1.0
827,85,794,661,64,51,0.97,3,1.0
827,86,386,1581,56,58,0.95,3,1.0
827,87,841,668,107,68,0.84,3,1.0
827,88,322,1608,74,75,0.81,2,1.0
827,89,939,0,70,39,0.70,3,1.0
827,90,821,957,113,90,0.93,3,1.0
828,81,275,878,167,119,0.92,3,1.0
828,83,661,1655,73,117,0.31,3,1.0
828,84,354,1492,78,96,0.87,2,1.0
828,85,792,661,65,52,0.96,3,1.0
828,86,385,1581,56,58,0.95,3,1.0
828,87,840,669,106,68,0.85,3,1.0
828,88,321,1607,75,78,0.79,2,1.0
828,89,936,0,70,40,0.60,3,1.0
828,90,821,957,113,90,0.93,3,1.0
829,81,271,881,167,119,0.92,3,1.0
829,84,353,1493,78,96,0.89,2,1.0
829,85,790,663,65,52,0.96,3,1.0
829,86,384,1581,56,59,0.95,3,1.0
829,87,838,672,106,68,0.85,3,1.0
829,88,319,1606,77,82,0.73,2,1.0
829,89,934,0,69,41,0.55,3,1.0
829,90,819,957,114,91,0.93,3,1.0
830,81,269,883,166,120,0.92,3,1.0
830,84,352,1494,78,95,0.89,2,1.0
830,85,789,664,64,52,0.95,3,1.0
830,86,383,1581,57,59,0.95,3,1.0
830,87,838,673,105,69,0.86,3,1.0
830,88,317,1605,79,85,0.69,2,1.0
830,89,933,0,69,42,0.47,3,1.0
830,90,817,957,115,91,0.93,3,1.0
831,81,266,886,166,120,0.91,3,1.0
831,84,351,1495,77,95,0.88,2,1.0
831,85,787,666,64,52,0.94,3,1.0
831,86,382,1580,56,61,0.95,3,1.0
831,87,836,674,105,69,0.86,3,1.0
831,88,314,1604,81,88,0.67,2,1.0
831,89,925,0,71,46,0.49,3,1.0
831,90,816,958,115,91,0.93,3,1.0
832,81,264,888,165,120,0.91,3,1.0
832,84,350,1496,77,94,0.89,2,1.0
832,85,786,668,63,51,0.94,3,1.0
832,86,382,1581,55,60,0.94,3,1.0
832,87,834,676,106,68,0.86,3,1.0
832,88,312,1605,82,89,0.68,2,1.0
832,89,922,0,70,49,0.68,3,1.0
832,90,814,960,116,90,0.92,3,1.0
833,81,261,890,166,122,0.91,3,1.0
833,84,348,1496,79,95,0.89,2,1.0
833,85,784,669,62,52,0.93,3,1.0
833,86,381,1582,55,59,0.94,3,1.0
833,87,832,676,107,70,0.85,3,1.0
833,88,308,1605,86,91,0.68,2,1.0
833,89,917,0,68,53,0.83,3,1.0
833,90,811,962,117,91,0.92,3,1.0
834,81,258,891,167,123,0.91,3,1.0
834,84,347,1496,79,96,0.88,2,1.0
834,85,782,670,63,52,0.93,3,1.0
834,86,381,1581,55,60,0.94,3,1.0
834,87,830,676,108,71,0.86,3,1.0
834,88,306,1604,87,92,0.71,2,1.0
834,89,916,0,68,54,0.81,3,1.0
834,90,810,963,117,91,0.91,3,1.0
835,81,254,892,167,124,0.91,3,1.0
835,84,346,1496,79,96,0.87,2,1.0
835,85,780,670,63,52,0.93,3,1.0
835,86,381,1580,54,60,0.93,3,1.0
835,87,829,677,107,70,0.86,3,1.0
835,88,303,1605,89,92,0.74,2,1.0
835,89,914,0,68,53,0.80,3,1.0
835,90,808,965,117,90,0.90,3,1.0
836,81,251,892,168,124,0.92,3,1.0
836,84,345,1495,79,98,0.87,2,1.0
836,85,779,670,63,52,0.92,3,1.0
836,86,380,1580,54,59,0.93,3,1.0
836,87,828,677,107,70,0.86,3,1.0
836,88,302,1606,89,91,0.74,2,1.0
836,89,912,0,68,52,0.79,3,1.0
836,90,807,966,117,89,0.90,3,1.0
837,81,247,893,169,123,0.92,3,1.0
837,84,343,1495,80,98,0.87,2,1.0
837,85,777,669,64,53,0.93,3,1.0
837,86,379,1580,54,58,0.93,3,1.0
837,87,827,676,106,71,0.85,3,1.0
837,88,300,1608,90,89,0.70,2,1.0
837,89,910,0,68,52,0.77,3,1.0
837,90,805,965,117,90,0.90,3,1.0
838,81,245,894,168,121,0.91,3,1.0
838,84,342,1495,79,97,0.86,2,1.0
838,85,776,668,63,53,0.93,3,1.0
838,86,379,1580,54,58,0.92,3,1.0
838,87,827,676,105,70,0.85,3,1.0
838,88,300,1608,88,88,0.68,2,1.0
838,89,909,0,68,51,0.77,3,1.0
838,90,805,964,116,90,0.90,3,1.0
839,81,241,892,167,122,0.91,3,1.0
839,84,341,1495,78,97,0.87,2,1.0
839,85,775,667,63,52,0.93,3,1.0
839,86,377,1580,55,57,0.91,3,1.0
839,87,826,675,105,70,0.85,3,1.0
839,88,298,1606,88,90,0.67,2,1.0
839,89,906,0,68,49,0.79,3,1.0
839,90,804,962,116,90,0.90,3,1.0
840,81,239,892,167,121,0.91,3,1.0
840,84,339,1495,79,97,0.89,2,1.0
840,85,775,666,63,52,0.94,3,1.0
840,86,376,1580,55,57,0.91,3,1.0
840,87,826,674,104,70,0.85,3,1.0
840,88,297,1603,88,93,0.67,2,1.0
840,89,906,0,68,49,0.80,3,1.0
840,90,803,960,116,91,0.91,3,1.0
841,81,236,889,166,124,0.92,3,1.0
841,84,336,1494,81,99,0.87,2,1.0
841,85,774,664,63,52,0.95,3,1.0
841,86,375,1579,56,58,0.90,3,1.0
841,87,824,671,106,72,0.87,3,1.0
841,88,295,1601,90,95,0.69,2,1.0
841,90,801,957,117,93,0.92,3,1.0
842,81,232,886,168,126,0.92,3,1.0
842,84,333,1494,84,99,0.86,2,1.0
842,85,773,662,64,53,0.96,3,1.0
842,86,374,1578,57,60,0.90,3,1.0
842,87,822,668,107,75,0.88,3,1.0
842,88,292,1598,92,100,0.73,2,1.0
842,90,800,956,117,94,0.93,3,1.0
843,81,226,882,170,128,0.92,3,1.0
843,84,331,1493,84,100,0.87,2,1.0
843,85,771,660,64,53,0.95,3,1.0
843,86,372,1575,58,63,0.91,3,1.0
843,87,820,665,108,76,0.90,3,1.0
843,88,288,1597,95,103,0.74,2,1.0
843,90,798,955,119,93,0.93,3,1.0
844,81,222,880,172,129,0.92,3,1.0
844,84,329,1493,85,100,0.87,2,1.0
844,85,769,658,65,54,0.95,3,1.0
844,86,371,1574,58,64,0.92,3,1.0
844,87,818,663,110,76,0.91,3,1.0
844,88,285,1599,98,103,0.75,2,1.0
844,90,797,955,119,92,0.93,3,1.0
845,81,217,878,172,128,0.93,3,1.0
845,84,327,1492,85,100,0.85,2,1.0
845,85,767,655,65,54,0.94,3,1.0
845,86,369,1572,59,65,0.92,3,1.0
845,87,816,660,110,77,0.92,3,1.0
845,88,281,1601,100,103,0.78,2,1.0
845,90,795,955,120,91,0.93,3,1.0
846,81,214,878,172,125,0.93,3,1.0
846,84,326,1492,83,100,0.86,2,1.0
846,85,767,654,63,54,0.92,3,1.0
846,86,368,1570,59,67,0.93,3,1.0
846,87,816,659,109,76,0.91,3,1.0
846,88,277,1602,102,102,0.80,2,1.0
846,90,794,955,119,89,0.93,3,1.0
847,81,208,876,173,125,0.92,3,1.0
847,84,324,1491,82,100,0.88,2,1.0
847,85,765,651,64,55,0.92,3,1.0
847,86,366,1569,59,68,0.94,3,1.0
847,87,814,657,109,75,0.90,3,1.0
847,88,273,1602,104,104,0.81,2,1.0
847,90,791,954,121,88,0.93,3,1.0
848,81,204,873,174,127,0.92,3,1.0
848,84,322,1490,83,101,0.87,2,1.0
848,85,763,649,65,55,0.93,3,1.0
848,86,365,1570,58,66,0.94,3,1.0
848,87,813,656,109,75,0.89,3,1.0
848,88,271,1601,105,106,0.85,2,1.0
848,90,789,953,121,88,0.92,3,1.0
849,81,197,870,176,129,0.92,3,1.0
849,84,319,1496,82,96,0.87,2,1.0
849,85,761,647,65,54,0.94,3,1.0
849,86,362,1571,59,66,0.94,3,1.0
849,87,810,653,110,77,0.88,3,1.0
849,88,267,1602,107,106,0.88,2,1.0
849,90,785,950,123,91,0.92,3,1.0
850,81,191,867,178,132,0.92,3,1.0
850,84,317,1502,81,90,0.88,2,1.0
850,85,758,646,66,54,0.96,3,1.0
850,86,360,1573,59,64,0.94,3,1.0
850,87,808,651,111,78,0.89,3,1.0
850,88,265,1602,107,107,0.88,2,1.0
850,90,782,948,125,93,0.92,3,1.0
851,81,183,863,180,136,0.92,3,1.0
851,84,313,1507,80,87,0.88,2,1.0
851,85,755,644,67,55,0.97,3,1.0
851,86,357,1575,60,63,0.93,3,1.0
851,87,804,648,113,80,0.89,3,1.0
851,88,260,1601,110,110,0.87,2,1.0
851,90,777,945,128,97,0.92,3,1.0
852,81,177,862,182,137,0.92,3,1.0
852,84,310,1513,78,81,0.87,2,1.0
852,85,753,643,66,55,0.97,3,1.0
852,86,355,1575,60,63,0.91,3,1.0
852,87,802,645,114,82,0.89,3,1.0
852,88,255,1602,113,111,0.87,2,1.0
852,90,775,943,128,99,0.91,3,1.0
853,81,168,861,183,137,0.92,3,1.0
853,84,308,1519,76,76,0.86,2,1.0
853,85,749,641,67,55,0.96,3,1.0
853,86,352,1578,59,61,0.88,3,1.0
853,87,798,643,115,82,0.89,3,1.0
853,88,252,1602,115,112,0.87,2,1.0
853,90,771,941,129,100,0.91,3,1.0
853,91,880,1280,142,152,0.88,3,1.0
854,81,163,861,182,136,0.92,3,1.0
854,84,306,1518,76,78,0.85,2,1.0
854,85,747,640,67,56,0.96,3,1.0
854,86,350,1581,58,58,0.85,3,1.0
854,87,796,642,115,82,0.88,3,1.0
854,88,250,1601,116,114,0.87,2,1.0
854,90,769,940,129,100,0.91,3,1.0
854,91,879,1280,144,152,0.88,3,1.0
855,81,153,859,184,137,0.92,3,1.0
855,84,302,1517,76,80,0.82,2,1.0
855,85,743,638,67,56,0.95,3,1.0
855,86,347,1585,57,55,0.82,3,1.0
855,87,792,640,116,83,0.88,3,1.0
855,88,244,1599,121,117,0.86,2,1.0
855,90,765,939,128,101,0.91,3,1.0
855,91,876,1280,146,156,0.87,3,1.0
856,81,147,858,184,137,0.92,3,1.0
856,84,302,1517,76,80,0.82,2,1.0
856,85,741,636,67,57,0.94,3,1.0
856,86,345,1589,55,52,0.79,3,1.0
856,87,791,640,115,82,0.89,3,1.0
856,88,244,1599,121,117,0.86,2,1.0
856,90,763,939,127,100,0.91,3,1.0
856,91,874,1279,148,158,0.86,3,1.0
857,81,136,857,185,136,0.92,3,1.0
857,85,737,634,68,57,0.93,3,1.0
857,86,344,1592,53,50,0.77,3,1.0
857,87,788,639,114,82,0.89,3,1.0
857,88,237,1625,101,103,0.73,2,1.0
857,90,759,939,126,100,0.91,3,1.0
857,91,874,1279,148,158,0.86,3,1.0
858,81,127,855,187,138,0.92,3,1.0
858,85,734,632,68,58,0.94,3,1.0
858,86,343,1593,53,50,0.76,3,1.0
858,87,786,638,114,82,0.89,3,1.0
858,88,237,1626,101,101,0.74,2,1.0
858,90,756,939,126,100,0.91,3,1.0
858,91,872,1279,150,160,0.86,3,1.0
859,81,115,852,190,141,0.92,3,1.0
859,85,730,630,69,58,0.94,3,1.0
859,86,341,1594,53,50,0.74,3,1.0
859,87,782,636,115,83,0.90,3,1.0
859,88,234,1629,104,102,0.73,2,1.0
859,90,752,939,125,101,0.91,3,1.0
859,91,869,1278,152,165,0.85,3,1.0
860,81,107,851,192,142,0.92,3,1.0
860,85,727,629,70,58,0.95,3,1.0
860,86,341,1594,53,50,0.75,3,1.0
860,87,780,634,115,84,0.90,3,1.0
860,88,233,1631,105,102,0.73,2,1.0
860,90,749,939,126,101,0.91,3,1.0
860,91,869,1278,152,165,0.85,3,1.0
861,81,94,850,196,144,0.92,3,1.0
861,85,723,627,71,59,0.96,3,1.0
861,87,776,632,117,84,0.90,3,1.0
861,88,230,1636,105,99,0.76,2,1.0
861,90,745,939,128,102,0.91,3,1.0
862,81,85,848,199,148,0.92,3,1.0
862,85,720,626,72,59,0.97,3,1.0
862,87,774,631,117,84,0.90,3,1.0
862,88,227,1642,106,96,0.78,2,1.0
862,90,743,938,128,103,0.91,3,1.0
863,81,73,847,203,151,0.93,3,1.0
863,85,717,623,72,61,0.97,3,1.0
863,87,770,628,120,86,0.90,3,1.0
863,88,221,1649,108,93,0.80,2,1.0
863,90,739,938,130,104,0.91,3,1.0
864,81,65,846,204,152,0.93,3,1.0
864,85,715,622,72,61,0.97,3,1.0
864,87,767,626,121,87,0.90,3,1.0
864,88,217,1655,108,89,0.81,2,1.0
864,90,737,938,130,104,0.91,3,1.0
865,81,52,845,207,153,0.93,3,1.0
865,85,711,619,72,62,0.96,3,1.0
865,87,764,624,121,87,0.91,3,1.0
865,88,212,1657,108,89,0.84,2,1.0
865,90,733,938,130,104,0.92,3,1.0
866,81,44,845,207,151,0.93,3,1.0
866,85,708,618,72,61,0.96,3,1.0
866,87,761,623,121,86,0.90,3,1.0
866,88,209,1657,109,91,0.83,2,1.0
866,90,730,938,130,104,0.91,3,1.0
867,81,30,843,210,152,0.93,3,1.0
867,85,703,615,73,62,0.95,3,1.0
867,87,756,619,123,88,0.90,3,1.0
867,88,204,1658,109,93,0.81,2,1.0
867,90,725,938,130,104,0.91,3,1.0
868,81,20,842,211,153,0.93,3,1.0
868,85,699,613,74,62,0.95,3,1.0
868,87,753,617,123,88,0.91,3,1.0
868,88,201,1657,109,96,0.79,2,1.0
868,90,722,938,129,104,0.91,3,1.0
869,81,10,840,209,154,0.92,3,1.0
869,85,694,611,74,61,0.93,3,1.0
869,87,749,615,123,87,0.91,3,1.0
869,88,196,1660,107,97,0.80,2,1.0
869,90,716,938,130,104,0.91,3,1.0
869,83,572,1706,112,126,0.80,3,1.0
870,81,5,838,206,155,0.91,3,1.0
870,85,691,609,74,62,0.91,3,1.0
870,87,746,613,124,88,0.91,3,1.0
870,88,193,1665,104,94,0.79,2,1.0
870,90,713,938,130,104,0.91,3,1.0
870,83,572,1706,112,126,0.79,3,1.0
871,81,0,835,197,158,0.90,3,1.0
871,85,685,606,75,63,0.90,3,1.0
871,87,741,610,124,89,0.91,3,1.0
871,88,186,1672,103,91,0.80,2,1.0
871,90,707,937,131,105,0.91,3,1.0
871,83,571,1710,108,119,0.62,3,1.0
872,81,0,835,186,157,0.89,3,1.0
872,85,682,604,74,64,0.90,3,1.0
872,87,738,609,124,89,0.91,3,1.0
872,88,182,1676,102,89,0.83,2,1.0
872,90,703,937,131,105,0.91,3,1.0
872,83,571,1713,105,114,0.54,3,1.0
873,81,0,835,170,157,0.88,3,1.0
873,85,676,601,73,65,0.90,3,1.0
873,87,732,607,124,89,0.91,3,1.0
873,88,175,1681,99,88,0.86,2,1.0
873,90,696,937,132,105,0.91,3,1.0
873,83,567,1716,106,114,0.56,3,1.0
874,81,0,836,158,156,0.87,3,1.0
874,85,670,599,75,66,0.92,3,1.0
874,87,728,605,123,90,0.92,3,1.0
874,88,169,1682,99,90,0.87,2,1.0
874,90,690,936,133,107,0.92,3,1.0
874,83,564,1721,104,112,0.54,3,1.0
875,81,0,837,149,155,0.87,3,1.0
875,85,663,597,73,65,0.92,3,1.0
875,87,721,603,122,90,0.92,3,1.0
875,88,165,1683,99,91,0.88,2,1.0
875,90,681,936,134,107,0.92,3,1.0
875,83,561,1724,103,109,0.47,3,1.0
876,81,0,838,144,155,0.87,3,1.0
876,85,657,596,74,65,0.91,3,1.0
876,87,715,602,122,90,0.92,3,1.0
876,88,163,1683,98,92,0.88,2,1.0
876,90,675,935,133,108,0.92,3,1.0
876,83,559,1726,104,111,0.54,3,1.0
877,81,0,840,135,153,0.87,3,1.0
877,85,648,594,75,65,0.90,3,1.0
877,87,707,600,122,91,0.93,3,1.0
877,88,158,1683,97,94,0.88,2,1.0
877,90,665,935,135,109,0.92,3,1.0
877,83,547,1732,107,115,0.73,3,1.0
878,81,0,840,135,153,0.87,3,1.0
878,85,642,594,75,65,0.89,3,1.0
878,87,701,600,123,91,0.93,3,1.0
878,88,158,1682,97,95,0.88,2,1.0
878,90,659,935,136,109,0.92,3,1.0
878,83,540,1734,109,117,0.80,3,1.0
879,85,633,594,75,64,0.89,3,1.0
879,87,693,600,123,90,0.93,3,1.0
879,90,650,935,136,110,0.92,3,1.0
879,83,530,1736,108,119,0.89,3,1.0
880,85,627,593,76,65,0.89,3,1.0
880,87,688,599,123,91,0.93,3,1.0
880,90,644,935,137,112,0.92,3,1.0
880,83,529,1735,107,121,0.90,3,1.0
881,85,618,592,77,66,0.89,3,1.0
881,87,679,598,124,93,0.93,3,1.0
881,90,635,935,138,113,0.92,3,1.0
881,83,526,1735,108,121,0.90,3,1.0
882,85,612,592,78,66,0.89,3,1.0
882,87,674,598,124,92,0.93,3,1.0
882,90,629,935,138,113,0.93,3,1.0
882,83,523,1734,107,124,0.91,3,1.0
883,85,604,590,77,67,0.87,3,1.0
883,87,666,597,124,91,0.92,3,1.0
883,90,620,935,138,112,0.93,3,1.0
883,83,518,1732,106,128,0.92,3,1.0
883,93,539,1828,96,91,0.72,3,1.0
883,92,598,1776,101,113,0.67,3,1.0
884,85,599,589,76,66,0.86,3,1.0
884,87,661,597,123,89,0.92,3,1.0
884,90,615,935,136,110,0.93,3,1.0
884,83,515,1730,106,131,0.92,3,1.0
884,93,539,1828,97,91,0.72,3,1.0
884,92,599,1776,100,113,0.67,3,1.0
885,85,590,587,76,66,0.87,3,1.0
885,87,652,594,124,89,0.92,3,1.0
885,90,606,934,136,110,0.93,3,1.0
885,83,509,1732,107,132,0.92,3,1.0
885,93,534,1828,98,91,0.79,3,1.0
885,92,595,1776,100,116,0.74,3,1.0
885,91,770,1369,146,130,0.59,3,1.0
886,85,584,584,76,66,0.88,3,1.0
886,87,646,592,125,89,0.91,3,1.0
886,90,600,933,136,109,0.93,3,1.0
886,83,505,1734,107,131,0.92,3,1.0
886,93,532,1828,98,91,0.82,3,1.0
886,92,594,1776,100,118,0.78,3,1.0
886,91,770,1369,146,130,0.61,3,1.0
887,85,574,581,76,66,0.87,3,1.0
887,87,636,588,126,90,0.91,3,1.0
887,90,589,931,138,109,0.93,3,1.0
887,83,498,1736,108,132,0.91,3,1.0
887,93,527,1829,100,90,0.82,3,1.0
887,92,589,1775,100,121,0.76,3,1.0
887,91,758,1367,149,133,0.69,3,1.0
888,85,567,577,77,68,0.88,3,1.0
888,87,629,584,128,93,0.91,3,1.0
888,90,581,928,140,112,0.93,3,1.0
888,83,492,1740,110,130,0.89,3,1.0
888,93,520,1830,102,89,0.84,3,1.0
888,92,584,1775,99,124,0.77,3,1.0
888,91,753,1366,150,134,0.74,3,1.0
889,85,554,573,80,69,0.90,3,1.0
889,87,617,580,130,94,0.91,3,1.0
889,90,569,925,141,114,0.93,3,1.0
889,83,484,1744,111,129,0.89,3,1.0
889,93,511,1831,104,89,0.86,3,1.0
889,92,574,1780,94,122,0.79,3,1.0
889,91,751,1369,146,132,0.77,3,1.0
890,85,546,570,80,70,0.89,3,1.0
890,87,609,577,131,96,0.92,3,1.0
890,90,560,923,142,115,0.93,3,1.0
890,83,478,1745,111,129,0.89,3,1.0
890,93,505,1832,105,88,0.83,3,1.0
890,92,567,1785,87,118,0.77,3,1.0
890,91,746,1370,143,131,0.83,3,1.0
891,85,533,566,81,71,0.89,3,1.0
891,87,597,574,131,96,0.92,3,1.0
891,90,546,920,144,116,0.92,3,1.0
891,83,470,1747,111,129,0.87,3,1.0
891,93,500,1834,106,86,0.81,3,1.0
891,92,562,1787,84,117,0.75,3,1.0
891,91,735,1369,145,132,0.88,3,1.0
892,85,525,564,81,71,0.90,3,1.0
892,87,589,572,130,95,0.92,3,1.0
892,90,537,919,144,115,0.92,3,1.0
892,83,465,1750,110,127,0.86,3,1.0
892,93,498,1834,106,86,0.80,3,1.0
892,92,559,1792,79,111,0.77,3,1.0
892,91,731,1368,145,133,0.88,3,1.0
893,85,513,561,80,70,0.89,3,1.0
893,87,578,569,128,94,0.93,3,1.0
893,90,524,917,144,114,0.92,3,1.0
893,83,458,1750,105,128,0.82,3,1.0
893,93,486,1830,102,90,0.75,3,1.0
893,92,553,1800,68,103,0.81,3,1.0
893,91,724,1366,144,134,0.87,3,1.0
894,85,505,560,79,69,0.88,3,1.0
894,87,571,568,126,93,0.93,3,1.0
894,90,516,916,143,113,0.92,3,1.0
894,83,453,1751,101,127,0.76,3,1.0
894,93,477,1827,101,93,0.71,3,1.0
894,92,553,1800,68,103,0.80,3,1.0
894,91,715,1360,147,140,0.86,3,1.0
895,85,493,556,79,69,0.87,3,1.0
895,87,559,564,126,92,0.93,3,1.0
895,90,504,914,143,113,0.92,3,1.0
895,83,450,1752,98,127,0.73,3,1.0
895,93,463,1830,101,90,0.54,3,1.0
895,91,702,1350,151,150,0.84,3,1.0
895,94,129,1637,75,84,0.94,3,1.0
896,85,485,553,79,69,0.87,3,1.0
896,87,552,562,126,91,0.92,3,1.0
896,90,497,912,142,113,0.92,3,1.0
896,83,448,1750,95,129,0.69,3,1.0
896,93,461,1834,101,85,0.48,3,1.0
896,91,695,1344,151,156,0.83,3,1.0
896,94,129,1637,75,84,0.94,3,1.0
897,85,474,548,80,69,0.87,3,1.0
897,87,541,556,128,94,0.92,3,1.0
897,90,485,907,143,115,0.92,3,1.0
897,83,444,1748,88,131,0.63,3,1.0
897,93,458,1836,100,83,0.45,3,1.0
897,91,685,1341,151,159,0.83,3,1.0
897,94,124,1636,79,86,0.94,3,1.0
898,85,466,543,82,72,0.88,3,1.0
898,87,533,552,131,96,0.92,3,1.0
898,90,477,904,144,117,0.92,3,1.0
898,83,444,1749,88,129,0.63,3,1.0
898,93,453,1841,101,78,0.38,3,1.0
898,91,679,1339,153,162,0.83,3,1.0
898,94,122,1636,80,87,0.94,3,1.0
899,85,456,536,83,73,0.89,3,1.0
899,87,523,544,133,99,0.91,3,1.0
899,90,466,898,146,119,0.92,3,1.0
899,93,450,1848,98,71,0.35,3,1.0
899,91,671,1339,155,162,0.83,3,1.0
899,94,119,1637,81,86,0.94,3,1.0
899,95,501,1830,101,89,0.68,3,1.0
900,85,449,531,84,74,0.88,3,1.0
900,87,516,539,135,101,0.91,3,1.0
900,90,458,894,147,121,0.92,3,1.0
900,93,450,1850,93,69,0.41,3,1.0
900,91,666,1343,157,157,0.84,3,1.0
900,94,114,1637,84,88,0.94,3,1.0
900,95,502,1830,100,89,0.68,3,1.0
901,85,439,522,85,76,0.88,3,1.0
901,87,507,532,135,102,0.91,3,1.0
901,90,447,888,149,121,0.92,3,1.0
901,93,442,1852,95,67,0.50,3,1.0
901,91,660,1344,157,155,0.86,3,1.0
901,94,107,1638,85,88,0.95,3,1.0
901,95,499,1831,98,87,0.62,3,1.0
902,85,433,517,84,75,0.88,3,1.0
902,87,501,526,134,102,0.91,3,1.0
902,90,440,884,149,121,0.92,3,1.0
902,93,436,1853,96,66,0.58,3,1.0
902,91,656,1342,156,155,0.87,3,1.0
902,94,102,1639,86,88,0.95,3,1.0
902,95,497,1831,98,86,0.59,3,1.0
903,85,423,508,85,76,0.89,3,1.0
903,87,491,516,136,105,0.91,3,1.0
903,90,429,877,151,122,0.92,3,1.0
903,93,429,1855,97,64,0.62,3,1.0
903,91,648,1339,158,157,0.89,3,1.0
903,94,93,1639,89,89,0.94,3,1.0
903,95,495,1832,97,86,0.60,3,1.0
903,83,383,1759,118,143,0.83,3,1.0
904,85,415,502,86,76,0.90,3,1.0
904,87,484,509,137,107,0.91,3,1.0
904,90,422,872,152,124,0.92,3,1.0
904,93,419,1854,103,65,0.61,3,1.0
904,91,643,1334,158,160,0.90,3,1.0
904,94,87,1639,90,90,0.93,3,1.0
904,95,492,1832,96,86,0.60,3,1.0
904,83,384,1758,117,143,0.83,3,1.0
905,85,405,492,87,78,0.90,3,1.0
905,87,474,499,139,108,0.91,3,1.0
905,90,411,863,154,127,0.91,3,1.0
905,93,409,1854,107,65,0.62,3,1.0
905,91,635,1328,159,165,0.92,3,1.0
905,94,78,1639,93,92,0.92,3,1.0
905,95,487,1834,95,84,0.58,3,1.0
905,83,379,1764,120,139,0.81,3,1.0
906,85,398,485,88,79,0.90,3,1.0
906,87,467,492,141,110,0.91,3,1.0
906,90,403,857,156,129,0.91,3,1.0
906,93,406,1855,106,64,0.60,3,1.0
906,91,630,1325,160,167,0.93,3,1.0
906,94,73,1638,95,94,0.91,3,1.0
906,95,483,1834,96,84,0.60,3,1.0
906,83,377,1767,121,136,0.79,3,1.0
907,85,387,475,89,80,0.91,3,1.0
907,87,457,481,143,113,0.91,3,1.0
907,90,392,849,157,130,0.90,3,1.0
907,93,399,1855,107,64,0.61,3,1.0
907,91,623,1322,161,168,0.93,3,1.0
907,94,64,1638,98,95,0.90,3,1.0
907,95,481,1838,92,81,0.61,3,1.0
907,83,374,1768,120,135,0.79,3,1.0
908,85,381,468,89,82,0.90,3,1.0
908,87,450,475,144,113,0.91,3,1.0
908,90,385,844,158,129,0.90,3,1.0
908,93,395,1855,106,64,0.67,3,1.0
908,91,619,1320,161,169,0.93,3,1.0
908,94,59,1638,98,95,0.90,3,1.0
908,95,480,1842,89,77,0.60,3,1.0
908,83,369,1770,121,133,0.77,3,1.0
909,85,371,457,90,84,0.89,3,1.0
909,87,441,465,145,113,0.91,3,1.0
909,90,374,838,159,127,0.90,3,1.0
909,93,387,1855,108,64,0.67,3,1.0
909,91,614,1320,164,165,0.92,3,1.0
909,94,52,1638,98,96,0.91,3,1.0
909,95,478,1844,88,74,0.59,3,1.0
909,83,362,1770,121,133,0.79,3,1.0
910,85,364,450,91,85,0.89,3,1.0
910,87,434,459,146,114,0.91,3,1.0
910,90,367,834,159,125,0.90,3,1.0
910,93,380,1855,112,64,0.65,3,1.0
910,91,612,1321,166,162,0.91,3,1.0
910,94,46,1639,99,95,0.92,3,1.0
910,95,480,1847,84,71,0.58,3,1.0
910,83,358,1767,121,136,0.81,3,1.0
911,85,355,441,91,85,0.89,3,1.0
911,87,425,449,147,115,0.91,3,1.0
911,90,357,828,160,123,0.91,3,1.0
911,93,373,1856,112,64,0.66,3,1.0
911,91,608,1323,167,157,0.88,3,1.0
911,94,39,1639,99,95,0.92,3,1.0
911,95,482,1853,72,65,0.63,3,1.0
911,83,352,1768,120,135,0.81,3,1.0
912,85,348,435,92,85,0.89,3,1.0
912,87,419,443,147,116,0.92,3,1.0
912,90,350,823,161,122,0.90,3,1.0
912,93,369,1856,112,64,0.63,3,1.0
912,91,604,1325,170,154,0.86,3,1.0
912,94,34,1639,100,95,0.91,3,1.0
912,95,483,1854,65,64,0.67,3,1.0
912,83,348,1770,121,134,0.79,3,1.0
913,85,339,426,93,86,0.89,3,1.0
913,87,410,434,149,117,0.92,3,1.0
913,90,340,815,162,124,0.90,3,1.0
913,93,362,1857,114,62,0.63,3,1.0
913,91,597,1321,172,157,0.86,3,1.0
913,94,30,1639,102,96,0.91,3,1.0
913,95,470,1853,70,66,0.72,3,1.0
913,83,342,1767,121,138,0.82,3,1.0
913,96,444,1785,107,88,0.63,3,1.0
913,97,432,1824,103,95,0.58,3,1.0
914,85,333,420,94,86,0.89,3,1.0
914,87,405,427,149,119,0.92,3,1.0
914,90,334,810,162,125,0.89,3,1.0
914,93,360,1857,112,62,0.69,3,1.0
914,91,591,1315,171,163,0.87,3,1.0
914,94,28,1639,102,96,0.89,3,1.0
914,95,470,1853,70,66,0.72,3,1.0
914,83,338,1767,122,138,0.83,3,1.0
914,96,444,1785,107,88,0.64,3,1.0
914,97,432,1824,103,95,0.58,3,1.0
915,85,325,412,94,86,0.90,3,1.0
915,87,396,418,151,120,0.92,3,1.0
915,90,324,799,164,129,0.80,3,1.0
915,93,354,1857,114,62,0.70,3,1.0
915,91,583,1308,174,170,0.88,3,1.0
915,94,24,1639,103,96,0.87,3,1.0
915,95,461,1852,76,67,0.70,3,1.0
915,83,332,1767,122,138,0.79,3,1.0
915,96,443,1785,102,87,0.62,3,1.0
915,97,432,1824,103,95,0.58,3,1.0
916,85,319,406,95,87,0.90,3,1.0
916,87,391,412,151,121,0.92,3,1.0
916,90,317,790,166,133,0.70,3,1.0
916,93,349,1857,118,62,0.68,3,1.0
916,91,578,1301,175,176,0.90,3,1.0
916,94,24,1639,103,96,0.88,3,1.0
916,95,452,1852,82,67,0.70,3,1.0
916,83,327,1761,123,144,0.80,3,1.0
916,96,443,1784,99,87,0.64,3,1.0
916,97,432,1824,103,95,0.58,3,1.0
917,85,311,396,95,87,0.91,3,1.0
917,87,383,402,152,122,0.92,3,1.0
917,90,311,784,168,136,0.64,3,1.0
917,93,341,1856,122,63,0.64,3,1.0
917,91,571,1292,176,181,0.93,3,1.0
917,95,443,1851,85,68,0.63,3,1.0
917,83,321,1757,124,148,0.83,3,1.0
917,96,440,1784,100,87,0.64,3,1.0
917,97,432,1824,103,95,0.58,3,1.0
918,85,305,389,96,88,0.91,3,1.0
918,87,378,395,152,123,0.92,3,1.0
918,90,308,779,169,139,0.57,3,1.0
918,93,335,1856,125,63,0.58,3,1.0
918,91,568,1291,176,179,0.93,3,1.0
918,95,443,1853,81,66,0.55,3,1.0
918,83,316,1756,126,149,0.83,3,1.0
918,96,438,1784,98,87,0.65,3,1.0
919,85,297,379,95,88,0.91,3,1.0
919,87,370,384,153,124,0.91,3,1.0
919,90,301,768,172,144,0.42,3,1.0
919,93,328,1857,128,62,0.57,3,1.0
919,91,564,1287,175,179,0.93,3,1.0
919,95,436,1848,86,71,0.57,3,1.0
919,83,311,1755,126,150,0.82,3,1.0
919,96,435,1782,93,87,0.58,3,1.0
920,85,290,371,96,88,0.91,3,1.0
920,87,365,376,153,124,0.91,3,1.0
920,90,301,768,172,143,0.37,3,1.0
920,93,324,1857,127,62,0.58,3,1.0
920,91,562,1285,172,177,0.93,3,1.0
920,95,432,1845,87,74,0.58,3,1.0
920,83,307,1755,127,150,0.84,3,1.0
920,96,432,1780,93,88,0.53,3,1.0
921,85,280,359,98,89,0.92,3,1.0
921,87,357,364,154,126,0.90,3,1.0
921,93,316,1856,130,63,0.59,3,1.0
921,91,557,1280,171,178,0.93,3,1.0
921,95,422,1839,92,80,0.55,3,1.0
921,83,301,1755,131,153,0.77,3,1.0
921,96,430,1779,93,89,0.49,3,1.0
922,85,273,350,99,91,0.91,3,1.0
922,87,351,356,156,126,0.91,3,1.0
922,93,310,1855,136,64,0.62,3,1.0
922,91,553,1276,172,180,0.93,3,1.0
922,95,413,1835,98,84,0.59,3,1.0
922,83,296,1753,136,157,0.69,3,1.0
922,96,429,1778,91,89,0.44,3,1.0
923,85,263,337,100,92,0.91,3,1.0
923,87,343,343,156,128,0.91,3,1.0
923,93,304,1854,136,65,0.61,3,1.0
923,91,548,1271,172,181,0.93,3,1.0
923,95,403,1827,105,92,0.56,3,1.0
923,83,293,1752,138,160,0.65,3,1.0
923,96,428,1775,87,89,0.33,3,1.0
924,85,257,328,100,94,0.92,3,1.0
924,87,337,335,157,129,0.92,3,1.0
924,93,299,1854,137,65,0.54,3,1.0
924,91,543,1268,175,181,0.93,3,1.0
924,95,401,1824,104,95,0.49,3,1.0
924,83,291,1752,141,162,0.58,3,1.0
924,96,429,1775,86,89,0.33,3,1.0
925,85,248,315,101,95,0.91,3,1.0
925,87,328,322,157,131,0.92,3,1.0
925,93,293,1852,138,67,0.48,3,1.0
925,91,537,1262,177,183,0.93,3,1.0
925,95,394,1818,108,101,0.45,3,1.0
925,83,281,1750,141,166,0.43,3,1.0
926,85,242,306,102,97,0.91,3,1.0
926,87,322,313,157,132,0.92,3,1.0
926,93,291,1852,135,67,0.41,3,1.0
926,91,532,1258,178,184,0.93,3,1.0
926,95,389,1813,111,106,0.43,3,1.0
926,83,275,1750,138,165,0.41,3,1.0
927,85,233,293,104,99,0.91,3,1.0
927,87,314,301,158,134,0.92,3,1.0
927,93,284,1853,140,66,0.34,3,1.0
927,91,526,1253,178,184,0.93,3,1.0
927,95,381,1806,115,113,0.40,3,1.0
927,83,265,1743,166,173,0.51,3,1.0
928,85,227,284,106,100,0.90,3,1.0
928,87,308,293,160,135,0.92,3,1.0
928,93,278,1853,147,66,0.32,3,1.0
928,91,521,1248,179,186,0.93,3,1.0
928,95,373,1802,120,117,0.44,3,1.0
928,83,263,1740,182,177,0.58,3,1.0
929,85,219,272,106,102,0.90,3,1.0
929,87,300,282,160,136,0.92,3,1.0
929,93,270,1854,153,66,0.30,3,1.0
929,91,515,1243,180,186,0.93,3,1.0
929,95,365,1795,124,125,0.50,3,1.0
929,83,260,1746,193,171,0.56,3,1.0
929,98,402,1402,94,116,0.52,3,1.0
930,85,213,265,107,101,0.91,3,1.0
930,87,295,274,161,138,0.92,3,1.0
930,93,265,1855,159,65,0.28,3,1.0
930,91,511,1239,180,187,0.93,3,1.0
930,95,361,1790,125,130,0.51,3,1.0
930,83,258,1745,208,173,0.60,3,1.0
930,98,402,1402,93,116,0.50,3,1.0
931,85,205,255,107,101,0.91,3,1.0
931,87,288,263,161,139,0.92,3,1.0
931,93,254,1854,162,66,0.32,3,1.0
931,91,505,1235,180,186,0.93,3,1.0
931,95,354,1787,127,133,0.54,3,1.0
931,83,254,1745,230,175,0.65,3,1.0
931,98,398,1403,95,114,0.51,3,1.0
932,85,200,249,105,100,0.91,3,1.0
932,87,284,256,160,140,0.92,3,1.0
932,93,250,1853,155,67,0.36,3,1.0
932,91,501,1232,181,185,0.93,3,1.0
932,95,350,1787,129,133,0.55,3,1.0
932,83,250,1748,230,172,0.59,3,1.0
932,98,396,1402,96,114,0.51,3,1.0
933,85,192,239,105,101,0.92,3,1.0
933,87,277,246,161,142,0.92,3,1.0
933,93,245,1852,146,68,0.45,3,1.0
933,91,496,1228,181,185,0.93,3,1.0
933,95,344,1785,131,135,0.64,3,1.0
933,83,248,1754,229,166,0.53,3,1.0
933,98,392,1399,98,116,0.55,3,1.0
934,85,187,232,105,102,0.92,3,1.0
934,87,272,239,163,143,0.92,3,1.0
934,93,243,1850,139,70,0.55,3,1.0
934,91,492,1224,183,186,0.93,3,1.0
934,95,341,1787,131,133,0.70,3,1.0
934,83,246,1746,228,174,0.54,3,1.0
934,98,388,1395,99,118,0.59,3,1.0
935,85,180,222,106,103,0.91,3,1.0
935,87,265,229,164,145,0.92,3,1.0
935,93,239,1850,141,69,0.55,3,1.0
935,91,487,1220,182,185,0.93,3,1.0
935,95,333,1787,134,133,0.74,3,1.0
935,83,243,1753,226,167,0.52,3,1.0
935,98,381,1391,102,120,0.64,3,1.0
936,85,175,215,107,104,0.91,3,1.0
936,87,260,222,165,147,0.92,3,1.0
936,93,235,1851,141,68,0.57,3,1.0
936,91,483,1217,183,186,0.93,3,1.0
936,95,328,1785,136,135,0.76,3,1.0
936,83,240,1757,224,163,0.51,3,1.0
936,98,376,1386,105,124,0.69,3,1.0
937,85,168,205,109,106,0.91,3,1.0
937,87,254,213,166,147,0.92,3,1.0
937,93,231,1850,139,69,0.60,3,1.0
937,91,478,1214,184,185,0.94,3,1.0
937,95,322,1783,139,137,0.80,3,1.0
937,83,239,1766,220,154,0.50,3,1.0
937,98,371,1382,106,126,0.72,3,1.0
937,90,144,592,181,155,0.77,3,1.0
938,85,164,199,110,106,0.91,3,1.0
938,87,250,208,165,147,0.92,3,1.0
938,93,228,1850,139,69,0.59,3,1.0
938,91,475,1212,184,184,0.94,3,1.0
938,95,316,1782,142,138,0.78,3,1.0
938,83,239,1766,220,154,0.50,3,1.0
938,98,368,1381,106,126,0.70,3,1.0
938,90,144,593,181,153,0.78,3,1.0
939,85,157,191,111,105,0.90,3,1.0
939,87,244,200,166,147,0.93,3,1.0
939,93,223,1849,140,70,0.60,3,1.0
939,91,470,1210,184,183,0.94,3,1.0
939,95,307,1780,146,140,0.78,3,1.0
939,83,239,1766,220,154,0.50,3,1.0
939,98,365,1386,104,120,0.62,3,1.0
939,90,139,590,183,152,0.81,3,1.0
940,85,153,186,111,105,0.91,3,1.0
940,87,241,195,165,146,0.93,3,1.0
940,93,222,1849,138,70,0.66,3,1.0
940,91,467,1209,184,181,0.94,3,1.0
940,95,302,1779,148,141,0.80,3,1.0
940,83,241,1765,218,155,0.52,3,1.0
940,98,365,1392,99,112,0.53,3,1.0
940,90,137,588,184,152,0.83,3,1.0
941,85,147,176,112,107,0.91,3,1.0
941,87,235,186,166,147,0.93,3,1.0
941,93,219,1847,136,73,0.70,3,1.0
941,91,462,1206,186,181,0.94,3,1.0
941,95,295,1777,151,143,0.82,3,1.0
941,98,363,1395,97,107,0.54,3,1.0
941,90,133,584,185,152,0.84,3,1.0
942,85,143,170,112,108,0.92,3,1.0
942,87,231,180,168,149,0.93,3,1.0
942,93,217,1847,135,73,0.74,3,1.0
942,91,459,1203,187,182,0.94,3,1.0
942,95,290,1774,152,146,0.83,3,1.0
942,98,362,1398,96,103,0.58,3,1.0
942,90,127,580,187,152,0.87,3,1.0
943,85,137,161,113,109,0.92,3,1.0
943,87,225,172,169,150,0.93,3,1.0
943,93,212,1844,136,76,0.76,3,1.0
943,91,454,1199,187,184,0.94,3,1.0
943,95,288,1776,150,144,0.77,3,1.0
943,98,360,1398,94,101,0.61,3,1.0
943,90,119,572,190,152,0.87,3,1.0
944,85,132,154,115,111,0.91,3,1.0
944,87,221,166,170,151,0.93,3,1.0
944,93,208,1840,137,80,0.75,3,1.0
944,91,450,1195,189,186,0.94,3,1.0
944,95,288,1778,147,141,0.70,3,1.0
944,98,356,1390,97,108,0.70,3,1.0
944,90,113,566,193,154,0.85,3,1.0
945,85,125,144,117,114,0.90,3,1.0
945,87,215,157,172,153,0.93,3,1.0
945,93,202,1838,139,82,0.68,3,1.0
945,91,446,1190,189,189,0.94,3,1.0
945,95,287,1778,145,141,0.66,3,1.0
945,98,350,1381,101,115,0.79,3,1.0
945,90,105,558,196,155,0.86,3,1.0
945,99,190,1803,96,102,0.38,3,1.0
946,85,121,138,118,114,0.90,3,1.0
946,87,211,151,173,155,0.93,3,1.0
946,93,197,1837,141,83,0.61,3,1.0
946,91,444,1188,189,189,0.94,3,1.0
946,95,289,1781,142,138,0.61,3,1.0
946,98,346,1376,103,119,0.76,3,1.0
946,90,100,553,198,154,0.86,3,1.0
946,99,190,1803,96,102,0.38,3,1.0
947,85,115,130,117,114,0.90,3,1.0
947,87,206,142,173,156,0.93,3,1.0
947,93,192,1836,142,84,0.59,3,1.0
947,91,439,1184,189,190,0.94,3,1.0
947,95,294,1786,135,133,0.52,3,1.0
947,98,341,1373,104,120,0.74,3,1.0
947,90,93,545,200,154,0.87,3,1.0
947,99,188,1802,98,101,0.35,3,1.0
948,85,112,125,115,113,0.91,3,1.0
948,87,202,136,174,157,0.93,3,1.0
948,93,190,1837,142,83,0.59,3,1.0
948,91,436,1181,190,191,0.94,3,1.0
948,95,293,1782,136,137,0.54,3,1.0
948,98,339,1373,103,119,0.74,3,1.0
948,90,89,540,199,154,0.89,3,1.0
948,99,187,1801,98,101,0.35,3,1.0
949,85,106,114,117,115,0.91,3,1.0
949,87,197,127,174,157,0.93,3,1.0
949,93,187,1840,140,80,0.58,3,1.0
949,91,433,1178,187,189,0.94,3,1.0
949,95,287,1819,111,97,0.73,3,1.0
949,98,336,1374,101,115,0.73,3,1.0
949,90,83,533,198,152,0.91,3,1.0
949,99,187,1801,98,101,0.35,3,1.0
950,85,102,106,118,117,0.91,3,1.0
950,87,194,122,172,156,0.93,3,1.0
950,93,187,1841,136,79,0.63,3,1.0
950,91,431,1176,185,188,0.94,3,1.0
950,95,287,1819,111,97,0.73,3,1.0
950,98,336,1377,97,109,0.75,3,1.0
950,90,80,528,197,150,0.91,3,1.0
950,99,185,1801,100,100,0.34,3,1.0
951,85,95,96,118,118,0.90,3,1.0
951,87,188,113,172,157,0.93,3,1.0
951,93,183,1841,136,79,0.69,3,1.0
951,91,426,1172,186,188,0.94,3,1.0
951,95,284,1818,114,98,0.67,3,1.0
951,98,333,1374,97,110,0.76,3,1.0
951,90,73,518,198,152,0.91,3,1.0
951,99,183,1800,101,99,0.32,3,1.0
952,85,91,88,118,120,0.90,3,1.0
952,87,183,106,173,158,0.93,3,1.0
952,93,179,1841,137,79,0.69,3,1.0
952,91,423,1169,186,189,0.94,3,1.0
952,95,283,1817,115,99,0.63,3,1.0
952,98,331,1370,96,113,0.77,3,1.0
952,90,67,511,200,154,0.90,3,1.0
952,99,183,1800,100,98,0.34,3,1.0
953,85,84,77,120,122,0.90,3,1.0
953,87,177,96,174,160,0.93,3,1.0
953,93,175,1839,136,81,0.70,3,1.0
953,91,420,1165,185,188,0.93,3,1.0
953,95,280,1816,116,100,0.65,3,1.0
953,98,327,1368,96,112,0.78,3,1.0
953,90,60,501,203,156,0.90,3,1.0
953,100,312,1759,88,106,0.71,3,1.0
954,85,80,71,120,122,0.91,3,1.0
954,87,172,88,176,164,0.93,3,1.0
954,93,171,1836,138,84,0.71,3,1.0
954,91,416,1161,187,190,0.93,3,1.0
954,95,276,1815,119,101,0.65,3,1.0
954,98,324,1365,98,115,0.79,3,1.0
954,90,53,493,207,160,0.91,3,1.0
954,100,311,1759,89,106,0.71,3,1.0
955,85,73,62,119,123,0.90,3,1.0
955,87,166,77,178,168,0.93,3,1.0
955,93,164,1835,142,85,0.72,3,1.0
955,91,410,1155,190,193,0.94,3,1.0
955,95,272,1813,119,103,0.63,3,1.0
955,98,319,1362,100,116,0.78,3,1.0
955,90,44,481,212,165,0.91,3,1.0
955,100,304,1758,94,107,0.72,3,1.0
956,85,69,55,119,123,0.90,3,1.0
956,87,162,70,179,169,0.93,3,1.0
956,93,162,1835,141,85,0.72,3,1.0
956,91,408,1153,190,191,0.94,3,1.0
956,95,270,1813,117,102,0.64,3,1.0
956,98,317,1363,100,114,0.77,3,1.0
956,90,40,475,213,165,0.90,3,1.0
956,100,301,1758,96,107,0.72,3,1.0
957,85,63,45,121,124,0.90,3,1.0
957,87,157,60,180,170,0.93,3,1.0
957,93,158,1834,140,86,0.74,3,1.0
957,91,404,1149,190,191,0.94,3,1.0
957,95,265,1811,117,104,0.69,3,1.0
957,98,311,1359,102,116,0.79,3,1.0
957,90,33,466,215,166,0.91,3,1.0
957,100,301,1757,94,107,0.76,3,1.0
957,99,145,1796,98,92,0.57,3,1.0
958,85,60,39,120,124,0.90,3,1.0
958,87,154,53,180,172,0.94,3,1.0
958,93,155,1834,141,86,0.76,3,1.0
958,91,401,1146,191,191,0.94,3,1.0
958,95,262,1810,116,104,0.69,3,1.0
958,98,307,1353,104,121,0.81,3,1.0
958,90,29,460,215,167,0.91,3,1.0
958,100,298,1757,94,106,0.80,3,1.0
958,99,145,1796,98,91,0.59,3,1.0
959,85,54,30,120,124,0.89,3,1.0
959,87,149,44,181,172,0.94,3,1.0
959,93,151,1835,141,85,0.79,3,1.0
959,91,398,1142,191,191,0.94,3,1.0
959,95,258,1809,117,105,0.71,3,1.0
959,98,303,1347,104,124,0.82,3,1.0
959,90,23,452,215,167,0.92,3,1.0
959,100,294,1757,94,104,0.84,3,1.0
959,99,145,1796,98,91,0.59,3,1.0
959,101,252,1809,72,101,0.41,3,1.0
960,85,51,24,119,124,0.91,3,1.0
960,87,146,38,181,173,0.94,3,1.0
960,93,148,1835,140,85,0.81,3,1.0
960,91,396,1140,190,190,0.93,3,1.0
960,95,255,1807,118,107,0.74,3,1.0
960,98,300,1342,105,127,0.85,3,1.0
960,90,19,446,215,167,0.92,3,1.0
960,100,295,1757,91,101,0.87,3,1.0
960,99,143,1795,99,93,0.52,3,1.0
960,101,252,1809,71,101,0.39,3,1.0
961,85,46,16,120,124,0.92,3,1.0
961,87,141,31,181,172,0.94,3,1.0
961,93,143,1833,141,87,0.83,3,1.0
961,91,393,1137,188,190,0.93,3,1.0
961,95,251,1806,120,106,0.76,3,1.0
961,98,297,1339,104,128,0.88,3,1.0
961,90,14,439,213,166,0.93,3,1.0
961,100,294,1756,87,100,0.90,3,1.0
961,99,143,1795,99,93,0.52,3,1.0
961,101,252,1809,71,101,0.39,3,1.0
962,85,42,11,121,123,0.92,3,1.0
962,87,139,26,179,171,0.94,3,1.0
962,93,140,1832,141,88,0.83,3,1.0
962,91,391,1136,186,188,0.93,3,1.0
962,95,250,1806,119,105,0.75,3,1.0
962,98,296,1340,102,125,0.87,3,1.0
962,90,11,435,211,165,0.93,3,1.0
962,100,292,1756,86,98,0.90,3,1.0
962,99,142,1795,99,93,0.50,3,1.0
962,101,252,1809,71,101,0.39,3,1.0
963,85,36,6,124,121,0.90,3,1.0
963,87,134,18,180,172,0.94,3,1.0
963,93,135,1831,142,89,0.82,3,1.0
963,91,387,1132,187,189,0.94,3,1.0
963,95,250,1806,114,104,0.75,3,1.0
963,98,293,1342,101,121,0.85,3,1.0
963,90,7,425,210,168,0.92,3,1.0
963,100,287,1755,87,99,0.87,3,1.0
963,99,130,1784,111,102,0.47,3,1.0
963,101,246,1808,73,102,0.54,3,1.0
963,102,285,1807,72,97,0.60,3,1.0
964,85,31,4,129,118,0.88,3,1.0
964,87,130,13,182,173,0.94,3,1.0
964,93,131,1829,144,91,0.80,3,1.0
964,91,385,1129,186,190,0.94,3,1.0
964,95,251,1806,109,103,0.73,3,1.0
964,98,291,1344,101,119,0.85,3,1.0
964,90,5,419,209,170,0.92,3,1.0
964,100,283,1754,89,100,0.85,3,1.0
964,99,127,1782,114,103,0.48,3,1.0
964,101,239,1806,76,104,0.68,3,1.0
964,102,285,1807,72,97,0.60,3,1.0
965,85,25,1,132,115,0.84,3,1.0
965,87,124,8,185,172,0.94,3,1.0
965,93,125,1827,146,93,0.80,3,1.0
965,91,380,1126,188,191,0.94,3,1.0
965,95,246,1804,110,105,0.71,3,1.0
965,98,287,1345,102,117,0.85,3,1.0
965,90,3,411,206,172,0.92,3,1.0
965,100,278,1753,91,101,0.84,3,1.0
965,99,121,1776,120,107,0.53,3,1.0
965,101,232,1803,77,106,0.75,3,1.0
965,102,285,1809,69,95,0.59,3,1.0
966,85,20,0,134,112,0.81,3,1.0
966,87,119,4,188,173,0.94,3,1.0
966,93,121,1826,147,94,0.79,3,1.0
966,91,377,1123,190,193,0.94,3,1.0
966,95,243,1802,109,107,0.70,3,1.0
966,98,284,1345,103,117,0.84,3,1.0
966,90,1,405,206,174,0.91,3,1.0
966,100,275,1752,92,102,0.84,3,1.0
966,99,121,1776,120,107,0.53,3,1.0
966,101,231,1802,77,107,0.69,3,1.0
966,102,285,1810,68,93,0.58,3,1.0
967,85,13,0,145,105,0.78,3,1.0
967,87,113,0,191,171,0.93,3,1.0
967,93,115,1825,149,95,0.80,3,1.0
967,91,372,1118,192,195,0.94,3,1.0
967,95,236,1800,112,109,0.72,3,1.0
967,98,275,1339,109,121,0.84,3,1.0
967,90,0,395,203,178,0.90,3,1.0
967,100,269,1749,94,105,0.84,3,1.0
967,99,121,1776,120,107,0.53,3,1.0
967,101,231,1802,77,107,0.69,3,1.0
967,102,285,1810,68,93,0.58,3,1.0
968,85,10,0,152,101,0.77,3,1.0
968,87,109,0,191,167,0.93,3,1.0
968,93,112,1825,149,95,0.82,3,1.0
968,91,369,1115,194,197,0.94,3,1.0
968,95,229,1798,118,111,0.73,3,1.0
968,98,270,1332,112,126,0.84,3,1.0
968,90,0,389,199,180,0.90,3,1.0
968,100,267,1749,94,104,0.85,3,1.0
968,99,121,1777,119,106,0.51,3,1.0
968,101,230,1801,77,108,0.64,3,1.0
968,102,285,1811,67,92,0.57,3,1.0
969,85,6,0,156,94,0.76,3,1.0
969,87,103,0,193,160,0.92,3,1.0
969,93,107,1824,149,96,0.84,3,1.0
969,91,365,1111,195,198,0.93,3,1.0
969,95,220,1795,124,114,0.73,3,1.0
969,98,265,1328,112,128,0.81,3,1.0
969,90,0,382,193,180,0.89,3,1.0
969,100,263,1747,94,105,0.84,3,1.0
969,101,224,1799,77,108,0.50,3,1.0
969,102,284,1813,65,89,0.55,3,1.0
970,85,4,0,160,88,0.75,3,1.0
970,87,99,0,194,156,0.91,3,1.0
970,93,105,1823,148,97,0.84,3,1.0
970,91,362,1109,195,198,0.93,3,1.0
970,95,218,1796,124,112,0.74,3,1.0
970,98,263,1328,111,127,0.77,3,1.0
970,90,0,377,189,180,0.88,3,1.0
970,100,258,1746,95,106,0.81,3,1.0
970,101,219,1798,76,108,0.44,3,1.0
970,102,284,1813,65,89,0.55,3,1.0
971,85,2,0,166,85,0.75,3,1.0
971,87,94,0,194,149,0.91,3,1.0
971,93,104,1824,144,96,0.78,3,1.0
971,91,358,1106,195,198,0.93,3,1.0
971,95,213,1794,125,113,0.74,3,1.0
971,98,259,1326,110,127,0.74,3,1.0
971,90,0,370,183,179,0.88,3,1.0
971,100,252,1745,96,106,0.79,3,1.0
971,101,211,1797,76,107,0.48,3,1.0
972,85,1,0,164,82,0.75,3,1.0
972,87,91,0,193,143,0.91,3,1.0
972,93,107,1825,137,95,0.70,3,1.0
972,91,356,1104,193,197,0.93,3,1.0
972,95,211,1794,124,112,0.71,3,1.0
972,98,260,1329,105,123,0.70,3,1.0
972,90,0,367,178,177,0.88,3,1.0
972,100,249,1745,96,105,0.77,3,1.0
972,101,210,1797,75,107,0.52,3,1.0
973,85,1,0,156,77,0.75,3,1.0
973,87,85,0,195,136,0.91,3,1.0
973,93,106,1825,134,95,0.68,3,1.0
973,91,352,1101,192,197,0.94,3,1.0
973,95,206,1793,125,112,0.69,3,1.0
973,98,254,1326,108,124,0.69,3,1.0
973,90,0,361,173,175,0.89,3,1.0
973,100,242,1744,100,106,0.76,3,1.0
973,101,208,1797,75,107,0.51,3,1.0
974,85,1,0,155,77,0.74,3,1.0
974,87,81,0,196,131,0.91,3,1.0
974,93,108,1825,128,95,0.67,3,1.0
974,91,348,1098,192,198,0.94,3,1.0
974,95,203,1792,124,113,0.68,3,1.0
974,98,247,1319,113,129,0.72,3,1.0
974,90,0,356,169,174,0.90,3,1.0
974,100,238,1743,101,107,0.77,3,1.0
974,101,204,1796,77,108,0.52,3,1.0
975,87,75,0,197,124,0.91,3,1.0
975,93,107,1825,124,95,0.65,3,1.0
975,91,344,1095,192,199,0.94,3,1.0
975,95,198,1791,125,114,0.65,3,1.0
975,98,239,1312,117,133,0.76,3,1.0
975,90,0,349,164,175,0.91,3,1.0
975,100,233,1742,103,108,0.79,3,1.0
975,101,199,1795,78,110,0.53,3,1.0
976,87,71,0,199,121,0.91,3,1.0
976,93,104,1823,124,97,0.72,3,1.0
976,91,340,1092,193,202,0.94,3,1.0
976,95,195,1789,125,116,0.66,3,1.0
976,98,234,1307,120,135,0.79,3,1.0
976,90,0,344,161,176,0.91,3,1.0
976,100,228,1741,105,110,0.80,3,1.0
976,101,196,1794,80,111,0.47,3,1.0
977,87,65,0,201,116,0.91,3,1.0
977,93,99,1821,125,99,0.77,3,1.0
977,91,334,1089,195,203,0.94,3,1.0
977,95,189,1788,127,117,0.64,3,1.0
977,98,230,1308,119,131,0.78,3,1.0
977,90,0,336,155,179,0.91,3,1.0
977,100,223,1740,107,111,0.82,3,1.0
977,101,191,1793,80,112,0.43,3,1.0
977,99,62,1738,151,129,0.70,3,1.0
978,87,62,0,200,112,0.92,3,1.0
978,93,96,1820,125,100,0.75,3,1.0
978,91,331,1087,196,203,0.94,3,1.0
978,95,187,1788,127,117,0.62,3,1.0
978,98,231,1315,114,123,0.74,3,1.0
978,90,0,331,151,180,0.91,3,1.0
978,100,219,1739,108,112,0.83,3,1.0
978,101,188,1793,80,112,0.43,3,1.0
978,99,62,1738,151,129,0.70,3,1.0
979,87,56,0,200,106,0.91,3,1.0
979,93,91,1818,125,102,0.72,3,1.0
979,91,326,1084,197,203,0.93,3,1.0
979,95,182,1785,128,119,0.61,3,1.0
979,98,229,1315,111,122,0.74,3,1.0
979,90,0,324,144,182,0.91,3,1.0
979,100,213,1737,109,113,0.84,3,1.0
979,101,183,1791,80,113,0.45,3,1.0
979,99,62,1738,151,129,0.70,3,1.0
979,103,923,1791,157,129,0.78,2,1.0
980,87,52,0,201,103,0.91,3,1.0
980,93,88,1818,125,102,0.69,3,1.0
980,91,322,1083,199,201,0.93,3,1.0
980,95,178,1784,128,119,0.61,3,1.0
980,98,227,1315,109,121,0.72,3,1.0
980,90,0,320,139,182,0.92,3,1.0
980,100,210,1737,109,112,0.84,3,1.0
980,101,179,1789,80,115,0.49,3,1.0
980,99,62,1738,151,129,0.70,3,1.0
980,103,923,1790,157,130,0.78,2,1.0
981,87,45,0,203,98,0.91,3,1.0
981,93,80,1817,127,103,0.68,3,1.0
981,91,316,1079,201,202,0.93,3,1.0
981,95,174,1784,127,118,0.62,3,1.0
981,98,223,1317,108,119,0.70,3,1.0
981,90,0,314,132,183,0.92,3,1.0
981,100,205,1736,110,112,0.84,3,1.0
981,101,177,1789,79,114,0.52,3,1.0
981,99,62,1738,151,129,0.70,3,1.0
981,103,913,1768,166,151,0.62,2,1.0
982,87,39,0,205,95,0.90,3,1.0
982,93,73,1816,130,104,0.67,3,1.0
982,91,313,1076,202,203,0.92,3,1.0
982,95,170,1784,127,118,0.65,3,1.0
982,98,218,1314,109,122,0.72,3,1.0
982,90,0,311,126,182,0.93,3,1.0
982,100,202,1736,109,111,0.85,3,1.0
982,101,175,1787,80,116,0.55,3,1.0
982,99,62,1738,151,129,0.70,3,1.0
982,103,913,1768,166,151,0.62,2,1.0
983,87,33,0,204,90,0.89,3,1.0
983,93,65,1815,133,105,0.67,3,1.0
983,91,307,1073,201,203,0.91,3,1.0
983,95,165,1783,127,118,0.66,3,1.0
983,98,212,1311,111,122,0.76,3,1.0
983,90,0,308,123,182,0.93,3,1.0
983,100,197,1735,109,111,0.86,3,1.0
983,101,167,1784,80,117,0.53,3,1.0
983,103,913,1768,166,151,0.62,2,1.0
984,87,29,0,204,87,0.89,3,1.0
984,93,58,1813,137,107,0.69,3,1.0
984,91,304,1072,199,203,0.91,3,1.0
984,95,162,1783,126,117,0.67,3,1.0
984,98,210,1314,109,117,0.75,3,1.0
984,90,0,306,120,183,0.93,3,1.0
984,100,195,1734,107,110,0.87,3,1.0
984,101,161,1783,81,117,0.47,3,1.0
984,103,908,1757,171,162,0.54,2,1.0
985,87,23,0,204,82,0.89,3,1.0
985,93,53,1811,137,109,0.67,3,1.0
985,91,299,1069,198,204,0.90,3,1.0
985,95,157,1782,127,117,0.70,3,1.0
985,98,207,1319,107,110,0.74,3,1.0
985,90,0,302,116,183,0.93,3,1.0
985,100,191,1732,106,110,0.87,3,1.0
985,101,156,1781,81,117,0.40,3,1.0
985,103,893,1723,186,196,0.30,2,1.0
986,87,20,0,202,79,0.88,3,1.0
986,93,52,1810,135,110,0.63,3,1.0
986,91,295,1069,197,203,0.90,3,1.0
986,95,153,1781,128,117,0.71,3,1.0
986,98,206,1321,104,106,0.74,3,1.0
986,90,0,303,116,182,0.93,3,1.0
986,100,187,1731,108,108,0.88,3,1.0
986,101,156,1781,81,117,0.40,3,1.0
986,104,884,1759,195,160,0.58,2,1.0
987,87,16,0,199,73,0.88,3,1.0
987,93,49,1809,133,111,0.64,3,1.0
987,91,290,1067,195,202,0.91,3,1.0
987,95,150,1780,129,117,0.70,3,1.0
987,98,203,1323,102,103,0.70,3,1.0
987,100,182,1729,109,109,0.88,3,1.0
987,101,150,1781,82,114,0.53,3,1.0
987,104,878,1745,201,174,0.67,2,1.0
988,87,12,0,199,68,0.88,3,1.0
988,93,47,1808,132,112,0.64,3,1.0
988,91,286,1064,197,203,0.92,3,1.0
988,95,148,1779,130,118,0.72,3,1.0
988,98,201,1324,100,103,0.66,3,1.0
988,100,179,1728,109,109,0.88,3,1.0
988,101,145,1780,82,113,0.67,3,1.0
988,104,876,1740,203,179,0.70,2,1.0
989,87,8,0,197,61,0.85,3,1.0
989,93,39,1803,135,117,0.59,3,1.0
989,91,280,1062,196,201,0.92,3,1.0
989,95,142,1777,127,116,0.77,3,1.0
989,98,199,1326,98,101,0.63,3,1.0
989,100,174,1727,110,109,0.87,3,1.0
989,101,140,1780,82,110,0.79,3,1.0
989,104,872,1731,207,188,0.71,2,1.0
990,87,5,0,195,56,0.83,3,1.0
990,93,31,1802,139,118,0.62,3,1.0
990,91,276,1060,194,200,0.93,3,1.0
990,95,140,1778,123,113,0.76,3,1.0
990,98,198,1325,97,102,0.61,3,1.0
990,100,171,1726,109,109,0.88,3,1.0
990,101,140,1780,82,110,0.79,3,1.0
990,104,870,1727,209,192,0.72,2,1.0
991,87,3,0,192,49,0.78,3,1.0
991,93,23,1801,141,119,0.68,3,1.0
991,91,270,1057,193,200,0.93,3,1.0
991,95,136,1779,117,108,0.76,3,1.0
991,98,195,1324,97,104,0.55,3,1.0
991,100,166,1725,108,109,0.88,3,1.0
991,101,140,1780,82,110,0.79,3,1.0
991,104,863,1722,216,197,0.76,2,1.0
992,87,2,0,190,47,0.76,3,1.0
992,93,19,1801,141,119,0.70,3,1.0
992,91,266,1055,192,199,0.93,3,1.0
992,95,135,1780,116,106,0.76,3,1.0
992,98,195,1324,97,104,0.56,3,1.0
992,100,162,1725,108,108,0.87,3,1.0
992,101,140,1780,82,110,0.79,3,1.0
992,104,859,1723,220,196,0.76,2,1.0
993,87,1,0,188,43,0.72,3,1.0
993,93,12,1800,141,120,0.73,3,1.0
993,91,259,1052,191,199,0.93,3,1.0
993,95,135,1779,112,107,0.76,3,1.0
993,100,155,1724,109,108,0.88,3,1.0
993,101,108,1773,114,113,0.59,3,1.0
993,104,851,1725,228,194,0.76,2,1.0
994,87,2,0,186,41,0.69,3,1.0
994,93,11,1803,137,117,0.80,3,1.0
994,91,254,1050,193,200,0.93,3,1.0
994,95,137,1780,105,104,0.76,3,1.0
994,100,150,1723,109,108,0.88,3,1.0
994,101,108,1773,110,113,0.60,3,1.0
994,104,846,1733,233,186,0.76,2,1.0
995,87,4,0,183,36,0.62,3,1.0
995,93,8,1803,133,117,0.84,3,1.0
995,91,246,1047,197,201,0.93,3,1.0
995,95,137,1780,99,102,0.71,3,1.0
995,100,143,1722,109,108,0.89,3,1.0
995,101,107,1773,114,113,0.66,3,1.0
995,104,839,1739,235,181,0.79,2,1.0
996,93,5,1802,131,118,0.84,3,1.0
996,91,241,1045,198,202,0.93,3,1.0
996,95,139,1780,92,101,0.65,3,1.0
996,100,139,1722,109,107,0.90,3,1.0
996,101,106,1773,116,113,0.69,3,1.0
996,104,835,1739,235,181,0.81,2,1.0
997,93,2,1800,126,120,0.85,3,1.0
997,91,234,1043,200,202,0.93,3,1.0
997,95,140,1781,85,99,0.63,3,1.0
997,100,130,1721,112,109,0.91,3,1.0
997,101,105,1774,115,111,0.71,3,1.0
997,104,826,1741,239,179,0.83,2,1.0
998,93,1,1798,123,122,0.85,3,1.0
998,91,229,1042,202,202,0.93,3,1.0
998,95,140,1782,81,96,0.62,3,1.0
998,100,125,1721,112,109,0.91,3,1.0
998,101,106,1774,112,110,0.74,3,1.0
998,104,820,1741,241,179,0.85,2,1.0
999,93,0,1797,121,123,0.85,3,1.0
999,91,221,1041,204,202,0.93,3,1.0
999,95,138,1783,80,95,0.58,3,1.0
999,100,118,1720,113,109,0.90,3,1.0
999,101,100,1774,116,110,0.77,3,1.0
999,104,812,1741,240,178,0.84,2,1.0
1000,93,0,1796,119,124,0.85,3,1.0
1000,91,216,1041,204,201,0.93,3,1.0
1000,95,138,1784,78,93,0.61,3,1.0
1000,100,112,1720,114,109,0.89,3,1.0
1000,101,95,1773,116,110,0.76,3,1.0
1000,104,804,1741,242,178,0.82,2,1.0
1001,93,0,1793,115,127,0.85,3,1.0
1001,91,207,1040,205,202,0.93,3,1.0
1001,95,138,1786,74,91,0.68,3,1.0
1001,100,104,1720,115,109,0.88,3,1.0
1001,101,89,1774,114,109,0.76,3,1.0
1001,104,793,1743,243,176,0.80,2,1.0
1002,93,0,1793,115,127,0.85,3,1.0
1002,91,201,1040,205,202,0.93,3,1.0
1002,95,138,1786,74,91,0.72,3,1.0
1002,100,100,1720,115,108,0.87,3,1.0
1002,101,83,1775,115,108,0.77,3,1.0
1002,104,787,1744,239,175,0.79,2,1.0
1003,91,193,1040,204,201,0.93,3,1.0
1003,95,102,1781,74,95,0.61,3,1.0
1003,100,94,1720,114,108,0.87,3,1.0
1003,101,77,1775,114,107,0.75,3,1.0
1003,104,776,1736,254,183,0.78,2,1.0
1004,91,187,1040,204,200,0.92,3,1.0
1004,95,102,1781,74,95,0.60,3,1.0
1004,100,91,1720,112,108,0.87,3,1.0
1004,101,75,1776,110,106,0.74,3,1.0
1004,104,767,1729,272,190,0.79,2,1.0
1005,91,177,1038,204,201,0.92,3,1.0
1005,95,96,1781,76,95,0.66,3,1.0
1005,100,84,1720,112,108,0.88,3,1.0
1005,101,70,1778,108,104,0.73,3,1.0
1005,104,761,1726,280,193,0.81,2,1.0
1006,91,171,1037,204,201,0.92,3,1.0
1006,95,93,1781,76,95,0.68,3,1.0
1006,100,80,1719,111,109,0.88,3,1.0
1006,101,67,1778,105,103,0.70,3,1.0
1006,104,757,1719,296,200,0.81,2,1.0
1007,91,162,1035,203,201,0.91,3,1.0
1007,95,89,1781,76,95,0.66,3,1.0
1007,100,71,1719,112,109,0.88,3,1.0
1007,101,66,1778,102,103,0.67,3,1.0
1007,104,735,1702,318,217,0.76,2,1.0
1007,105,912,1824,166,95,0.56,2,1.0
1008,91,156,1034,203,201,0.91,3,1.0
1008,95,83,1781,77,96,0.66,3,1.0
1008,100,65,1718,113,110,0.88,3,1.0
1008,101,61,1778,105,103,0.66,3,1.0
1008,104,721,1698,310,221,0.70,2,1.0
1008,105,912,1824,166,95,0.56,2,1.0
1009,91,145,1032,206,202,0.91,3,1.0
1009,95,78,1781,78,96,0.68,3,1.0
1009,100,57,1717,114,111,0.87,3,1.0
1009,101,48,1779,104,101,0.68,3,1.0
1009,104,707,1696,301,223,0.65,2,1.0
1009,105,912,1824,166,95,0.56,2,1.0
1010,91,139,1031,207,201,0.91,3,1.0
1010,95,76,1781,77,96,0.65,3,1.0
1010,100,51,1717,114,110,0.87,3,1.0
1010,101,39,1778,104,101,0.71,3,1.0
1010,104,707,1696,301,223,0.65,2,1.0
1010,105,904,1824,173,95,0.56,2,1.0
1011,91,129,1030,208,200,0.91,3,1.0
1011,95,73,1781,76,96,0.59,3,1.0
1011,100,42,1717,115,110,0.87,3,1.0
1011,101,33,1779,96,99,0.73,3,1.0
1011,104,693,1699,292,220,0.68,2,1.0
1011,105,896,1823,170,96,0.60,2,1.0
1012,91,122,1029,209,201,0.92,3,1.0
1012,95,72,1781,77,96,0.59,3,1.0
1012,100,37,1717,115,110,0.87,3,1.0
1012,101,33,1780,93,98,0.72,3,1.0
1012,104,679,1702,284,217,0.69,2,1.0
1012,105,885,1823,170,96,0.65,2,1.0
1013,91,111,1027,215,202,0.93,3,1.0
1013,100,29,1717,114,110,0.87,3,1.0
1013,101,33,1780,93,98,0.72,3,1.0
1013,104,663,1706,263,212,0.73,2,1.0
1013,105,869,1822,171,97,0.65,2,1.0
1014,91,104,1025,218,203,0.93,3,1.0
1014,100,23,1717,115,111,0.88,3,1.0
1014,101,33,1780,90,98,0.71,3,1.0
1014,104,661,1705,259,212,0.74,2,1.0
1014,105,865,1822,171,97,0.63,2,1.0
1015,91,94,1021,224,207,0.93,3,1.0
1015,100,15,1716,115,112,0.88,3,1.0
1015,101,36,1781,82,98,0.68,3,1.0
1015,104,656,1703,256,213,0.71,2,1.0
1015,105,853,1820,167,99,0.59,2,1.0
1016,91,87,1018,229,210,0.92,3,1.0
1016,100,10,1716,114,112,0.88,3,1.0
1016,101,35,1781,83,98,0.68,3,1.0
1016,104,649,1701,251,213,0.69,2,1.0
1016,105,844,1820,168,99,0.51,2,1.0
1017,91,77,1016,233,212,0.92,3,1.0
1017,100,6,1716,114,112,0.88,3,1.0
1017,104,640,1704,245,209,0.60,2,1.0
1017,105,838,1819,168,100,0.45,2,1.0
1018,91,70,1014,234,213,0.92,3,1.0
1018,100,5,1716,113,112,0.87,3,1.0
1018,104,636,1704,245,209,0.56,2,1.0
1018,105,835,1819,167,100,0.42,2,1.0
1019,91,60,1011,233,216,0.91,3,1.0
1019,100,2,1715,112,112,0.86,3,1.0
1019,104,621,1703,244,209,0.58,2,1.0
1019,105,814,1816,165,103,0.47,2,1.0
1020,91,53,1011,232,215,0.90,3,1.0
1020,100,2,1715,112,112,0.86,3,1.0
1020,104,611,1702,245,209,0.64,2,1.0
1020,105,799,1814,166,105,0.58,2,1.0
1021,91,43,1010,228,215,0.90,3,1.0
1021,104,598,1705,241,204,0.63,2,1.0
1021,105,778,1811,165,108,0.55,2,1.0
1022,91,36,1009,226,215,0.90,3,1.0
1022,104,589,1702,236,203,0.69,2,1.0
1022,105,774,1811,166,108,0.48,2,1.0
1023,91,26,1007,225,217,0.90,3,1.0
1023,104,584,1705,235,203,0.69,2,1.0
1023,105,774,1811,166,108,0.48,2,1.0
1024,91,19,1007,224,216,0.90,3,1.0
1024,104,578,1708,232,201,0.66,2,1.0
1024,105,771,1811,165,108,0.41,2,1.0
1025,91,11,1010,220,212,0.89,3,1.0
1025,104,567,1711,230,198,0.63,2,1.0
1025,105,765,1810,163,109,0.27,2,1.0
1026,91,7,1011,217,211,0.88,3,1.0
1026,104,560,1712,229,199,0.66,2,1.0
1026,105,765,1810,163,109,0.28,2,1.0
1027,91,3,1011,216,211,0.88,3,1.0
1027,104,548,1713,227,199,0.67,2,1.0
1028,91,2,1013,214,208,0.86,3,1.0
1028,104,540,1714,225,196,0.64,2,1.0
1029,91,0,1015,209,206,0.84,3,1.0
1029,104,535,1714,222,195,0.62,2,1.0
1030,91,0,1016,209,205,0.84,3,1.0
1030,104,553,1721,254,190,0.61,2,1.0
1031,104,560,1729,292,184,0.54,2,1.0
1032,104,544,1726,361,190,0.62,2,1.0
1033,104,520,1729,432,190,0.69,2,1.0
1033,91,0,1016,136,239,0.54,3,1.0
1033,106,543,1738,369,181,0.42,2,1.0
1034,104,502,1729,445,190,0.71,2,1.0
1034,91,0,1016,136,239,0.54,3,1.0
1034,106,543,1738,369,181,0.42,2,1.0
1035,104,459,1725,471,194,0.75,2,1.0
1035,91,0,1016,136,239,0.54,3,1.0
1035,106,543,1738,369,181,0.42,2,1.0
1036,104,426,1721,491,198,0.83,2,1.0
1036,91,0,1016,136,239,0.54,3,1.0
1036,106,543,1738,369,181,0.42,2,1.0
1037,104,403,1723,493,196,0.82,2,1.0
1037,91,0,1016,136,239,0.54,3,1.0
1037,106,543,1738,369,181,0.42,2,1.0
1038,104,388,1721,493,198,0.83,2,1.0
1038,91,0,1016,136,239,0.53,3,1.0
1039,104,367,1719,491,200,0.80,2,1.0
1039,106,492,1727,312,192,0.71,2,1.0
1040,104,352,1716,491,203,0.79,2,1.0
1040,106,494,1727,310,192,0.72,2,1.0
1041,104,339,1714,494,205,0.78,2,1.0
1041,106,486,1727,304,192,0.78,2,1.0
1042,104,335,1714,491,205,0.76,2,1.0
1042,106,482,1728,301,191,0.80,2,1.0
1043,104,327,1713,485,206,0.71,2,1.0
1043,106,470,1728,301,191,0.83,2,1.0
1044,104,328,1711,484,208,0.73,2,1.0
1044,106,457,1729,298,190,0.88,2,1.0
1045,106,432,1730,298,189,0.91,2,1.0
1046,106,413,1730,301,189,0.92,2,1.0
1047,106,381,1731,306,188,0.92,2,1.0
1048,106,358,1732,310,187,0.92,2,1.0
1049,106,320,1733,318,186,0.91,2,1.0
1050,106,293,1735,323,184,0.90,2,1.0
1051,106,257,1737,325,182,0.88,2,1.0
1052,106,233,1738,326,181,0.87,2,1.0
1053,106,192,1740,332,179,0.86,2,1.0
1053,107,3,1731,474,188,0.62,2,1.0
1054,106,166,1740,335,179,0.85,2,1.0
1054,107,3,1731,474,188,0.63,2,1.0
1055,106,125,1743,342,176,0.85,2,1.0
1055,107,3,1731,474,188,0.63,2,1.0
1056,106,93,1745,352,174,0.86,2,1.0
1056,107,3,1731,474,188,0.63,2,1.0
1057,106,55,1749,365,170,0.86,2,1.0
1057,107,3,1731,474,188,0.63,2,1.0
1058,106,33,1753,373,166,0.86,2,1.0
1058,107,2,1730,475,189,0.65,2,1.0
1059,106,12,1757,371,162,0.84,2,1.0
1060,106,6,1760,364,159,0.82,2,1.0
1061,106,0,1763,354,156,0.81,2,1.0
1062,106,0,1764,341,155,0.81,2,1.0
1063,106,0,1766,319,153,0.81,2,1.0
1064,106,0,1767,307,152,0.82,2,1.0
1065,106,0,1765,285,154,0.76,2,1.0
1066,106,0,1763,268,156,0.68,2,1.0
1067,106,0,1762,255,157,0.63,2,1.0
1068,106,0,1760,247,159,0.57,2,1.0
1069,106,0,1757,231,162,0.44,2,1.0
1070,106,0,1757,231,162,0.44,2,1.0
1121,108,699,1068,89,71,0.83,3,1.0
1122,108,699,1068,89,71,0.83,3,1.0
1123,108,699,1068,89,71,0.83,3,1.0
1124,108,699,1068,89,71,0.83,3,1.0
1125,108,699,1068,89,71,0.83,3,1.0
1126,108,697,1068,88,71,0.79,3,1.0
1127,108,694,1069,88,71,0.76,3,1.0
1128,108,693,1069,88,71,0.74,3,1.0
1129,108,690,1069,89,71,0.71,3,1.0
1130,108,686,1070,88,71,0.65,3,1.0
1131,108,686,1070,88,71,0.65,3,1.0
1150,109,914,994,125,144,0.85,2,1.0
1151,109,914,994,125,144,0.85,2,1.0
1152,109,905,995,125,143,0.87,2,1.0
1152,110,915,1090,165,194,0.79,1,1.0
1153,109,900,995,126,143,0.87,2,1.0
1153,110,915,1090,165,194,0.79,1,1.0
1154,109,893,996,127,142,0.88,2,1.0
1154,110,906,1091,173,194,0.82,1,1.0
1155,109,884,996,126,142,0.88,2,1.0
1155,110,902,1092,176,194,0.83,1,1.0
1156,109,869,997,128,142,0.89,2,1.0
1156,110,894,1093,179,194,0.85,1,1.0
1157,109,860,997,129,142,0.89,2,1.0
1157,110,884,1095,184,193,0.87,1,1.0
1158,109,846,997,133,143,0.88,2,1.0
1158,110,870,1096,189,194,0.91,1,1.0
1159,109,837,997,135,144,0.88,2,1.0
1159,110,860,1096,189,195,0.92,1,1.0
1160,109,825,998,134,143,0.87,2,1.0
1160,110,846,1096,190,197,0.91,1,1.0
1161,109,817,998,133,143,0.86,2,1.0
1161,110,837,1096,190,198,0.89,1,1.0
1162,109,805,999,135,142,0.86,2,1.0
1162,110,823,1096,190,200,0.90,1,1.0
1162,111,947,1106,133,201,0.84,2,1.0
1163,109,797,1000,136,142,0.86,2,1.0
1163,110,814,1097,190,200,0.89,1,1.0
1163,111,947,1106,133,201,0.84,2,1.0
1164,109,785,1001,134,141,0.86,2,1.0
1164,110,801,1099,189,200,0.89,1,1.0
1164,111,940,1105,140,202,0.82,2,1.0
1164,112,917,984,163,181,0.92,1,1.0
1165,109,776,1002,136,141,0.87,2,1.0
1165,110,792,1100,189,200,0.91,1,1.0
1165,111,936,1105,144,201,0.81,2,1.0
1165,112,917,984,163,181,0.92,1,1.0
1166,109,764,1002,139,142,0.87,2,1.0
1166,110,779,1102,188,199,0.92,1,1.0
1166,111,930,1104,150,202,0.81,2,1.0
1166,112,909,985,171,180,0.93,1,1.0
1167,109,756,1003,139,141,0.87,2,1.0
1167,110,771,1103,187,198,0.91,1,1.0
1167,111,921,1103,159,203,0.81,2,1.0
1167,112,906,986,174,179,0.93,1,1.0
1168,109,744,1004,141,142,0.87,2,1.0
1168,110,757,1104,187,199,0.90,1,1.0
1168,111,907,1103,173,204,0.75,2,1.0
1168,112,899,986,178,180,0.94,1,1.0
1169,109,736,1004,147,143,0.86,2,1.0
1169,110,749,1105,186,199,0.90,1,1.0
1169,111,897,1104,183,205,0.71,2,1.0
1169,112,889,987,186,180,0.94,1,1.0
1170,109,724,1005,145,143,0.85,2,1.0
1170,110,736,1106,185,200,0.89,1,1.0
1170,111,883,1106,197,204,0.72,2,1.0
1170,112,876,988,191,180,0.95,1,1.0
1171,109,715,1005,142,144,0.86,2,1.0
1171,110,726,1107,186,201,0.90,1,1.0
1171,111,873,1108,207,204,0.72,2,1.0
1171,112,866,988,193,181,0.95,1,1.0
1172,109,702,1006,142,145,0.85,2,1.0
1172,110,712,1108,187,202,0.86,1,1.0
1172,111,860,1111,217,203,0.72,2,1.0
1172,112,852,989,195,181,0.95,1,1.0
1173,109,694,1007,138,145,0.85,2,1.0
1173,110,704,1109,187,202,0.82,1,1.0
1173,111,851,1112,223,203,0.77,2,1.0
1173,112,843,990,195,181,0.96,1,1.0
1174,109,682,1009,132,144,0.85,2,1.0
1174,110,691,1111,188,202,0.81,1,1.0
1174,111,838,1113,229,203,0.79,1,1.0
1174,112,829,991,195,180,0.96,1,1.0
1174,113,927,1262,151,142,0.90,3,1.0
1175,109,674,1011,133,144,0.86,2,1.0
1175,110,683,1112,188,202,0.81,1,1.0
1175,111,830,1112,230,205,0.75,1,1.0
1175,112,820,992,195,180,0.96,1,1.0
1175,113,927,1262,151,142,0.90,3,1.0
1176,109,662,1012,134,145,0.85,2,1.0
1176,110,671,1114,188,203,0.81,1,1.0
1176,111,818,1112,231,206,0.71,1,1.0
1176,112,807,993,195,181,0.96,1,1.0
1176,113,920,1264,151,140,0.90,3,1.0
1176,114,957,1455,81,85,0.53,3,1.0
1177,109,654,1013,131,145,0.85,2,1.0
1177,110,663,1114,188,204,0.86,1,1.0
1177,111,811,1113,230,206,0.67,1,1.0
1177,112,799,993,194,182,0.96,1,1.0
1177,113,917,1264,150,140,0.90,3,1.0
1177,114,958,1464,76,76,0.65,3,1.0
1178,109,642,1015,136,146,0.86,2,1.0
1178,110,651,1116,188,204,0.88,1,1.0
1178,111,800,1113,229,207,0.67,1,1.0
1178,112,787,994,194,182,0.95,1,1.0
1178,113,911,1266,150,138,0.90,3,1.0
1178,114,954,1468,74,72,0.71,3,1.0
1179,109,635,1015,142,147,0.87,2,1.0
1179,110,643,1117,188,204,0.87,1,1.0
1179,111,793,1114,228,207,0.72,1,1.0
1179,112,779,995,194,182,0.95,1,1.0
1179,113,902,1267,150,138,0.90,3,1.0
1179,114,952,1470,73,70,0.74,3,1.0
1179,115,919,1445,57,66,0.87,3,1.0
1180,109,623,1016,150,149,0.87,2,1.0
1180,110,632,1119,187,204,0.88,1,1.0
1180,111,782,1115,228,207,0.75,2,1.0
1180,112,768,996,193,182,0.95,1,1.0
1180,113,890,1269,150,137,0.90,3,1.0
1180,114,947,1472,74,69,0.77,3,1.0
1180,115,911,1446,58,65,0.88,3,1.0
1181,109,616,1016,157,151,0.88,2,1.0
1181,110,625,1120,187,204,0.87,1,1.0
1181,111,774,1116,229,208,0.79,1,1.0
1181,112,760,996,193,182,0.95,1,1.0
1181,113,883,1270,149,137,0.90,3,1.0
1181,114,942,1477,72,66,0.83,3,1.0
1181,115,909,1447,58,64,0.88,3,1.0
1182,109,605,1016,164,154,0.90,2,1.0
1182,110,613,1121,188,205,0.86,1,1.0
1182,111,764,1116,229,209,0.84,1,1.0
1182,112,750,996,192,183,0.95,1,1.0
1182,113,872,1272,148,136,0.90,3,1.0
1182,114,933,1474,73,71,0.87,3,1.0
1182,115,904,1447,59,65,0.88,3,1.0
1183,109,598,1016,164,155,0.91,2,1.0
1183,110,606,1122,188,205,0.89,1,1.0
1183,111,757,1116,229,210,0.83,1,1.0
1183,112,742,996,193,183,0.94,1,1.0
1183,113,865,1273,147,136,0.90,3,1.0
1183,114,927,1470,75,77,0.89,3,1.0
1183,115,901,1447,59,66,0.88,3,1.0
1184,109,587,1016,167,158,0.91,2,1.0
1184,110,595,1122,190,207,0.88,1,1.0
1184,111,748,1117,229,210,0.80,2,1.0
1184,112,732,996,193,184,0.94,1,1.0
1184,113,855,1274,147,136,0.90,3,1.0
1184,114,918,1470,76,79,0.89,3,1.0
1184,115,892,1448,61,66,0.87,3,1.0
1185,109,580,1015,169,160,0.92,2,1.0
1185,110,588,1123,190,207,0.85,1,1.0
1185,111,742,1118,229,210,0.78,2,1.0
1185,112,725,996,194,185,0.95,1,1.0
1185,113,849,1275,146,136,0.90,3,1.0
1185,114,912,1470,77,80,0.88,3,1.0
1185,115,886,1448,62,68,0.86,3,1.0
1186,109,569,1015,170,162,0.92,2,1.0
1186,110,577,1123,191,208,0.80,1,1.0
1186,111,732,1117,230,211,0.79,2,1.0
1186,112,714,995,195,186,0.94,1,1.0
1186,113,838,1275,147,138,0.91,3,1.0
1186,114,898,1463,83,89,0.88,3,1.0
1186,115,877,1448,62,70,0.83,3,1.0
1186,116,920,819,130,121,0.68,2,1.0
1187,109,562,1015,172,163,0.91,2,1.0
1187,110,569,1122,193,209,0.76,1,1.0
1187,111,725,1117,230,211,0.78,2,1.0
1187,112,707,994,195,187,0.94,1,1.0
1187,113,831,1274,148,139,0.91,3,1.0
1187,114,887,1461,88,92,0.88,3,1.0
1187,115,870,1448,63,70,0.81,3,1.0
1187,116,920,818,130,122,0.68,2,1.0
1188,109,551,1015,176,164,0.92,2,1.0
1188,110,558,1122,193,210,0.75,2,1.0
1188,111,715,1117,231,212,0.78,2,1.0
1188,112,696,993,197,188,0.94,1,1.0
1188,113,821,1273,148,141,0.92,3,1.0
1188,114,878,1462,87,91,0.81,3,1.0
1188,115,861,1449,63,70,0.81,3,1.0
1188,116,914,817,130,121,0.72,2,1.0
1188,117,929,1443,151,166,0.94,2,1.0
1189,109,544,1014,176,164,0.92,2,1.0
1189,110,550,1121,194,212,0.77,2,1.0
1189,111,707,1115,232,214,0.81,2,1.0
1189,112,688,991,198,189,0.94,1,1.0
1189,113,813,1273,149,142,0.92,3,1.0
1189,114,872,1463,86,90,0.82,3,1.0
1189,115,855,1448,63,71,0.82,3,1.0
1189,116,911,816,131,122,0.74,2,1.0
1189,117,929,1443,151,166,0.94,2,1.0
1190,109,534,1014,175,164,0.91,2,1.0
1190,110,539,1120,195,213,0.77,2,1.0
1190,111,698,1114,231,215,0.84,2,1.0
1190,112,678,989,198,190,0.94,1,1.0
1190,113,804,1272,148,143,0.93,3,1.0
1190,114,864,1463,85,90,0.76,3,1.0
1190,115,846,1449,63,70,0.81,3,1.0
1190,116,907,816,130,121,0.71,2,1.0
1190,117,927,1447,152,161,0.92,2,1.0
1191,109,527,1013,176,164,0.92,2,1.0
1191,110,532,1121,196,213,0.79,2,1.0
1191,111,692,1114,231,215,0.85,2,1.0
1191,112,672,988,198,191,0.93,1,1.0
1191,113,797,1272,149,143,0.93,3,1.0
1191,114,861,1464,83,89,0.75,3,1.0
1191,115,841,1449,63,69,0.82,3,1.0
1191,116,901,816,130,120,0.70,2,1.0
1191,117,926,1448,153,160,0.92,2,1.0
1191,118,857,1477,76,76,0.52,3,1.0
1192,109,518,1013,178,164,0.92,2,1.0
1192,110,523,1121,196,214,0.83,1,1.0
1192,111,683,1114,231,215,0.85,2,1.0
1192,112,662,988,200,192,0.93,1,1.0
1192,113,788,1273,149,143,0.93,3,1.0
1192,114,858,1466,78,88,0.72,3,1.0
1192,115,834,1450,62,69,0.80,3,1.0
1192,116,892,815,129,120,0.68,2,1.0
1192,117,921,1449,157,159,0.91,2,1.0
1192,118,850,1478,77,77,0.72,3,1.0
1193,109,513,1013,177,165,0.92,2,1.0
1193,110,516,1121,198,215,0.83,1,1.0
1193,111,676,1113,233,217,0.85,2,1.0
1193,112,656,987,200,193,0.93,1,1.0
1193,113,782,1274,150,143,0.93,3,1.0
1193,114,852,1465,80,90,0.74,3,1.0
1193,115,829,1450,62,70,0.76,3,1.0
1193,116,887,815,129,119,0.64,2,1.0
1193,117,915,1451,163,157,0.90,2,1.0
1193,118,848,1479,78,76,0.79,3,1.0
1194,109,503,1013,176,165,0.91,2,1.0
1194,110,507,1123,198,215,0.84,2,1.0
1194,111,668,1114,233,217,0.86,2,1.0
1194,112,647,987,200,193,0.93,1,1.0
1194,113,772,1275,151,144,0.93,3,1.0
1194,114,841,1460,86,96,0.73,3,1.0
1194,115,821,1452,62,70,0.77,3,1.0
1194,116,878,814,129,121,0.63,2,1.0
1194,117,908,1454,165,155,0.90,2,1.0
1194,118,843,1477,79,79,0.82,3,1.0
1195,109,496,1013,177,165,0.91,2,1.0
1195,110,500,1124,199,215,0.87,2,1.0
1195,111,662,1114,234,218,0.86,2,1.0
1195,112,640,987,201,194,0.94,1,1.0
1195,113,765,1276,152,144,0.93,3,1.0
1195,114,833,1455,90,103,0.78,3,1.0
1195,115,816,1454,61,71,0.78,3,1.0
1195,116,872,812,129,123,0.66,2,1.0
1195,117,902,1454,167,156,0.91,2,1.0
1195,118,841,1477,78,79,0.84,3,1.0
1196,109,486,1014,178,166,0.92,2,1.0
1196,110,490,1125,200,217,0.90,2,1.0
1196,111,652,1116,235,219,0.85,2,1.0
1196,112,630,988,202,195,0.94,1,1.0
1196,113,754,1277,154,146,0.92,3,1.0
1196,114,829,1455,90,104,0.76,3,1.0
1196,115,808,1456,61,71,0.77,3,1.0
1196,116,862,812,130,124,0.67,2,1.0
1196,117,893,1454,170,159,0.92,2,1.0
1196,118,833,1480,78,78,0.90,3,1.0
1197,109,479,1015,177,166,0.92,2,1.0
1197,110,483,1126,201,219,0.90,2,1.0
1197,111,647,1118,234,219,0.86,2,1.0
1197,112,623,989,203,195,0.95,1,1.0
1197,113,747,1278,154,147,0.92,3,1.0
1197,114,825,1455,92,105,0.78,3,1.0
1197,115,803,1458,60,71,0.79,3,1.0
1197,116,856,811,130,125,0.67,2,1.0
1197,117,887,1453,170,161,0.93,2,1.0
1197,118,828,1483,77,77,0.88,3,1.0
1198,109,469,1017,177,166,0.91,2,1.0
1198,110,473,1129,202,220,0.91,2,1.0
1198,111,639,1120,234,219,0.87,2,1.0
1198,112,614,990,203,196,0.94,1,1.0
1198,113,738,1280,155,149,0.91,3,1.0
1198,114,812,1463,93,100,0.78,3,1.0
1198,115,795,1460,61,71,0.80,3,1.0
1198,116,848,812,130,125,0.68,1,1.0
1198,117,881,1452,169,165,0.94,2,1.0
1198,118,822,1487,75,75,0.83,3,1.0
1199,109,464,1018,176,167,0.91,2,1.0
1199,110,467,1130,203,221,0.90,2,1.0
1199,111,633,1122,235,219,0.88,2,1.0
1199,112,608,992,204,197,0.93,1,1.0
1199,113,733,1282,155,149,0.91,3,1.0
1199,114,807,1470,90,95,0.73,3,1.0
1199,115,791,1461,61,72,0.77,3,1.0
1199,116,844,814,129,124,0.66,1,1.0
1199,117,876,1450,170,168,0.94,2,1.0
1199,118,818,1492,74,72,0.77,3,1.0
1200,109,456,1020,178,167,0.92,2,1.0
1200,110,459,1131,204,224,0.90,2,1.0
1200,111,625,1123,237,221,0.89,2,1.0
1200,112,601,993,204,198,0.92,1,1.0
1200,113,726,1285,155,149,0.90,3,1.0
1200,114,799,1475,87,93,0.71,3,1.0
1200,115,785,1460,70,81,0.76,3,1.0
1200,116,838,816,128,122,0.67,1,1.0
1200,117,870,1449,171,171,0.94,2,1.0
1200,118,816,1496,71,69,0.74,3,1.0
1200,119,605,423,94,102,0.50,3,1.0
1201,109,452,1021,179,168,0.91,2,1.0
1201,110,455,1133,204,223,0.90,2,1.0
1201,111,621,1123,237,222,0.91,2,1.0
1201,112,597,994,204,198,0.90,1,1.0
1201,113,723,1287,155,149,0.90,3,1.0
1201,114,798,1474,87,95,0.72,3,1.0
1201,115,781,1460,79,85,0.74,3,1.0
1201,116,835,817,127,121,0.70,1,1.0
1201,117,867,1449,172,172,0.94,2,1.0
1201,118,815,1496,70,70,0.71,3,1.0
1201,119,605,422,98,105,0.65,3,1.0
1202,109,445,1021,179,170,0.91,2,1.0
1202,110,448,1134,205,225,0.89,2,1.0
1202,111,615,1122,238,224,0.92,2,1.0
1202,112,591,995,204,199,0.90,1,1.0
1202,113,718,1291,155,148,0.89,3,1.0
1202,114,796,1476,87,94,0.74,3,1.0
1202,115,776,1460,90,94,0.76,3,1.0
1202,116,830,817,127,122,0.71,2,1.0
1202,117,863,1450,171,173,0.94,2,1.0
1202,118,812,1498,70,69,0.66,3,1.0
1202,119,605,422,98,105,0.65,3,1.0
1203,109,441,1021,179,170,0.90,2,1.0
1203,110,443,1135,207,225,0.88,2,1.0
1203,111,611,1122,239,225,0.92,2,1.0
1203,112,587,995,205,199,0.90,1,1.0
1203,113,715,1294,155,147,0.88,3,1.0
1203,114,793,1477,88,95,0.76,3,1.0
1203,115,773,1460,99,102,0.78,3,1.0
1203,116,827,817,127,122,0.70,2,1.0
1203,117,860,1451,172,173,0.94,2,1.0
1203,118,812,1498,70,69,0.65,3,1.0
1203,119,605,422,98,105,0.65,3,1.0
1204,109,434,1021,180,170,0.90,2,1.0
1204,110,437,1135,207,226,0.88,2,1.0
1204,111,605,1122,241,227,0.92,2,1.0
1204,112,581,994,206,201,0.91,1,1.0
1204,113,709,1297,156,147,0.88,3,1.0
1204,114,789,1480,87,95,0.78,3,1.0
1204,115,769,1460,107,111,0.77,3,1.0
1204,116,822,816,127,122,0.70,1,1.0
1204,117,855,1452,173,174,0.95,2,1.0
1204,119,605,422,98,105,0.65,3,1.0
1205,109,429,1020,180,172,0.90,2,1.0
1205,110,432,1135,209,228,0.87,2,1.0
1205,111,601,1122,242,228,0.91,2,1.0
1205,112,577,993,207,202,0.91,1,1.0
1205,113,705,1298,157,147,0.87,3,1.0
1205,114,785,1483,88,93,0.80,3,1.0
1205,115,767,1461,106,112,0.73,3,1.0
1205,116,818,815,127,122,0.68,1,1.0
1205,117,851,1453,174,175,0.95,2,1.0
1205,119,605,420,102,108,0.79,3,1.0
1206,109,422,1020,181,172,0.90,2,1.0
1206,110,424,1135,211,229,0.87,2,1.0
1206,111,595,1121,244,230,0.90,2,1.0
1206,112,570,991,209,204,0.91,1,1.0
1206,113,699,1301,158,146,0.86,3,1.0
1206,114,781,1490,86,88,0.79,3,1.0
1206,115,766,1462,107,116,0.75,3,1.0
1206,116,813,813,127,124,0.67,1,1.0
1206,117,846,1453,175,177,0.95,2,1.0
1207,109,417,1019,183,173,0.91,2,1.0
1207,110,419,1134,212,230,0.88,2,1.0
1207,111,590,1120,247,232,0.90,2,1.0
1207,112,566,989,210,205,0.90,1,1.0
1207,113,695,1300,159,147,0.85,3,1.0
1207,114,779,1494,83,85,0.77,3,1.0
1207,115,761,1464,97,106,0.75,3,1.0
1207,116,809,811,128,125,0.68,1,1.0
1207,117,842,1453,176,178,0.95,2,1.0
1208,109,410,1017,185,175,0.91,2,1.0
1208,110,412,1134,213,231,0.88,2,1.0
1208,111,584,1119,248,233,0.90,2,1.0
1208,112,559,986,211,207,0.85,1,1.0
1208,113,689,1298,160,149,0.86,3,1.0
1208,114,773,1493,84,87,0.78,3,1.0
1208,115,755,1467,85,97,0.70,3,1.0
1208,116,803,808,129,126,0.72,2,1.0
1208,117,838,1453,176,179,0.95,2,1.0
1209,109,406,1015,187,177,0.91,2,1.0
1209,110,407,1133,214,232,0.89,2,1.0
1209,111,580,1118,248,233,0.90,2,1.0
1209,112,555,983,211,208,0.81,1,1.0
1209,113,685,1296,161,150,0.87,3,1.0
1209,114,768,1489,87,92,0.78,3,1.0
1209,115,750,1471,75,85,0.70,3,1.0
1209,116,800,806,129,127,0.74,2,1.0
1209,117,835,1452,177,181,0.95,2,1.0
1210,109,399,1012,190,179,0.92,2,1.0
1210,110,400,1131,215,233,0.90,2,1.0
1210,111,574,1116,249,234,0.90,2,1.0
1210,112,548,978,214,211,0.80,1,1.0
1210,113,679,1297,160,148,0.86,3,1.0
1210,114,765,1487,86,94,0.80,3,1.0
1210,115,743,1473,66,76,0.77,3,1.0
1210,116,795,802,130,128,0.78,1,1.0
1210,117,832,1452,177,181,0.95,2,1.0
1210,120,952,697,101,121,0.77,2,1.0
1211,109,394,1009,190,180,0.91,2,1.0
1211,110,395,1129,216,235,0.90,2,1.0
1211,111,571,1114,249,234,0.89,2,1.0
1211,112,544,974,215,213,0.82,1,1.0
1211,113,676,1297,159,148,0.87,3,1.0
1211,114,762,1482,89,100,0.84,3,1.0
1211,115,742,1473,65,76,0.80,3,1.0
1211,116,791,800,131,127,0.82,1,1.0
1211,117,830,1452,177,181,0.95,2,1.0
1211,120,953,697,100,121,0.77,2,1.0
1212,109,387,1004,191,181,0.91,2,1.0
1212,110,387,1126,219,237,0.89,2,1.0
1212,111,565,1111,250,235,0.89,2,1.0
1212,112,538,968,217,215,0.82,2,1.0
1212,113,671,1291,161,152,0.88,3,1.0
1212,114,757,1478,91,104,0.82,3,1.0
1212,115,738,1474,65,75,0.72,3,1.0
1212,116,787,796,131,126,0.84,1,1.0
1212,117,826,1451,178,183,0.95,2,1.0
1212,120,953,697,100,121,0.77,2,1.0
1213,109,383,1001,191,181,0.92,2,1.0
1213,110,382,1122,221,240,0.87,2,1.0
1213,111,560,1108,253,237,0.89,2,1.0
1213,112,534,964,218,217,0.85,1,1.0
1213,113,668,1288,163,153,0.88,3,1.0
1213,114,757,1480,88,102,0.78,3,1.0
1213,115,735,1473,65,76,0.67,3,1.0
1213,116,784,793,132,126,0.84,1,1.0
1213,117,824,1450,179,184,0.95,2,1.0
1213,120,953,697,100,121,0.77,2,1.0
1214,109,376,996,191,181,0.91,2,1.0
1214,110,375,1118,222,242,0.87,2,1.0
1214,111,554,1103,257,239,0.88,2,1.0
1214,112,528,957,220,220,0.89,2,1.0
1214,113,664,1285,165,153,0.87,3,1.0
1214,114,757,1486,84,95,0.79,3,1.0
1214,115,731,1471,65,78,0.70,3,1.0
1214,116,780,787,132,126,0.80,1,1.0
1214,117,820,1449,181,184,0.95,2,1.0
1214,120,948,690,99,124,0.74,2,1.0
1215,109,371,994,191,179,0.91,2,1.0
1215,110,370,1115,224,244,0.87,2,1.0
1215,111,550,1099,259,241,0.89,2,1.0
1215,112,524,953,221,220,0.89,2,1.0
1215,113,661,1279,169,157,0.87,3,1.0
1215,114,755,1490,83,90,0.78,3,1.0
1215,115,729,1470,65,78,0.68,3,1.0
1215,116,778,784,132,126,0.74,1,1.0
1215,117,817,1449,183,184,0.94,2,1.0
1215,120,942,683,100,127,0.70,2,1.0
1216,109,364,988,193,181,0.91,2,1.0
1216,110,363,1110,226,246,0.88,2,1.0
1216,111,544,1093,261,244,0.89,2,1.0
1216,112,518,946,222,222,0.89,2,1.0
1216,113,656,1272,172,160,0.86,3,1.0
1216,114,752,1493,83,86,0.76,3,1.0
1216,115,725,1467,71,80,0.66,3,1.0
1216,116,774,778,132,127,0.73,2,1.0
1216,117,814,1449,184,183,0.94,2,1.0
1216,120,936,672,99,133,0.70,2,1.0
1217,109,359,983,196,184,0.90,2,1.0
1217,110,358,1107,227,246,0.90,2,1.0
1217,111,541,1090,262,245,0.90,2,1.0
1217,112,513,942,224,223,0.90,2,1.0
1217,113,652,1271,172,158,0.84,3,1.0
1217,114,750,1494,83,84,0.79,3,1.0
1217,115,723,1464,77,83,0.74,3,1.0
1217,116,772,774,132,128,0.73,2,1.0
1217,117,812,1450,184,181,0.94,2,1.0
1217,120,936,670,98,134,0.72,2,1.0
1218,109,352,978,192,185,0.89,2,1.0
1218,110,350,1102,229,248,0.92,2,1.0
1218,111,536,1085,263,246,0.89,2,1.0
1218,112,507,935,226,225,0.91,2,1.0
1218,113,647,1270,169,154,0.79,3,1.0
1218,114,747,1493,83,84,0.84,3,1.0
1218,115,720,1460,86,92,0.83,3,1.0
1218,116,768,768,132,129,0.72,2,1.0
1218,117,809,1448,184,181,0.94,2,1.0
1218,120,936,670,98,134,0.72,2,1.0
1219,109,348,975,188,185,0.89,2,1.0
1219,110,345,1098,231,250,0.92,2,1.0
1219,111,531,1081,265,249,0.88,2,1.0
1219,112,503,931,227,225,0.90,2,1.0
1219,113,643,1269,166,152,0.75,3,1.0
1219,114,744,1489,84,88,0.83,3,1.0
1219,115,718,1459,94,98,0.84,3,1.0
1219,116,765,765,132,129,0.74,2,1.0
1219,117,807,1447,184,180,0.95,2,1.0
1219,120,935,668,98,135,0.74,2,1.0
1220,109,340,969,191,187,0.89,2,1.0
1220,110,337,1093,232,251,0.92,2,1.0
1220,111,524,1075,267,251,0.88,2,1.0
1220,112,496,924,228,227,0.89,2,1.0
1220,113,636,1266,164,150,0.73,3,1.0
1220,114,741,1486,85,90,0.82,3,1.0
1220,115,718,1458,99,104,0.85,3,1.0
1220,116,760,759,133,130,0.76,1,1.0
1220,117,803,1445,184,181,0.95,2,1.0
1220,120,934,664,97,137,0.78,2,1.0
1221,109,335,966,192,185,0.89,2,1.0
1221,110,331,1089,233,253,0.92,2,1.0
1221,111,519,1070,267,254,0.88,2,1.0
1221,112,490,919,230,229,0.89,2,1.0
1221,113,632,1264,162,149,0.72,3,1.0
1221,114,740,1484,85,92,0.82,3,1.0
1221,115,720,1459,98,109,0.86,3,1.0
1221,116,756,755,134,131,0.73,1,1.0
1221,117,800,1443,184,182,0.95,2,1.0
1221,120,934,664,97,137,0.78,2,1.0
1222,109,326,961,194,186,0.89,2,1.0
1222,110,321,1084,235,255,0.91,2,1.0
1222,111,510,1065,268,254,0.88,2,1.0
1222,112,482,912,231,231,0.89,2,1.0
1222,113,624,1259,161,150,0.73,3,1.0
1222,114,737,1481,85,94,0.84,3,1.0
1222,115,714,1457,103,116,0.88,3,1.0
1222,116,749,750,135,132,0.71,2,1.0
1222,117,795,1442,183,182,0.96,2,1.0
1223,109,320,958,201,188,0.89,2,1.0
1223,110,314,1082,236,254,0.90,2,1.0
1223,111,504,1061,268,255,0.88,2,1.0
1223,112,476,908,231,232,0.89,2,1.0
1223,113,617,1254,164,152,0.77,3,1.0
1223,114,737,1481,85,94,0.84,3,1.0
1223,115,709,1455,105,118,0.89,3,1.0
1223,116,744,747,135,133,0.70,2,1.0
1223,117,790,1443,183,180,0.96,2,1.0
1223,121,435,119,128,145,0.89,6,1.0
1224,109,310,952,208,191,0.90,2,1.0
1224,110,304,1078,237,256,0.90,2,1.0
1224,111,495,1056,268,256,0.89,2,1.0
1224,112,466,903,232,233,0.90,2,1.0
1224,113,607,1247,166,154,0.79,3,1.0
1224,115,706,1455,102,117,0.88,3,1.0
1224,116,737,743,135,134,0.69,1,1.0
1224,117,784,1444,182,178,0.95,2,1.0
1224,121,423,107,128,146,0.85,6,1.0
1225,109,303,948,209,194,0.90,2,1.0
1225,110,297,1076,238,257,0.90,2,1.0
1225,111,489,1054,268,256,0.87,2,1.0
1225,112,459,899,233,234,0.90,2,1.0
1225,113,601,1242,166,157,0.79,3,1.0
1225,115,698,1453,106,118,0.87,3,1.0
1225,116,732,740,134,135,0.69,1,1.0
1225,117,780,1445,181,176,0.95,2,1.0
1225,121,419,104,128,146,0.84,6,1.0
1226,109,294,944,208,195,0.89,2,1.0
1226,110,286,1073,239,258,0.90,2,1.0
1226,111,480,1052,267,256,0.82,2,1.0
1226,112,448,895,234,234,0.90,2,1.0
1226,113,590,1237,165,158,0.78,3,1.0
1226,115,687,1450,110,121,0.87,3,1.0
1226,116,723,737,135,135,0.69,1,1.0
1226,117,773,1443,180,176,0.95,2,1.0
1226,121,410,100,129,145,0.86,6,1.0
1227,109,288,943,205,194,0.89,2,1.0
1227,110,279,1071,239,259,0.91,2,1.0
1227,111,474,1050,267,256,0.78,2,1.0
1227,112,441,892,235,235,0.89,2,1.0
1227,113,583,1236,162,157,0.76,3,1.0
1227,115,683,1450,108,120,0.86,3,1.0
1227,116,718,735,134,135,0.68,1,1.0
1227,117,768,1440,180,178,0.95,2,1.0
1227,121,405,98,129,144,0.87,6,1.0
1228,109,277,940,203,194,0.89,2,1.0
1228,110,266,1068,241,260,0.92,2,1.0
1228,111,465,1047,266,257,0.76,2,1.0
1228,112,428,888,237,235,0.89,2,1.0
1228,113,570,1236,159,154,0.74,3,1.0
1228,115,680,1451,103,118,0.85,3,1.0
1228,116,708,733,135,133,0.68,1,1.0
1228,117,760,1436,178,180,0.95,2,1.0
1228,121,387,87,130,146,0.86,6,1.0
1229,109,269,939,201,193,0.89,2,1.0
1229,110,258,1067,240,259,0.92,2,1.0
1229,111,458,1045,266,258,0.75,2,1.0
1229,112,420,885,237,237,0.90,2,1.0
1229,113,561,1238,155,150,0.75,3,1.0
1229,115,674,1450,102,118,0.86,3,1.0
1229,116,701,732,135,133,0.69,1,1.0
1229,117,754,1432,176,182,0.95,2,1.0
1229,121,374,81,131,148,0.86,6,1.0
1230,109,258,936,201,193,0.89,2,1.0
1230,110,245,1063,241,261,0.92,2,1.0
1230,111,446,1041,266,260,0.74,2,1.0
1230,112,407,882,237,236,0.91,2,1.0
1230,113,546,1235,153,149,0.77,3,1.0
1230,115,669,1453,98,114,0.87,3,1.0
1230,116,691,730,135,131,0.70,1,1.0
1230,117,744,1428,174,184,0.96,2,1.0
1230,121,354,73,131,147,0.82,6,1.0
1230,122,653,1441,97,119,0.54,3,1.0
1231,109,249,932,202,195,0.90,2,1.0
1231,110,235,1061,243,260,0.92,2,1.0
1231,111,436,1037,269,262,0.77,2,1.0
1231,112,397,879,237,237,0.92,2,1.0
1231,113,534,1231,155,150,0.79,3,1.0
1231,115,667,1458,93,107,0.86,3,1.0
1231,116,683,729,135,130,0.72,1,1.0
1231,117,738,1428,171,182,0.96,2,1.0
1231,121,339,67,131,147,0.76,6,1.0
1231,122,653,1441,97,119,0.52,3,1.0
1232,109,236,927,204,195,0.91,2,1.0
1232,110,221,1057,244,260,0.92,2,1.0
1232,111,422,1032,271,263,0.80,2,1.0
1232,112,383,875,238,236,0.93,2,1.0
1232,113,518,1226,155,149,0.82,3,1.0
1232,115,662,1463,88,100,0.85,3,1.0
1232,116,672,726,136,129,0.73,2,1.0
1232,117,730,1427,167,181,0.96,2,1.0
1232,121,319,55,129,149,0.69,6,1.0
1232,122,653,1441,97,119,0.52,3,1.0
1233,109,228,923,206,194,0.91,2,1.0
1233,110,211,1054,246,259,0.92,2,1.0
1233,111,412,1028,272,264,0.81,2,1.0
1233,112,374,871,238,236,0.93,2,1.0
1233,113,507,1220,155,150,0.83,3,1.0
1233,115,657,1467,86,94,0.84,3,1.0
1233,116,666,723,135,129,0.73,2,1.0
1233,117,724,1427,165,180,0.96,2,1.0
1233,121,305,47,128,148,0.64,6,1.0
1233,122,653,1441,97,119,0.52,3,1.0
1234,109,216,916,206,195,0.91,2,1.0
1234,110,197,1048,247,259,0.92,2,1.0
1234,111,399,1021,275,266,0.83,2,1.0
1234,112,361,864,239,237,0.93,2,1.0
1234,113,491,1209,157,154,0.85,3,1.0
1234,115,647,1465,87,94,0.82,3,1.0
1234,116,655,718,136,129,0.74,1,1.0
1234,117,715,1425,163,179,0.96,2,1.0
1234,121,284,34,128,148,0.61,6,1.0
1234,122,636,1436,105,120,0.64,3,1.0
1235,109,209,912,203,194,0.91,2,1.0
1235,110,187,1044,249,259,0.92,2,1.0
1235,111,390,1017,277,266,0.84,2,1.0
1235,112,352,858,240,239,0.92,2,1.0
1235,113,480,1204,157,153,0.85,3,1.0
1235,115,640,1462,89,95,0.76,3,1.0
1235,116,648,714,136,130,0.74,1,1.0
1235,117,709,1423,163,178,0.95,2,1.0
1235,121,271,22,128,150,0.63,6,1.0
1235,122,620,1431,111,120,0.75,3,1.0
1236,109,196,904,207,196,0.88,2,1.0
1236,110,174,1037,249,259,0.91,2,1.0
1236,111,377,1011,276,264,0.84,2,1.0
1236,112,339,850,240,239,0.93,2,1.0
1236,113,465,1195,156,154,0.86,3,1.0
1236,115,631,1456,89,97,0.65,3,1.0
1236,116,639,708,136,130,0.75,1,1.0
1236,117,701,1421,161,176,0.95,2,1.0
1236,121,261,14,127,150,0.64,6,1.0
1236,122,599,1425,119,120,0.88,3,1.0
1237,109,188,898,209,198,0.86,2,1.0
1237,110,165,1032,250,259,0.92,2,1.0
1237,111,370,1006,273,264,0.83,2,1.0
1237,112,330,843,241,240,0.93,2,1.0
1237,113,455,1187,156,157,0.87,3,1.0
1237,115,628,1452,90,100,0.60,3,1.0
1237,116,633,704,137,129,0.77,1,1.0
1237,117,696,1418,158,176,0.95,2,1.0
1237,121,255,9,128,151,0.67,6,1.0
1237,122,597,1425,119,120,0.88,3,1.0
1238,109,176,890,211,200,0.86,2,1.0
1238,110,151,1023,252,261,0.92,2,1.0
1238,111,358,996,277,265,0.81,2,1.0
1238,112,317,833,242,242,0.93,2,1.0
1238,113,440,1176,157,158,0.88,3,1.0
1238,115,622,1445,92,104,0.53,3,1.0
1238,116,623,697,139,129,0.80,2,1.0
1238,117,688,1414,156,175,0.95,2,1.0
1238,121,242,0,130,151,0.72,6,1.0
1238,122,594,1422,119,122,0.89,3,1.0
1239,109,169,884,214,201,0.86,2,1.0
1239,110,141,1017,254,262,0.92,2,1.0
1239,111,350,990,279,264,0.77,2,1.0
1239,112,308,826,244,244,0.93,2,1.0
1239,113,430,1169,158,158,0.88,3,1.0
1239,115,623,1446,89,102,0.41,3,1.0
1239,116,618,692,139,130,0.82,2,1.0
1239,117,684,1411,153,175,0.95,2,1.0
1239,121,243,0,129,151,0.73,6,1.0
1239,122,589,1419,120,123,0.90,3,1.0
1240,109,158,878,219,199,0.80,2,1.0
1240,110,128,1008,256,263,0.92,2,1.0
1240,111,339,981,281,261,0.78,2,1.0
1240,112,295,814,246,246,0.94,2,1.0
1240,113,417,1158,157,158,0.87,3,1.0
1240,115,617,1439,89,104,0.27,3,1.0
1240,116,609,684,141,130,0.84,1,1.0
1240,117,677,1408,150,173,0.95,2,1.0
1240,122,585,1415,117,124,0.90,3,1.0
1241,109,151,877,215,194,0.76,2,1.0
1241,110,118,1002,259,263,0.93,2,1.0
1241,111,332,974,288,260,0.79,2,1.0
1241,112,287,806,247,248,0.95,2,1.0
1241,113,408,1151,158,157,0.86,3,1.0
1241,116,604,678,141,132,0.85,1,1.0
1241,117,673,1404,148,174,0.95,2,1.0
1241,122,584,1411,115,126,0.89,3,1.0
1242,109,141,875,208,187,0.74,2,1.0
1242,110,104,993,262,265,0.92,2,1.0
1242,111,322,965,294,258,0.77,2,1.0
1242,112,274,794,250,251,0.90,2,1.0
1242,113,394,1143,160,154,0.85,3,1.0
1242,116,595,670,143,133,0.81,1,1.0
1242,117,667,1400,146,174,0.95,2,1.0
1242,122,576,1406,117,128,0.89,3,1.0
1242,123,940,970,140,182,0.72,2,1.0
1243,109,133,875,203,181,0.71,2,1.0
1243,110,95,987,264,266,0.92,2,1.0
1243,111,315,960,295,256,0.77,2,1.0
1243,112,266,786,251,253,0.87,2,1.0
1243,113,385,1138,161,152,0.85,3,1.0
1243,116,590,664,144,134,0.76,1,1.0
1243,117,662,1397,145,175,0.95,2,1.0
1243,122,571,1402,117,129,0.89,3,1.0
1243,123,940,974,140,178,0.72,2,1.0
1244,109,121,872,201,176,0.64,2,1.0
1244,110,81,977,267,268,0.91,2,1.0
1244,111,304,951,296,255,0.80,2,1.0
1244,112,253,775,253,255,0.85,2,1.0
1244,113,372,1131,161,150,0.86,3,1.0
1244,116,581,656,145,135,0.76,1,1.0
1244,117,655,1393,141,175,0.95,2,1.0
1244,122,565,1399,116,128,0.88,3,1.0
1244,123,937,988,143,161,0.78,2,1.0
1245,109,113,870,198,174,0.63,2,1.0
1245,110,71,971,269,269,0.91,2,1.0
1245,111,295,945,298,257,0.80,2,1.0
1245,112,244,768,255,256,0.81,2,1.0
1245,113,363,1127,161,148,0.88,3,1.0
1245,116,575,651,146,136,0.77,1,1.0
1245,117,650,1391,140,174,0.95,2,1.0
1245,122,557,1397,119,128,0.90,3,1.0
1245,123,936,995,144,153,0.80,2,1.0
1246,109,101,864,196,171,0.69,2,1.0
1246,110,56,963,272,270,0.87,2,1.0
1246,111,283,937,298,257,0.77,2,1.0
1246,112,231,758,257,259,0.80,1,1.0
1246,113,348,1120,162,146,0.87,3,1.0
1246,116,565,644,147,137,0.75,1,1.0
1246,117,642,1386,138,175,0.95,2,1.0
1246,122,545,1394,123,128,0.91,3,1.0
1246,123,932,998,147,147,0.82,2,1.0
1247,109,92,858,199,171,0.72,2,1.0
1247,110,46,958,273,270,0.84,2,1.0
1247,111,274,933,298,257,0.78,2,1.0
1247,112,221,752,258,259,0.82,1,1.0
1247,113,337,1114,162,146,0.85,3,1.0
1247,116,559,641,147,136,0.78,1,1.0
1247,117,637,1384,136,174,0.95,2,1.0
1247,122,539,1393,123,126,0.90,3,1.0
1247,123,927,1006,151,135,0.86,2,1.0
1248,109,78,851,202,174,0.68,2,1.0
1248,110,31,950,276,272,0.83,1,1.0
1248,111,260,925,301,258,0.81,2,1.0
1248,112,206,742,261,262,0.86,2,1.0
1248,113,319,1104,164,147,0.78,3,1.0
1248,116,550,636,146,134,0.84,1,1.0
1248,117,629,1380,132,174,0.94,2,1.0
1248,122,531,1391,123,125,0.90,3,1.0
1248,123,919,1010,156,125,0.90,2,1.0
1248,124,935,909,118,110,0.94,3,1.0
1248,125,899,972,83,87,0.65,3,1.0
1249,109,68,847,203,176,0.66,2,1.0
1249,110,21,945,278,274,0.84,1,1.0
1249,111,251,921,302,257,0.81,2,1.0
1249,112,196,736,263,263,0.89,2,1.0
1249,113,307,1097,165,149,0.71,3,1.0
1249,116,543,632,147,134,0.84,1,1.0
1249,117,624,1378,130,173,0.93,2,1.0
1249,122,525,1388,124,126,0.91,3,1.0
1249,123,913,1006,160,125,0.90,2,1.0
1249,124,935,909,118,110,0.93,3,1.0
1249,125,899,973,83,86,0.63,3,1.0
1250,109,55,839,198,175,0.71,2,1.0
1250,110,11,938,274,274,0.84,2,1.0
1250,111,238,915,301,252,0.75,2,1.0
1250,112,181,725,266,266,0.91,2,1.0
1250,113,289,1085,167,151,0.63,3,1.0
1250,116,534,625,149,132,0.82,1,1.0
1250,117,616,1377,125,170,0.93,2,1.0
1250,122,515,1385,126,126,0.91,3,1.0
1250,123,903,1000,164,125,0.90,2,1.0
1250,124,931,904,118,111,0.93,3,1.0
1250,125,895,970,80,85,0.63,3,1.0
1250,126,842,898,111,120,0.89,3,1.0
1251,109,46,835,196,174,0.69,2,1.0
1251,110,6,932,270,275,0.87,2,1.0
1251,111,229,910,300,250,0.71,2,1.0
1251,112,170,717,269,268,0.91,2,1.0
1251,113,276,1077,169,152,0.59,3,1.0
1251,116,527,620,152,131,0.82,1,1.0
1251,117,611,1377,121,167,0.92,2,1.0
1251,122,510,1383,126,126,0.91,3,1.0
1251,123,896,995,165,127,0.89,2,1.0
1251,124,929,902,118,111,0.93,3,1.0
1251,125,892,968,80,85,0.63,3,1.0
1251,126,842,898,111,120,0.89,3,1.0
1252,109,32,828,209,189,0.67,2,1.0
1252,110,0,923,263,277,0.91,2,1.0
1252,111,215,900,300,265,0.70,2,1.0
1252,112,154,705,273,272,0.86,2,1.0
1252,113,267,1071,170,154,0.54,3,1.0
1252,116,518,612,154,129,0.76,1,1.0
1252,117,603,1374,117,166,0.91,2,1.0
1252,122,503,1379,125,127,0.91,3,1.0
1252,123,887,988,166,127,0.90,2,1.0
1252,124,923,897,120,112,0.93,3,1.0
1252,125,892,968,80,85,0.63,3,1.0
1252,126,837,894,109,118,0.90,3,1.0
1253,109,23,822,220,198,0.72,2,1.0
1253,110,0,917,254,277,0.91,2,1.0
1253,111,205,894,299,278,0.66,2,1.0
1253,112,144,697,274,274,0.80,2,1.0
1253,113,262,1068,171,153,0.54,3,1.0
1253,116,511,606,157,128,0.67,1,1.0
1253,117,598,1372,115,165,0.90,2,1.0
1253,122,498,1376,125,128,0.90,3,1.0
1253,123,881,983,166,128,0.90,2,1.0
1253,124,917,892,122,111,0.92,3,1.0
1253,125,890,967,79,84,0.62,3,1.0
1253,126,834,892,108,117,0.90,3,1.0
1254,109,16,818,224,201,0.78,2,1.0
1254,110,0,887,250,299,0.91,2,1.0
1254,111,198,889,297,284,0.60,2,1.0
1254,112,127,684,277,278,0.78,2,1.0
1254,113,229,1039,175,164,0.59,3,1.0
1254,116,502,598,158,127,0.65,1,1.0
1254,117,589,1370,111,163,0.86,2,1.0
1254,122,489,1373,125,127,0.89,3,1.0
1254,123,871,976,167,129,0.90,2,1.0
1254,124,907,883,124,112,0.92,3,1.0
1254,125,885,964,78,83,0.62,3,1.0
1254,126,829,887,115,123,0.89,3,1.0
1255,109,11,815,237,213,0.78,2,1.0
1255,110,0,860,253,322,0.93,2,1.0
1255,111,194,886,297,297,0.62,2,1.0
1255,112,115,676,280,280,0.77,2,1.0
1255,113,206,1019,178,174,0.69,3,1.0
1255,116,495,593,158,126,0.66,1,1.0
1255,117,583,1367,109,163,0.82,2,1.0
1255,122,483,1370,125,128,0.89,3,1.0
1255,123,866,971,166,129,0.90,2,1.0
1255,124,900,877,124,113,0.92,3,1.0
1255,125,885,964,78,83,0.62,3,1.0
1255,126,822,880,122,130,0.88,3,1.0
1256,109,2,809,263,239,0.77,2,1.0
1256,110,0,831,251,344,0.94,2,1.0
1256,111,185,878,300,326,0.67,2,1.0
1256,112,98,664,284,282,0.73,2,1.0
1256,113,172,994,182,180,0.60,3,1.0
1256,116,490,589,158,126,0.63,1,1.0
1256,117,574,1359,105,166,0.69,2,1.0
1256,122,474,1366,126,128,0.89,3,1.0
1256,123,857,963,166,130,0.92,2,1.0
1256,124,889,867,126,115,0.90,3,1.0
1256,126,811,871,128,137,0.87,3,1.0
1256,127,951,1338,128,130,0.81,3,1.0
1257,109,2,810,262,230,0.77,2,1.0
1257,110,0,805,252,365,0.95,2,1.0
1257,111,185,878,300,326,0.67,2,1.0
1257,112,86,655,286,284,0.74,2,1.0
1257,113,167,995,182,174,0.53,3,1.0
1257,116,487,587,158,126,0.69,1,1.0
1257,117,571,1359,102,164,0.65,2,1.0
1257,122,467,1363,126,128,0.90,3,1.0
1257,123,850,958,166,130,0.92,2,1.0
1257,124,881,861,126,116,0.88,3,1.0
1257,126,804,865,134,144,0.85,3,1.0
1257,127,951,1338,128,130,0.81,3,1.0
1258,110,0,777,245,384,0.95,2,1.0
1258,112,68,643,289,286,0.76,2,1.0
1258,113,167,995,182,174,0.53,3,1.0
1258,116,470,575,157,127,0.73,1,1.0
1258,117,566,1358,98,162,0.58,2,1.0
1258,122,456,1358,128,129,0.90,3,1.0
1258,123,840,951,167,130,0.92,2,1.0
1258,124,869,852,127,117,0.88,3,1.0
1258,126,793,855,139,153,0.83,3,1.0
1258,127,946,1333,133,133,0.78,3,1.0
1258,128,933,1310,96,100,0.81,3,1.0
1259,110,0,773,233,380,0.94,2,1.0
1259,112,56,634,291,289,0.74,2,1.0
1259,113,149,986,183,173,0.46,3,1.0
1259,116,458,567,157,129,0.64,1,1.0
1259,117,564,1353,95,166,0.50,2,1.0
1259,122,449,1354,128,130,0.91,3,1.0
1259,123,834,945,166,131,0.92,2,1.0
1259,124,860,845,128,118,0.87,3,1.0
1259,126,785,850,137,154,0.83,3,1.0
1259,127,944,1330,135,135,0.77,3,1.0
1259,128,932,1310,97,102,0.81,3,1.0
1260,110,0,765,214,378,0.94,2,1.0
1260,112,38,621,295,293,0.74,2,1.0
1260,113,123,979,178,163,0.43,3,1.0
1260,116,443,552,157,138,0.61,2,1.0
1260,117,556,1342,88,172,0.25,2,1.0
1260,122,440,1348,128,131,0.91,3,1.0
1260,123,824,936,166,132,0.93,2,1.0
1260,124,848,836,128,117,0.86,3,1.0
1260,126,774,841,133,152,0.81,3,1.0
1260,127,941,1330,135,132,0.77,3,1.0
1260,128,929,1308,94,106,0.80,3,1.0
1261,110,0,759,199,378,0.93,2,1.0
1261,112,26,612,297,297,0.79,2,1.0
1261,113,106,975,173,157,0.54,3,1.0
1261,116,440,549,158,142,0.63,2,1.0
1261,122,434,1344,127,131,0.89,3,1.0
1261,123,817,931,166,131,0.93,2,1.0
1261,124,841,831,127,116,0.88,3,1.0
1261,126,766,836,131,149,0.81,3,1.0
1261,127,938,1328,135,131,0.76,3,1.0
1261,128,927,1306,94,108,0.79,3,1.0
1262,110,0,755,187,376,0.93,2,1.0
1262,112,13,598,296,306,0.75,1,1.0
1262,113,92,968,169,155,0.61,3,1.0
1262,116,435,544,158,143,0.65,2,1.0
1262,122,424,1339,127,131,0.89,3,1.0
1262,123,806,921,167,132,0.93,2,1.0
1262,124,829,820,127,117,0.89,3,1.0
1262,126,754,826,127,144,0.82,3,1.0
1262,127,929,1318,139,136,0.74,3,1.0
1262,128,923,1304,96,111,0.79,3,1.0
1263,110,0,752,182,377,0.93,2,1.0
1263,112,7,587,294,315,0.71,1,1.0
1263,113,92,968,169,155,0.61,3,1.0
1263,116,429,537,158,147,0.69,2,1.0
1263,122,417,1335,128,131,0.89,3,1.0
1263,123,798,915,167,132,0.93,2,1.0
1263,124,822,812,126,117,0.89,3,1.0
1263,126,747,820,123,137,0.83,3,1.0
1263,127,923,1312,141,138,0.73,3,1.0
1263,128,919,1300,96,116,0.79,3,1.0
1264,110,0,746,169,379,0.93,2,1.0
1264,112,1,571,285,329,0.71,2,1.0
1264,113,55,952,161,144,0.69,3,1.0
1264,116,419,526,158,150,0.71,2,1.0
1264,122,407,1328,129,131,0.88,3,1.0
1264,123,788,904,165,133,0.93,2,1.0
1264,124,809,800,127,118,0.89,3,1.0
1264,126,735,809,124,138,0.84,3,1.0
1264,127,915,1305,140,138,0.77,3,1.0
1264,128,915,1298,96,119,0.78,3,1.0
1265,110,0,746,169,379,0.93,2,1.0
1265,112,0,559,275,341,0.69,2,1.0
1265,113,29,932,160,145,0.69,3,1.0
1265,116,412,519,157,149,0.70,2,1.0
1265,122,399,1324,132,130,0.88,3,1.0
1265,123,781,896,164,134,0.93,2,1.0
1265,124,801,790,128,120,0.90,3,1.0
1265,126,726,800,126,142,0.86,3,1.0
1265,127,908,1295,142,143,0.80,3,1.0
1265,128,913,1296,98,121,0.79,3,1.0
1266,112,0,540,258,352,0.63,2,1.0
1266,113,2,912,161,146,0.69,3,1.0
1266,116,400,509,158,147,0.70,1,1.0
1266,122,388,1317,132,130,0.89,3,1.0
1266,123,770,885,163,133,0.93,2,1.0
1266,124,788,776,129,122,0.90,3,1.0
1266,126,720,789,124,144,0.85,3,1.0
1266,127,899,1285,140,145,0.82,3,1.0
1266,128,902,1287,97,121,0.78,3,1.0
1267,112,0,527,244,357,0.65,2,1.0
1267,113,2,912,161,146,0.69,3,1.0
1267,116,393,502,157,145,0.69,1,1.0
1267,122,382,1312,130,129,0.89,3,1.0
1267,123,764,877,161,133,0.93,2,1.0
1267,124,780,767,128,121,0.90,3,1.0
1267,126,717,781,124,148,0.83,3,1.0
1267,127,894,1281,136,143,0.85,3,1.0
1267,128,895,1282,92,117,0.78,3,1.0
1268,112,0,517,234,362,0.69,2,1.0
1268,113,2,912,161,146,0.69,3,1.0
1268,116,380,490,159,145,0.71,1,1.0
1268,122,371,1304,129,129,0.89,3,1.0
1268,123,754,864,160,134,0.94,2,1.0
1268,124,766,753,129,122,0.90,3,1.0
1268,126,708,767,125,155,0.78,3,1.0
1268,127,888,1275,131,141,0.89,3,1.0
1268,128,888,1276,87,114,0.77,3,1.0
1268,130,538,1267,108,177,0.90,2,1.0
1268,129,568,872,134,151,0.89,3,1.0
1269,112,0,511,229,362,0.65,2,1.0
1269,113,2,912,161,145,0.68,3,1.0
1269,116,370,482,161,144,0.74,1,1.0
1269,122,364,1299,125,129,0.90,3,1.0
1269,123,747,855,160,136,0.94,2,1.0
1269,124,758,744,129,121,0.89,3,1.0
1269,126,704,757,121,156,0.72,3,1.0
1269,127,883,1271,128,140,0.89,3,1.0
1269,128,888,1276,87,114,0.77,3,1.0
1269,130,538,1267,108,177,0.90,2,1.0
1269,129,568,871,134,152,0.89,3,1.0
1270,112,1,500,218,359,0.59,2,1.0
1270,116,356,470,163,143,0.76,1,1.0
1270,122,354,1293,119,127,0.87,3,1.0
1270,123,736,843,160,137,0.94,2,1.0
1270,124,745,729,130,122,0.89,3,1.0
1270,126,692,743,125,157,0.72,3,1.0
1270,127,877,1265,122,138,0.88,3,1.0
1270,128,888,1276,87,114,0.77,3,1.0
1270,130,527,1262,114,179,0.90,2,1.0
1270,129,559,864,137,150,0.80,3,1.0
1271,112,1,500,218,357,0.59,2,1.0
1271,116,347,460,162,145,0.77,1,1.0
1271,122,348,1289,114,126,0.84,3,1.0
1271,123,728,834,162,139,0.94,2,1.0
1271,124,736,719,132,123,0.89,3,1.0
1271,126,678,732,134,160,0.75,3,1.0
1271,127,872,1260,120,139,0.89,3,1.0
1271,128,888,1276,87,114,0.78,3,1.0
1271,130,522,1259,117,180,0.90,2,1.0
1271,129,554,861,139,148,0.77,3,1.0
1272,116,334,448,160,144,0.80,1,1.0
1272,122,337,1282,108,125,0.82,3,1.0
1272,123,716,822,164,140,0.94,2,1.0
1272,124,723,704,133,125,0.88,3,1.0
1272,126,664,718,139,161,0.76,3,1.0
1272,127,865,1254,115,139,0.89,3,1.0
1272,130,512,1256,122,180,0.91,2,1.0
1272,129,547,855,141,150,0.73,3,1.0
1273,116,327,440,155,142,0.80,1,1.0
1273,122,331,1278,102,124,0.80,3,1.0
1273,123,709,815,164,140,0.94,2,1.0
1273,124,715,694,134,126,0.88,3,1.0
1273,126,656,709,142,162,0.81,3,1.0
1273,127,860,1250,110,138,0.88,3,1.0
1273,130,499,1252,129,179,0.91,2,1.0
1273,129,536,846,145,152,0.67,3,1.0
1274,116,316,428,147,139,0.82,1,1.0
1274,122,320,1271,96,123,0.78,3,1.0
1274,123,698,804,164,139,0.94,2,1.0
1274,124,702,680,134,127,0.87,3,1.0
1274,126,640,695,151,164,0.85,3,1.0
1274,127,857,1247,107,137,0.87,3,1.0
1274,130,481,1245,137,179,0.91,2,1.0
1274,129,519,834,150,154,0.66,3,1.0
1274,128,840,1233,86,128,0.81,3,1.0
1275,116,309,421,141,135,0.85,1,1.0
1275,122,310,1264,95,125,0.80,3,1.0
1275,123,691,797,164,139,0.94,2,1.0
1275,124,694,671,134,128,0.86,3,1.0
1275,126,632,686,152,165,0.84,3,1.0
1275,127,855,1245,105,137,0.87,3,1.0
1275,130,469,1242,142,178,0.92,2,1.0
1275,129,508,827,154,157,0.71,3,1.0
1275,128,840,1233,86,128,0.80,3,1.0
1276,116,298,410,132,128,0.85,1,1.0
1276,122,298,1256,89,124,0.84,3,1.0
1276,123,680,786,163,139,0.94,2,1.0
1276,124,680,658,135,128,0.85,3,1.0
1276,126,621,673,151,167,0.83,3,1.0
1276,127,852,1242,98,136,0.85,3,1.0
1276,130,452,1237,148,176,0.93,2,1.0
1276,129,490,816,161,161,0.72,3,1.0
1276,128,837,1230,81,124,0.84,3,1.0
1276,131,0,588,213,339,0.89,1,1.0
1277,116,291,403,126,122,0.84,1,1.0
1277,122,292,1252,83,122,0.85,3,1.0
1277,123,672,779,164,139,0.94,2,1.0
1277,124,671,650,135,128,0.85,3,1.0
1277,126,612,665,152,168,0.83,3,1.0
1277,127,852,1242,98,136,0.85,3,1.0
1277,130,442,1233,151,175,0.93,2,1.0
1277,129,477,808,167,165,0.77,3,1.0
1277,128,835,1229,79,121,0.85,3,1.0
1277,131,0,589,212,338,0.89,1,1.0
1278,116,285,398,122,118,0.84,1,1.0
1278,122,286,1247,80,123,0.87,3,1.0
1278,123,660,768,164,140,0.94,2,1.0
1278,124,665,644,135,128,0.84,3,1.0
1278,126,595,650,165,173,0.82,3,1.0
1278,130,425,1228,158,173,0.94,2,1.0
1278,129,458,798,175,168,0.83,3,1.0
1278,128,835,1229,79,121,0.85,3,1.0
1278,131,0,600,201,321,0.84,1,1.0
1279,116,282,395,120,115,0.81,1,1.0
1279,122,284,1246,76,121,0.88,3,1.0
1279,123,651,761,165,140,0.94,2,1.0
1279,124,648,633,141,130,0.74,3,1.0
1279,126,587,639,171,177,0.81,3,1.0
1279,130,413,1224,162,173,0.94,2,1.0
1279,129,446,792,179,169,0.83,3,1.0
1279,128,833,1228,77,119,0.86,3,1.0
1279,131,0,603,195,315,0.81,1,1.0
1280,116,276,389,115,110,0.77,1,1.0
1280,122,280,1245,69,115,0.89,3,1.0
1280,123,639,751,165,141,0.94,2,1.0
1280,124,638,627,144,130,0.71,3,1.0
1280,126,573,623,180,182,0.82,3,1.0
1280,130,396,1216,169,174,0.95,2,1.0
1280,129,427,781,187,173,0.83,3,1.0
1280,128,830,1226,71,114,0.89,3,1.0
1280,131,0,605,186,306,0.77,1,1.0
1280,132,922,1211,122,145,0.89,3,1.0
1281,116,276,389,115,110,0.76,1,1.0
1281,122,280,1245,69,115,0.89,3,1.0
1281,123,631,744,165,142,0.94,2,1.0
1281,124,631,623,147,132,0.64,3,1.0
1281,126,562,611,191,188,0.83,3,1.0
1281,130,384,1209,174,177,0.95,2,1.0
1281,129,415,775,190,174,0.84,3,1.0
1281,128,830,1226,71,114,0.89,3,1.0
1281,131,0,609,174,292,0.71,1,1.0
1281,132,922,1211,122,145,0.89,3,1.0
1282,123,619,733,165,144,0.95,2,1.0
1282,124,609,611,158,138,0.43,3,1.0
1282,126,546,596,203,193,0.84,3,1.0
1282,130,366,1201,181,179,0.95,2,1.0
1282,129,397,765,194,175,0.85,3,1.0
1282,131,0,605,158,282,0.69,1,1.0
1282,132,915,1209,125,147,0.90,3,1.0
1283,123,611,726,166,145,0.95,2,1.0
1283,124,609,611,158,138,0.43,3,1.0
1283,126,536,587,206,197,0.86,3,1.0
1283,130,354,1195,185,181,0.95,2,1.0
1283,129,385,758,198,176,0.85,3,1.0
1283,131,0,594,148,282,0.70,1,1.0
1283,132,912,1209,127,147,0.91,3,1.0
1284,123,599,717,167,145,0.94,2,1.0
1284,126,523,574,207,201,0.88,3,1.0
1284,130,338,1188,191,182,0.95,2,1.0
1284,129,366,746,205,178,0.86,3,1.0
1284,131,0,589,141,279,0.70,1,1.0
1284,132,908,1206,128,149,0.91,3,1.0
1284,133,857,1545,46,73,0.70,3,1.0
1285,123,591,710,168,145,0.94,2,1.0
1285,126,514,566,208,203,0.89,3,1.0
1285,130,327,1186,194,180,0.95,2,1.0
1285,129,354,738,209,180,0.87,3,1.0
1285,131,0,582,137,282,0.73,1,1.0
1285,132,901,1202,131,151,0.91,3,1.0
1285,133,857,1544,46,74,0.69,3,1.0
1286,123,581,700,168,146,0.95,2,1.0
1286,126,503,553,206,206,0.88,3,1.0
1286,130,314,1181,198,180,0.95,2,1.0
1286,129,340,727,212,181,0.89,3,1.0
1286,131,0,567,129,290,0.77,1,1.0
1286,132,892,1198,135,153,0.91,3,1.0
1286,133,857,1544,46,74,0.69,3,1.0
1286,134,823,1230,91,105,0.82,3,1.0
1287,123,575,693,168,147,0.95,2,1.0
1287,126,496,545,206,207,0.88,3,1.0
1287,130,306,1177,201,180,0.95,2,1.0
1287,129,329,720,217,183,0.89,3,1.0
1287,131,0,569,129,288,0.76,1,1.0
1287,132,887,1194,136,154,0.91,3,1.0
1287,133,854,1543,46,74,0.60,3,1.0
1287,134,823,1229,91,106,0.82,3,1.0
1288,123,566,685,168,147,0.95,2,1.0
1288,126,486,534,197,208,0.88,3,1.0
1288,130,296,1172,202,179,0.95,2,1.0
1288,129,315,709,221,186,0.90,3,1.0
1288,132,881,1190,137,154,0.91,3,1.0
1288,133,851,1540,45,75,0.66,3,1.0
1288,134,817,1221,97,111,0.84,3,1.0
1289,123,561,679,167,148,0.95,2,1.0
1289,126,479,528,189,207,0.88,3,1.0
1289,130,291,1168,202,179,0.95,2,1.0
1289,129,307,703,223,187,0.90,3,1.0
1289,132,878,1188,137,153,0.91,3,1.0
1289,133,846,1537,45,75,0.70,3,1.0
1289,134,814,1218,99,112,0.86,3,1.0
1290,123,553,670,166,149,0.95,2,1.0
1290,126,470,518,190,208,0.88,3,1.0
1290,130,283,1163,203,179,0.95,2,1.0
1290,129,300,697,221,186,0.89,3,1.0
1290,132,873,1185,136,152,0.91,3,1.0
1290,133,840,1534,44,74,0.67,3,1.0
1290,134,809,1213,102,116,0.86,3,1.0
1290,135,354,191,143,162,0.83,2,1.0
1291,123,547,665,166,149,0.94,2,1.0
1291,126,464,512,190,208,0.88,3,1.0
1291,130,278,1161,202,177,0.95,2,1.0
1291,129,294,692,222,187,0.88,3,1.0
1291,132,870,1184,136,150,0.92,3,1.0
1291,133,838,1533,45,74,0.66,3,1.0
1291,134,802,1206,106,121,0.86,3,1.0
1291,135,354,191,143,162,0.82,2,1.0
1292,123,539,659,166,148,0.94,2,1.0
1292,126,455,506,182,206,0.88,3,1.0
1292,130,271,1156,201,177,0.95,2,1.0
1292,129,284,684,224,188,0.88,3,1.0
1292,132,866,1181,135,150,0.93,3,1.0
1292,133,833,1529,44,74,0.74,3,1.0
1292,134,792,1197,112,126,0.87,3,1.0
1292,135,356,186,139,164,0.83,2,1.0
1292,124,453,487,187,150,0.45,3,1.0
1293,123,534,654,165,148,0.94,2,1.0
1293,126,449,501,184,207,0.87,3,1.0
1293,130,266,1152,201,177,0.95,2,1.0
1293,129,277,679,227,189,0.88,3,1.0
1293,132,863,1179,135,149,0.94,3,1.0
1293,133,829,1527,45,74,0.73,3,1.0
1293,134,785,1192,115,129,0.87,3,1.0
1293,135,356,183,138,165,0.83,2,1.0
1293,124,449,487,191,156,0.45,3,1.0
1294,123,526,647,166,148,0.94,2,1.0
1294,126,441,492,191,208,0.86,3,1.0
1294,130,260,1147,200,177,0.95,2,1.0
1294,129,267,673,230,188,0.87,3,1.0
1294,132,858,1176,136,149,0.94,3,1.0
1294,133,825,1524,45,74,0.62,3,1.0
1294,134,776,1184,119,134,0.88,3,1.0
1294,135,355,179,135,165,0.81,2,1.0
1294,124,449,487,191,156,0.45,3,1.0
1295,123,522,643,165,147,0.94,2,1.0
1295,126,436,487,189,208,0.86,3,1.0
1295,130,256,1143,200,177,0.95,2,1.0
1295,129,255,668,237,189,0.88,3,1.0
1295,132,855,1174,136,149,0.93,3,1.0
1295,133,823,1523,45,74,0.63,3,1.0
1295,134,769,1178,123,137,0.89,3,1.0
1295,135,354,174,131,165,0.80,2,1.0
1295,124,449,487,191,156,0.45,3,1.0
1296,123,517,636,163,148,0.95,2,1.0
1296,126,430,481,186,207,0.86,3,1.0
1296,130,251,1139,199,175,0.96,2,1.0
1296,129,245,661,240,189,0.89,3,1.0
1296,132,852,1171,135,148,0.93,3,1.0
1296,133,819,1519,44,74,0.61,3,1.0
1296,134,761,1171,127,140,0.90,3,1.0
1296,135,351,167,128,165,0.81,2,1.0
1296,124,449,487,191,156,0.45,3,1.0
1297,123,513,632,163,147,0.95,2,1.0
1297,126,426,474,192,208,0.87,3,1.0
1297,130,248,1138,199,172,0.96,2,1.0
1297,129,241,658,240,188,0.89,3,1.0
1297,132,849,1170,136,146,0.92,3,1.0
1297,133,817,1517,44,73,0.53,3,1.0
1297,134,757,1167,129,142,0.91,3,1.0
1297,135,349,163,125,163,0.82,2,1.0
1297,124,446,487,194,161,0.44,3,1.0
1298,123,509,626,161,147,0.95,2,1.0
1298,126,420,466,193,210,0.87,3,1.0
1298,130,242,1135,199,171,0.96,2,1.0
1298,129,242,653,233,187,0.89,3,1.0
1298,132,846,1166,136,147,0.92,3,1.0
1298,133,812,1514,45,73,0.51,3,1.0
1298,134,750,1161,133,145,0.91,3,1.0
1298,135,344,158,125,162,0.83,2,1.0
1299,123,506,622,161,148,0.95,2,1.0
1299,126,416,462,188,210,0.87,3,1.0
1299,130,239,1133,199,170,0.95,2,1.0
1299,129,246,650,226,187,0.90,3,1.0
1299,132,845,1164,135,147,0.93,3,1.0
1299,133,809,1511,46,74,0.62,3,1.0
1299,134,746,1158,135,146,0.91,3,1.0
1299,135,340,154,127,163,0.86,2,1.0
1300,123,499,617,162,148,0.95,2,1.0
1300,126,409,455,188,211,0.88,3,1.0
1300,130,233,1129,200,170,0.95,2,1.0
1300,129,248,647,218,185,0.91,3,1.0
1300,132,842,1161,135,146,0.93,3,1.0
1300,133,809,1511,46,74,0.62,3,1.0
1300,134,740,1155,138,147,0.91,3,1.0
1300,135,335,148,128,164,0.89,2,1.0
1301,123,494,614,163,148,0.94,2,1.0
1301,126,404,451,189,212,0.88,3,1.0
1301,130,229,1125,200,171,0.95,2,1.0
1301,129,249,646,212,183,0.91,3,1.0
1301,132,841,1159,134,147,0.94,3,1.0
1301,133,808,1510,46,74,0.66,3,1.0
1301,134,736,1153,140,147,0.91,3,1.0
1301,135,332,145,129,165,0.89,2,1.0
1302,123,487,609,163,148,0.94,2,1.0
1302,126,396,445,184,212,0.87,3,1.0
1302,130,223,1121,200,171,0.95,2,1.0
1302,129,252,644,202,179,0.91,3,1.0
1302,132,838,1156,133,147,0.94,3,1.0
1302,133,806,1508,47,75,0.73,3,1.0
1302,134,731,1150,141,147,0.91,3,1.0
1302,135,326,140,130,166,0.86,2,1.0
1302,139,156,226,120,169,0.94,1,1.0
1302,136,193,621,146,136,0.93,3,1.0
1302,138,136,1149,104,102,0.58,3,1.0
1302,137,294,303,139,169,0.40,2,1.0
1303,123,482,607,162,147,0.94,2,1.0
1303,126,392,442,182,211,0.88,3,1.0
1303,130,219,1118,199,171,0.95,2,1.0
1303,129,249,643,200,176,0.91,3,1.0
1303,132,837,1156,131,145,0.94,3,1.0
1303,133,806,1508,47,75,0.72,3,1.0
1303,134,729,1149,140,146,0.92,3,1.0
1303,135,323,138,129,164,0.83,2,1.0
1303,139,156,226,120,169,0.94,1,1.0
1303,136,193,621,146,136,0.93,3,1.0
1303,138,135,1147,106,104,0.59,3,1.0
1303,137,294,303,139,169,0.40,2,1.0
1304,123,476,603,161,147,0.94,2,1.0
1304,126,385,438,184,210,0.89,3,1.0
1304,130,214,1114,197,170,0.94,2,1.0
1304,129,246,639,195,175,0.91,3,1.0
1304,132,835,1154,129,144,0.94,3,1.0
1304,134,726,1147,138,145,0.92,3,1.0
1304,135,318,134,131,162,0.81,2,1.0
1304,139,151,223,121,170,0.94,1,1.0
1304,136,189,620,146,135,0.93,3,1.0
1304,138,130,1140,111,109,0.69,3,1.0
1304,137,288,295,142,177,0.56,2,1.0
1304,140,312,1099,109,86,0.68,3,1.0
1305,123,472,600,160,147,0.95,2,1.0
1305,126,381,436,180,208,0.89,3,1.0
1305,130,211,1112,196,169,0.94,2,1.0
1305,129,245,637,192,174,0.92,3,1.0
1305,132,833,1153,129,143,0.94,3,1.0
1305,134,725,1146,136,144,0.92,3,1.0
1305,135,315,132,132,160,0.80,2,1.0
1305,139,148,222,122,170,0.93,1,1.0
1305,136,187,619,146,135,0.94,3,1.0
1305,138,127,1137,113,111,0.73,3,1.0
1305,137,286,293,142,180,0.60,2,1.0
1305,140,312,1099,109,86,0.68,3,1.0
1306,123,467,596,158,148,0.95,2,1.0
1306,126,374,433,179,208,0.89,3,1.0
1306,130,206,1109,196,168,0.94,2,1.0
1306,129,240,633,190,175,0.92,3,1.0
1306,132,830,1152,129,143,0.94,3,1.0
1306,134,722,1144,136,144,0.92,3,1.0
1306,135,310,130,134,158,0.80,2,1.0
1306,139,145,221,123,171,0.94,1,1.0
1306,136,183,617,147,136,0.93,3,1.0
1306,138,122,1133,117,114,0.77,3,1.0
1306,137,285,296,142,175,0.51,2,1.0
1306,140,310,1098,107,87,0.60,3,1.0
1306,133,777,1494,43,74,0.63,3,1.0
1307,123,462,594,159,149,0.95,2,1.0
1307,126,370,430,183,210,0.89,3,1.0
1307,130,202,1106,196,169,0.94,2,1.0
1307,129,235,631,192,176,0.92,3,1.0
1307,132,827,1151,129,143,0.93,3,1.0
1307,134,720,1143,136,144,0.92,3,1.0
1307,135,307,130,136,156,0.82,2,1.0
1307,139,139,219,126,172,0.94,1,1.0
1307,136,178,615,147,136,0.93,3,1.0
1307,138,115,1127,122,119,0.83,3,1.0
1307,137,282,294,143,177,0.55,2,1.0
1307,140,310,1098,106,87,0.56,3,1.0
1307,133,777,1494,43,74,0.64,3,1.0
1308,123,458,591,160,151,0.95,2,1.0
1308,126,365,428,187,210,0.90,3,1.0
1308,130,198,1104,197,169,0.94,2,1.0
1308,129,229,629,194,177,0.92,3,1.0
1308,132,825,1150,129,143,0.93,3,1.0
1308,134,718,1143,135,144,0.92,3,1.0
1308,135,304,129,138,155,0.83,2,1.0
1308,139,134,216,128,174,0.94,1,1.0
1308,136,173,613,148,137,0.93,3,1.0
1308,138,108,1121,127,124,0.90,3,1.0
1308,137,282,294,143,177,0.55,2,1.0
1308,140,309,1098,106,87,0.54,3,1.0
1308,133,777,1494,43,74,0.63,3,1.0
1308,141,363,1117,50,60,0.47,3,1.0
1309,123,456,590,160,152,0.95,2,1.0
1309,126,362,427,190,211,0.90,3,1.0
1309,130,196,1102,198,171,0.94,2,1.0
1309,129,225,628,197,178,0.92,3,1.0
1309,132,823,1150,130,143,0.93,3,1.0
1309,134,717,1142,136,145,0.92,3,1.0
1309,135,301,130,139,153,0.83,2,1.0
1309,139,132,216,129,174,0.94,1,1.0
1309,136,170,612,149,137,0.93,3,1.0
1309,138,104,1119,130,125,0.90,3,1.0
1309,137,283,297,142,173,0.47,2,1.0
1309,140,308,1098,105,87,0.50,3,1.0
1309,133,777,1494,43,74,0.63,3,1.0
1309,141,363,1117,50,60,0.47,3,1.0
1310,123,453,589,161,153,0.95,2,1.0
1310,126,360,426,191,213,0.91,3,1.0
1310,130,194,1101,198,172,0.94,2,1.0
1310,129,220,627,200,179,0.92,3,1.0
1310,132,821,1149,131,144,0.92,3,1.0
1310,134,715,1142,137,145,0.92,3,1.0
1310,135,299,131,140,152,0.83,2,1.0
1310,139,130,215,130,176,0.94,1,1.0
1310,136,167,611,149,138,0.92,3,1.0
1310,138,100,1117,132,127,0.91,3,1.0
1310,137,283,306,140,161,0.25,2,1.0
1310,140,308,1098,103,88,0.46,3,1.0
1310,133,777,1494,43,74,0.63,3,1.0
1310,141,363,1117,50,60,0.47,3,1.0
1311,123,453,589,161,153,0.95,2,1.0
1311,126,359,426,192,213,0.91,3,1.0
1311,130,194,1101,198,172,0.94,2,1.0
1311,129,220,627,200,179,0.92,3,1.0
1311,132,821,1149,131,144,0.92,3,1.0
1311,134,715,1142,137,146,0.92,3,1.0
1311,135,299,131,140,152,0.83,2,1.0
1311,139,130,215,130,176,0.94,1,1.0
1311,136,167,611,149,138,0.92,3,1.0
1311,138,100,1117,132,127,0.91,3,1.0
1311,140,308,1098,103,88,0.46,3,1.0
1311,133,777,1494,43,74,0.63,3,1.0
1311,141,363,1117,50,60,0.47,3,1.0
1312,123,448,588,160,151,0.95,2,1.0
1312,126,353,425,183,211,0.90,3,1.0
1312,130,189,1101,198,170,0.94,2,1.0
1312,129,215,625,199,179,0.92,3,1.0
1312,132,816,1148,133,144,0.92,3,1.0
1312,134,711,1140,136,146,0.92,3,1.0
1312,135,299,131,140,152,0.83,2,1.0
1312,139,120,213,135,176,0.95,1,1.0
1312,136,160,609,149,138,0.92,3,1.0
1312,138,94,1116,130,125,0.91,3,1.0
1312,140,301,1095,106,88,0.49,3,1.0
1312,133,777,1494,43,74,0.63,3,1.0
1312,141,363,1117,50,60,0.47,3,1.0
1313,123,442,586,160,151,0.95,2,1.0
1313,126,346,425,175,209,0.89,3,1.0
1313,130,184,1101,198,167,0.94,2,1.0
1313,129,210,624,198,179,0.92,3,1.0
1313,132,812,1147,133,144,0.93,3,1.0
1313,134,707,1139,136,145,0.92,3,1.0
1313,135,299,131,140,152,0.83,2,1.0
1313,139,110,211,139,177,0.95,1,1.0
1313,136,153,608,150,137,0.92,3,1.0
1313,138,89,1115,127,124,0.91,3,1.0
1313,140,295,1093,107,88,0.52,3,1.0
1313,133,777,1494,43,74,0.63,3,1.0
1313,141,363,1117,50,60,0.47,3,1.0
1314,123,433,583,160,151,0.95,2,1.0
1314,126,336,420,176,211,0.89,3,1.0
1314,130,177,1099,199,167,0.94,2,1.0
1314,129,200,620,200,180,0.92,3,1.0
1314,132,807,1144,133,145,0.92,3,1.0
1314,134,701,1136,137,146,0.92,3,1.0
1314,135,289,129,139,148,0.80,2,1.0
1314,139,95,206,148,180,0.95,1,1.0
1314,136,143,604,151,137,0.93,3,1.0
1314,138,81,1112,129,125,0.92,3,1.0
1314,140,290,1092,106,87,0.53,3,1.0
1314,133,777,1494,43,74,0.64,3,1.0
1314,141,363,1117,50,60,0.47,3,1.0
1314,124,233,273,165,196,0.68,2,1.0
1315,123,425,580,160,152,0.95,2,1.0
1315,126,326,416,177,213,0.89,3,1.0
1315,130,170,1096,199,167,0.94,2,1.0
1315,129,191,617,202,181,0.93,3,1.0
1315,132,802,1141,133,146,0.92,3,1.0
1315,134,696,1134,137,146,0.93,3,1.0
1315,135,278,127,139,143,0.78,2,1.0
1315,139,81,202,155,183,0.95,1,1.0
1315,136,133,600,153,138,0.93,3,1.0
1315,138,73,1109,130,125,0.92,3,1.0
1315,140,284,1092,107,84,0.53,3,1.0
1315,133,777,1494,43,74,0.65,3,1.0
1315,141,363,1117,50,60,0.47,3,1.0
1315,124,233,274,165,195,0.67,2,1.0
1316,123,415,575,160,153,0.95,2,1.0
1316,126,314,411,177,214,0.89,3,1.0
1316,130,161,1092,201,168,0.95,2,1.0
1316,129,181,613,202,181,0.93,3,1.0
1316,132,795,1138,135,147,0.92,3,1.0
1316,134,689,1131,138,147,0.93,3,1.0
1316,135,265,125,139,137,0.70,2,1.0
1316,139,64,197,165,186,0.95,1,1.0
1316,136,121,596,154,138,0.93,3,1.0
1316,138,63,1105,132,125,0.92,3,1.0
1316,140,283,1090,101,82,0.50,3,1.0
1316,124,230,269,166,198,0.69,2,1.0
1317,123,410,573,161,155,0.95,2,1.0
1317,126,309,407,186,217,0.90,3,1.0
1317,130,157,1088,203,171,0.94,2,1.0
1317,129,176,610,204,183,0.93,3,1.0
1317,132,793,1136,135,148,0.93,3,1.0
1317,134,687,1129,139,149,0.92,3,1.0
1317,135,264,125,139,137,0.66,2,1.0
1317,139,56,194,170,188,0.95,1,1.0
1317,136,117,593,153,139,0.93,3,1.0
1317,138,60,1103,135,126,0.91,3,1.0
1317,140,289,1091,93,80,0.43,3,1.0
1317,124,229,267,167,200,0.69,2,1.0
1317,133,742,1479,46,74,0.85,3,1.0
1318,123,404,569,161,156,0.95,2,1.0
1318,126,303,402,189,220,0.91,3,1.0
1318,130,152,1083,205,174,0.94,2,1.0
1318,129,170,607,205,183,0.93,3,1.0
1318,132,789,1134,136,148,0.93,3,1.0
1318,134,683,1127,141,150,0.92,3,1.0
1318,135,262,124,139,137,0.62,2,1.0
1318,139,48,191,175,189,0.95,1,1.0
1318,136,110,589,155,141,0.93,3,1.0
1318,138,55,1100,138,126,0.90,3,1.0
1318,140,296,1092,82,76,0.40,3,1.0
1318,124,226,265,167,200,0.72,2,1.0
1318,133,742,1479,46,74,0.85,3,1.0
1319,123,400,567,161,157,0.95,2,1.0
1319,126,299,400,184,220,0.91,3,1.0
1319,130,150,1081,205,174,0.94,2,1.0
1319,129,169,606,202,181,0.93,3,1.0
1319,132,787,1133,136,147,0.93,3,1.0
1319,134,681,1126,142,149,0.91,3,1.0
1319,135,259,123,139,136,0.56,2,1.0
1319,139,43,191,177,188,0.96,1,1.0
1319,136,106,588,155,141,0.93,3,1.0
1319,138,52,1098,138,126,0.89,3,1.0
1319,140,301,1090,74,76,0.42,3,1.0
1319,124,223,262,168,202,0.75,2,1.0
1319,133,742,1479,46,74,0.85,3,1.0
1320,123,395,566,160,155,0.95,2,1.0
1320,126,294,399,175,217,0.89,3,1.0
1320,130,147,1079,204,171,0.94,2,1.0
1320,129,164,605,201,179,0.93,3,1.0
1320,132,784,1133,135,144,0.94,3,1.0
1320,134,678,1124,141,148,0.91,3,1.0
1320,135,257,123,139,135,0.51,2,1.0
1320,139,39,191,176,185,0.96,1,1.0
1320,136,101,586,153,139,0.93,3,1.0
1320,138,49,1095,137,125,0.88,3,1.0
1320,140,303,1088,69,75,0.43,3,1.0
1320,124,219,259,167,203,0.76,2,1.0
1320,133,742,1479,46,74,0.85,3,1.0
1320,142,244,1068,119,89,0.38,3,1.0
1321,123,392,566,158,152,0.95,2,1.0
1321,126,291,399,168,214,0.88,3,1.0
1321,130,145,1078,203,168,0.94,2,1.0
1321,129,161,604,199,178,0.93,3,1.0
1321,132,783,1132,133,142,0.94,3,1.0
1321,134,676,1123,139,146,0.91,3,1.0
1321,135,255,123,140,135,0.48,2,1.0
1321,139,37,192,174,182,0.96,1,1.0
1321,136,98,586,152,137,0.93,3,1.0
1321,138,47,1093,137,125,0.88,3,1.0
1321,140,301,1085,68,76,0.49,3,1.0
1321,124,218,257,165,203,0.76,2,1.0
1321,133,742,1479,46,74,0.85,3,1.0
1321,142,244,1068,119,89,0.38,3,1.0
1322,123,388,565,156,149,0.95,2,1.0
1322,126,287,399,159,210,0.87,3,1.0
1322,130,143,1077,200,164,0.94,2,1.0
1322,129,157,603,198,175,0.93,3,1.0
1322,132,781,1132,131,139,0.94,3,1.0
1322,134,674,1122,137,144,0.91,3,1.0
1322,135,253,122,140,136,0.45,2,1.0
1322,139,34,192,172,180,0.96,1,1.0
1322,136,94,583,150,136,0.93,3,1.0
1322,138,44,1091,136,123,0.89,3,1.0
1322,140,301,1085,65,72,0.60,3,1.0
1322,124,216,256,162,203,0.75,2,1.0
1322,142,258,1071,105,84,0.47,3,1.0
1322,143,309,495,111,106,0.87,3,1.0
1323,123,386,564,154,148,0.95,2,1.0
1323,126,284,399,154,208,0.87,3,1.0
1323,130,141,1076,199,161,0.94,2,1.0
1323,129,154,603,196,172,0.93,3,1.0
1323,132,780,1131,129,137,0.94,3,1.0
1323,134,674,1121,133,142,0.92,3,1.0
1323,135,253,122,140,136,0.43,2,1.0
1323,139,33,193,170,177,0.96,1,1.0
1323,136,91,581,148,135,0.93,3,1.0
1323,138,43,1089,135,123,0.89,3,1.0
1323,140,301,1084,63,71,0.66,3,1.0
1323,124,215,256,160,202,0.72,2,1.0
1323,142,265,1073,97,81,0.51,3,1.0
1323,143,309,495,111,106,0.87,3,1.0
1324,123,384,564,150,144,0.95,2,1.0
1324,126,281,399,151,205,0.87,3,1.0
1324,130,139,1075,196,157,0.94,2,1.0
1324,129,150,602,195,170,0.93,3,1.0
1324,132,778,1131,128,134,0.94,3,1.0
1324,134,673,1120,129,140,0.93,3,1.0
1324,139,30,194,168,175,0.95,1,1.0
1324,136,87,579,146,134,0.93,3,1.0
1324,138,42,1086,133,122,0.90,3,1.0
1324,140,302,1085,60,66,0.70,3,1.0
1324,124,214,256,158,201,0.67,2,1.0
1324,142,272,1074,89,79,0.53,3,1.0
1324,143,309,495,111,106,0.87,3,1.0
1324,133,721,1461,42,68,0.64,3,1.0
1325,123,382,563,149,143,0.95,2,1.0
1325,126,279,399,151,203,0.89,3,1.0
1325,130,138,1073,195,156,0.93,2,1.0
1325,129,149,602,193,168,0.93,3,1.0
1325,132,775,1130,129,134,0.94,3,1.0
1325,134,672,1119,128,139,0.93,3,1.0
1325,139,28,194,169,175,0.95,1,1.0
1325,136,84,577,146,134,0.93,3,1.0
1325,138,40,1085,133,121,0.91,3,1.0
1325,140,305,1086,55,62,0.72,3,1.0
1325,124,213,258,158,199,0.66,2,1.0
1325,142,282,1076,78,74,0.57,3,1.0
1325,143,309,495,111,106,0.87,3,1.0
1325,133,721,1461,42,68,0.68,3,1.0
1326,123,378,562,148,142,0.95,2,1.0
1326,126,276,399,152,202,0.89,3,1.0
1326,130,135,1071,195,155,0.93,2,1.0
1326,129,147,601,191,167,0.93,3,1.0
1326,132,773,1129,128,133,0.94,3,1.0
1326,134,670,1117,127,139,0.93,3,1.0
1326,139,26,194,168,175,0.95,1,1.0
1326,136,80,576,146,133,0.93,3,1.0
1326,138,39,1082,130,120,0.92,3,1.0
1326,140,308,1087,50,58,0.74,3,1.0
1326,124,212,260,157,196,0.67,2,1.0
1326,142,291,1078,68,70,0.62,3,1.0
1326,143,304,494,112,106,0.77,3,1.0
1326,133,721,1461,42,68,0.68,3,1.0
1327,123,376,561,147,142,0.95,2,1.0
1327,126,274,399,152,201,0.90,3,1.0
1327,130,134,1070,194,154,0.93,2,1.0
1327,129,145,601,192,166,0.93,3,1.0
1327,132,771,1128,128,133,0.93,3,1.0
1327,134,668,1116,127,139,0.93,3,1.0
1327,139,25,195,168,174,0.95,1,1.0
1327,136,78,576,146,132,0.92,3,1.0
1327,138,38,1080,130,120,0.92,3,1.0
1327,140,307,1087,50,56,0.71,3,1.0
1327,124,211,261,157,194,0.68,2,1.0
1327,142,293,1078,66,69,0.61,3,1.0
1327,143,299,494,112,106,0.69,3,1.0
1327,133,721,1461,42,68,0.68,3,1.0
1328,123,373,561,146,141,0.95,2,1.0
1328,126,271,400,157,200,0.90,3,1.0
1328,130,133,1068,193,153,0.93,2,1.0
1328,129,144,601,190,165,0.93,3,1.0
1328,132,769,1127,128,133,0.93,3,1.0
1328,134,667,1115,127,138,0.93,3,1.0
1328,139,24,197,167,172,0.95,1,1.0
1328,136,76,576,145,131,0.92,3,1.0
1328,138,38,1077,129,121,0.93,3,1.0
1328,140,307,1086,48,55,0.68,3,1.0
1328,124,210,266,157,188,0.66,2,1.0
1328,142,296,1078,61,67,0.61,3,1.0
1328,143,292,493,113,107,0.57,3,1.0
1328,133,718,1459,42,68,0.67,3,1.0
1329,123,371,561,146,140,0.95,2,1.0
1329,126,269,400,159,200,0.90,3,1.0
1329,130,132,1067,193,152,0.94,2,1.0
1329,129,143,600,190,166,0.93,3,1.0
1329,132,768,1127,128,132,0.92,3,1.0
1329,134,665,1114,128,138,0.93,3,1.0
1329,139,25,198,166,172,0.95,1,1.0
1329,136,76,577,144,130,0.92,3,1.0
1329,138,38,1075,129,121,0.93,3,1.0
1329,140,306,1085,48,56,0.68,3,1.0
1329,124,209,269,157,184,0.65,2,1.0
1329,142,295,1078,62,67,0.61,3,1.0
1329,143,292,493,112,107,0.54,3,1.0
1329,133,716,1457,41,68,0.68,3,1.0
1330,123,368,561,145,140,0.95,2,1.0
1330,126,266,402,161,199,0.90,3,1.0
1330,130,132,1064,192,152,0.94,2,1.0
1330,129,142,600,188,165,0.93,3,1.0
1330,132,766,1127,125,130,0.91,3,1.0
1330,134,664,1113,127,137,0.93,3,1.0
1330,139,25,200,165,170,0.95,1,1.0
1330,136,75,578,144,128,0.92,3,1.0
1330,138,38,1073,129,120,0.93,3,1.0
1330,140,305,1083,48,57,0.68,3,1.0
1330,124,209,275,156,177,0.64,2,1.0
1330,143,291,495,112,105,0.51,3,1.0
1330,133,713,1454,42,69,0.67,3,1.0
1331,123,367,562,145,139,0.95,2,1.0
1331,126,265,403,163,198,0.90,3,1.0
1331,130,132,1063,191,151,0.94,2,1.0
1331,129,142,600,187,164,0.93,3,1.0
1331,132,765,1126,122,130,0.90,3,1.0
1331,134,663,1113,127,136,0.92,3,1.0
1331,139,26,201,164,169,0.95,1,1.0
1331,136,75,579,143,127,0.92,3,1.0
1331,138,39,1072,129,119,0.92,3,1.0
1331,140,305,1081,47,58,0.70,3,1.0
1331,124,208,279,156,174,0.63,2,1.0
1331,143,289,496,112,105,0.46,3,1.0
1331,133,713,1454,42,69,0.67,3,1.0
1332,123,365,563,144,138,0.95,2,1.0
1332,126,264,405,159,197,0.89,3,1.0
1332,130,132,1060,191,152,0.94,2,1.0
1332,129,141,600,186,164,0.93,3,1.0
1332,132,764,1125,119,129,0.89,3,1.0
1332,134,662,1112,126,135,0.92,3,1.0
1332,139,27,203,163,168,0.96,1,1.0
1332,136,74,580,143,127,0.92,3,1.0
1332,138,40,1070,130,119,0.92,3,1.0
1332,140,304,1079,47,59,0.75,3,1.0
1332,124,208,282,156,171,0.65,2,1.0
1332,143,287,497,112,104,0.49,3,1.0
1332,133,713,1454,42,69,0.67,3,1.0
1332,144,273,1132,51,51,0.89,2,1.0
1333,123,364,564,143,138,0.95,2,1.0
1333,126,264,407,152,196,0.88,3,1.0
1333,130,132,1058,190,152,0.93,2,1.0
1333,129,139,600,188,164,0.93,3,1.0
1333,132,762,1124,117,128,0.89,3,1.0
1333,134,661,1111,126,136,0.91,3,1.0
1333,139,27,204,163,168,0.96,1,1.0
1333,136,74,580,141,127,0.92,3,1.0
1333,138,41,1069,130,118,0.92,3,1.0
1333,140,303,1077,47,60,0.80,3,1.0
1333,124,207,283,156,171,0.70,2,1.0
1333,143,287,498,110,104,0.55,3,1.0
1333,133,713,1454,42,69,0.67,3,1.0
1333,144,273,1132,51,51,0.89,2,1.0
1334,123,362,565,142,137,0.95,2,1.0
1334,126,262,410,150,194,0.88,3,1.0
1334,130,132,1056,189,152,0.93,2,1.0
1334,129,138,601,187,163,0.93,3,1.0
1334,132,761,1124,113,126,0.88,3,1.0
1334,134,659,1110,125,135,0.90,3,1.0
1334,139,28,207,162,167,0.96,1,1.0
1334,136,73,581,141,127,0.92,3,1.0
1334,138,41,1068,131,117,0.91,3,1.0
1334,140,302,1075,47,60,0.83,3,1.0
1334,124,206,284,156,171,0.71,2,1.0
1334,143,285,501,109,102,0.62,3,1.0
1334,144,270,1131,54,52,0.82,2,1.0
1335,123,360,566,142,137,0.95,2,1.0
1335,126,260,412,150,193,0.89,3,1.0
1335,130,131,1055,189,152,0.94,2,1.0
1335,129,137,601,187,163,0.93,3,1.0
1335,132,759,1123,114,126,0.88,3,1.0
1335,134,658,1109,125,135,0.89,3,1.0
1335,139,28,209,162,166,0.96,1,1.0
1335,136,73,582,139,126,0.92,3,1.0
1335,138,41,1067,133,116,0.91,3,1.0
1335,140,302,1073,46,61,0.86,3,1.0
1335,124,205,283,157,173,0.70,2,1.0
1335,143,284,501,108,103,0.69,3,1.0
1335,144,268,1130,55,53,0.79,2,1.0
1336,123,356,567,143,138,0.95,2,1.0
1336,126,257,414,150,194,0.89,3,1.0
1336,130,130,1053,189,153,0.94,2,1.0
1336,129,134,602,189,164,0.93,3,1.0
1336,132,756,1122,117,126,0.87,3,1.0
1336,134,655,1108,125,135,0.88,3,1.0
1336,139,27,212,165,167,0.96,1,1.0
1336,136,71,583,140,127,0.92,3,1.0
1336,138,41,1066,134,116,0.90,3,1.0
1336,140,300,1072,47,60,0.89,3,1.0
1336,124,203,284,158,173,0.67,2,1.0
1336,143,281,502,109,104,0.69,3,1.0
1336,144,267,1128,56,55,0.79,2,1.0
1337,123,354,568,142,139,0.95,2,1.0
1337,126,254,415,157,195,0.90,3,1.0
1337,130,129,1053,188,152,0.94,2,1.0
1337,129,133,602,190,166,0.93,3,1.0
1337,132,753,1121,120,127,0.87,3,1.0
1337,134,653,1107,125,135,0.88,3,1.0
1337,139,27,214,165,168,0.96,1,1.0
1337,136,69,585,141,126,0.92,3,1.0
1337,138,41,1065,134,116,0.90,3,1.0
1337,140,299,1072,46,58,0.90,3,1.0
1337,124,201,286,160,173,0.60,2,1.0
1337,143,278,503,110,106,0.60,3,1.0
1337,144,264,1126,59,57,0.77,2,1.0
1338,123,349,570,142,140,0.95,2,1.0
1338,126,252,418,160,196,0.91,3,1.0
1338,130,127,1051,188,153,0.94,2,1.0
1338,129,131,603,190,167,0.93,3,1.0
1338,132,749,1120,124,128,0.87,3,1.0
1338,134,649,1105,126,137,0.89,3,1.0
1338,139,26,219,167,167,0.95,1,1.0
1338,136,67,588,142,126,0.92,3,1.0
1338,138,40,1064,135,116,0.90,3,1.0
1338,140,297,1072,47,57,0.90,3,1.0
1338,124,200,288,161,172,0.53,2,1.0
1338,143,274,506,111,107,0.60,3,1.0
1338,144,262,1123,61,60,0.77,2,1.0
1339,123,345,572,142,141,0.94,2,1.0
1339,126,251,420,159,197,0.91,3,1.0
1339,130,126,1050,188,154,0.94,2,1.0
1339,129,130,603,190,169,0.92,3,1.0
1339,132,745,1118,128,130,0.87,3,1.0
1339,134,646,1103,128,139,0.90,3,1.0
1339,139,26,221,168,169,0.95,1,1.0
1339,136,65,590,143,126,0.91,3,1.0
1339,138,39,1062,134,117,0.90,3,1.0
1339,140,295,1071,47,57,0.91,3,1.0
1339,124,199,290,162,171,0.50,2,1.0
1339,143,271,508,112,108,0.59,3,1.0
1339,144,261,1121,62,62,0.81,2,1.0
1340,123,341,575,140,141,0.94,2,1.0
1340,126,250,430,153,191,0.89,3,1.0
1340,130,124,1049,189,154,0.93,2,1.0
1340,129,128,602,191,173,0.92,3,1.0
1340,132,740,1116,131,133,0.87,3,1.0
1340,134,643,1102,129,140,0.91,3,1.0
1340,139,25,225,169,170,0.94,1,1.0
1340,136,63,593,142,126,0.91,3,1.0
1340,138,39,1061,133,117,0.90,3,1.0
1340,140,293,1071,48,57,0.91,3,1.0
1340,124,197,293,165,169,0.48,2,1.0
1340,143,267,512,112,108,0.63,3,1.0
1340,144,260,1119,62,63,0.86,2,1.0
1341,123,339,577,137,141,0.94,2,1.0
1341,126,251,436,145,188,0.87,3,1.0
1341,130,123,1049,189,154,0.93,2,1.0
1341,129,127,602,190,175,0.91,3,1.0
1341,132,737,1116,132,134,0.88,3,1.0
1341,134,641,1101,130,142,0.92,3,1.0
1341,139,25,228,168,169,0.94,1,1.0
1341,136,62,595,140,127,0.90,3,1.0
1341,138,39,1060,131,117,0.90,3,1.0
1341,140,292,1070,48,58,0.89,3,1.0
1341,124,197,294,165,168,0.47,2,1.0
1341,143,265,516,112,107,0.75,3,1.0
1341,144,259,1118,62,64,0.89,2,1.0
1342,123,335,581,133,139,0.94,2,1.0
1342,126,250,446,138,182,0.81,3,1.0
1342,130,121,1049,189,153,0.92,2,1.0
1342,129,126,606,188,173,0.91,3,1.0
1342,132,733,1116,133,134,0.89,3,1.0
1342,134,638,1101,130,142,0.93,3,1.0
1342,139,25,234,167,167,0.94,1,1.0
1342,136,60,599,139,127,0.91,3,1.0
1342,138,38,1060,129,116,0.90,3,1.0
1342,140,290,1070,49,59,0.88,3,1.0
1342,143,261,521,113,106,0.85,3,1.0
1342,144,257,1117,63,65,0.92,2,1.0
1342,145,240,446,149,127,0.76,3,1.0
1342,146,219,160,149,159,0.76,2,1.0
1343,123,333,583,130,139,0.94,2,1.0
1343,126,249,453,134,178,0.76,3,1.0
1343,130,121,1050,187,152,0.92,2,1.0
1343,129,124,609,188,171,0.91,3,1.0
1343,132,730,1117,134,133,0.89,3,1.0
1343,134,637,1102,130,141,0.94,3,1.0
1343,139,25,238,166,166,0.94,1,1.0
1343,136,58,602,138,126,0.90,3,1.0
1343,138,38,1060,126,115,0.90,3,1.0
1343,140,289,1070,49,59,0.88,3,1.0
1343,143,258,524,115,106,0.87,3,1.0
1343,144,255,1116,63,66,0.93,2,1.0
1343,145,240,446,149,127,0.76,3,1.0
1343,146,220,160,148,159,0.76,2,1.0
1344,123,329,586,125,139,0.94,2,1.0
1344,126,244,459,135,176,0.75,3,1.0
1344,130,119,1052,187,150,0.92,2,1.0
1344,129,121,615,186,168,0.91,3,1.0
1344,132,727,1118,128,132,0.89,3,1.0
1344,134,634,1103,129,140,0.93,3,1.0
1344,139,24,244,165,165,0.92,1,1.0
1344,136,56,607,137,125,0.91,3,1.0
1344,138,38,1061,122,114,0.89,3,1.0
1344,140,286,1071,50,58,0.87,3,1.0
1344,143,254,532,114,102,0.88,3,1.0
1344,144,251,1116,65,66,0.91,2,1.0
1344,145,240,446,149,127,0.76,3,1.0
1344,146,219,163,147,158,0.60,2,1.0
1345,123,326,589,122,139,0.93,2,1.0
1345,126,238,458,141,180,0.77,3,1.0
1345,130,118,1052,185,150,0.92,2,1.0
1345,129,119,621,185,164,0.92,3,1.0
1345,132,725,1119,125,131,0.88,3,1.0
1345,134,631,1103,129,140,0.92,3,1.0
1345,139,23,249,164,163,0.90,1,1.0
1345,136,53,611,137,124,0.92,3,1.0
1345,138,37,1062,120,112,0.88,3,1.0
1345,140,284,1071,51,58,0.87,3,1.0
1345,143,252,536,112,101,0.87,3,1.0
1345,144,248,1116,66,66,0.87,2,1.0
1345,145,240,446,149,127,0.76,3,1.0
1345,146,219,163,147,158,0.60,2,1.0
1346,123,321,595,117,137,0.92,2,1.0
1346,126,234,463,141,180,0.72,3,1.0
1346,130,116,1054,183,148,0.92,2,1.0
1346,129,117,630,183,159,0.92,3,1.0
1346,132,721,1121,120,129,0.88,3,1.0
1346,134,627,1104,129,139,0.91,3,1.0
1346,139,22,256,161,162,0.90,1,1.0
1346,136,50,619,138,121,0.92,3,1.0
1346,138,37,1064,117,111,0.87,3,1.0
1346,140,281,1072,51,57,0.87,3,1.0
1346,143,247,544,111,98,0.87,3,1.0
1346,144,245,1116,67,66,0.86,2,1.0
1346,145,236,456,146,127,0.77,3,1.0
1346,146,217,169,147,159,0.64,2,1.0
1347,123,317,600,115,136,0.92,2,1.0
1347,126,230,465,142,182,0.72,3,1.0
1347,130,114,1056,183,146,0.92,2,1.0
1347,129,115,634,182,158,0.92,3,1.0
1347,132,717,1122,116,129,0.87,3,1.0
1347,134,625,1105,128,139,0.91,3,1.0
1347,139,21,262,160,160,0.90,1,1.0
1347,136,48,624,137,120,0.91,3,1.0
1347,138,36,1065,116,110,0.86,3,1.0
1347,140,280,1072,50,56,0.88,3,1.0
1347,143,245,550,107,96,0.89,3,1.0
1347,144,243,1117,67,65,0.85,2,1.0
1347,145,231,466,144,127,0.79,3,1.0
1347,146,215,175,148,160,0.65,2,1.0
1348,123,311,606,110,136,0.91,2,1.0
1348,126,224,473,141,181,0.73,3,1.0
1348,130,112,1058,180,145,0.92,2,1.0
1348,129,111,641,181,156,0.93,3,1.0
1348,132,712,1124,111,129,0.85,3,1.0
1348,134,620,1107,128,138,0.91,3,1.0
1348,139,20,270,156,158,0.90,1,1.0
1348,136,45,632,135,118,0.92,3,1.0
1348,138,35,1067,113,109,0.86,3,1.0
1348,140,275,1073,52,57,0.88,3,1.0
1348,143,241,560,102,93,0.90,3,1.0
1348,144,242,1119,65,63,0.81,2,1.0
1348,145,221,482,142,127,0.80,3,1.0
1348,146,211,186,148,160,0.66,2,1.0
1349,123,306,611,108,136,0.90,2,1.0
1349,126,222,481,135,179,0.69,3,1.0
1349,130,110,1059,178,145,0.92,2,1.0
1349,129,109,645,180,157,0.93,3,1.0
1349,132,708,1125,110,129,0.85,3,1.0
1349,134,617,1108,127,138,0.91,3,1.0
1349,139,19,276,154,155,0.91,1,1.0
1349,136,43,638,133,117,0.92,3,1.0
1349,138,34,1069,112,107,0.88,3,1.0
1349,140,271,1074,54,58,0.89,3,1.0
1349,143,237,566,101,92,0.91,3,1.0
1349,144,241,1121,64,62,0.80,2,1.0
1349,145,218,485,143,127,0.80,3,1.0
1349,146,207,195,150,160,0.80,2,1.0
1350,123,300,621,102,133,0.88,2,1.0
1350,126,217,494,129,175,0.64,3,1.0
1350,130,107,1063,175,143,0.92,2,1.0
1350,129,107,653,176,155,0.93,3,1.0
1350,132,702,1128,110,129,0.85,3,1.0
1350,134,612,1111,126,137,0.91,3,1.0
1350,139,16,287,150,151,0.90,1,1.0
1350,136,39,647,132,116,0.91,3,1.0
1350,138,32,1071,108,107,0.89,3,1.0
1350,140,266,1075,55,60,0.88,3,1.0
1350,143,230,575,102,92,0.89,3,1.0
1350,144,241,1124,61,60,0.82,2,1.0
1350,145,214,491,143,126,0.74,3,1.0
1350,146,205,200,149,159,0.79,2,1.0
1351,123,296,627,98,133,0.87,2,1.0
1351,126,214,498,129,174,0.64,3,1.0
1351,130,104,1065,174,142,0.92,2,1.0
1351,129,105,658,174,155,0.92,3,1.0
1351,132,698,1130,109,128,0.86,3,1.0
1351,134,609,1113,124,136,0.91,3,1.0
1351,139,14,294,146,148,0.86,1,1.0
1351,136,36,653,131,116,0.90,3,1.0
1351,138,31,1073,105,106,0.90,3,1.0
1351,140,261,1075,57,62,0.84,3,1.0
1351,143,225,581,102,93,0.84,3,1.0
1351,144,239,1126,60,60,0.79,2,1.0
1351,145,210,495,144,125,0.72,3,1.0
1351,146,202,207,148,157,0.81,2,1.0
1352,123,289,636,93,132,0.85,2,1.0
1352,126,199,513,135,172,0.71,3,1.0
1352,130,100,1069,171,141,0.92,2,1.0
1352,129,101,666,172,154,0.92,3,1.0
1352,132,692,1134,108,126,0.87,3,1.0
1352,134,603,1116,124,136,0.91,3,1.0
1352,139,12,305,139,145,0.85,1,1.0
1352,136,30,663,131,115,0.90,3,1.0
1352,138,28,1077,102,104,0.89,3,1.0
1352,140,255,1078,58,62,0.79,3,1.0
1352,143,222,586,101,92,0.81,3,1.0
1352,144,239,1128,58,59,0.77,2,1.0
1352,145,205,502,145,124,0.69,3,1.0
1352,146,197,218,147,155,0.80,2,1.0
1352,147,902,515,148,134,0.88,3,1.0
1353,123,284,644,90,129,0.83,2,1.0
1353,126,187,521,143,173,0.76,3,1.0
1353,130,98,1073,169,139,0.93,2,1.0
1353,129,100,673,169,152,0.93,3,1.0
1353,132,687,1136,108,125,0.89,3,1.0
1353,134,599,1119,123,135,0.90,3,1.0
1353,139,9,314,135,143,0.84,1,1.0
1353,136,26,670,132,114,0.90,3,1.0
1353,138,26,1080,101,103,0.88,3,1.0
1353,140,253,1081,56,61,0.75,3,1.0
1353,143,219,588,102,93,0.78,3,1.0
1353,144,238,1129,59,58,0.78,2,1.0
1353,145,203,505,144,124,0.63,3,1.0
1353,146,194,225,146,155,0.78,2,1.0
1353,147,902,514,148,135,0.88,3,1.0
1354,123,281,650,87,127,0.81,2,1.0
1354,126,174,536,146,170,0.75,3,1.0
1354,130,94,1080,165,135,0.93,2,1.0
1354,129,97,683,164,149,0.92,3,1.0
1354,132,681,1142,106,121,0.90,3,1.0
1354,134,595,1124,119,132,0.90,3,1.0
1354,139,8,321,130,141,0.82,1,1.0
1354,136,20,682,131,110,0.89,3,1.0
1354,138,23,1085,101,102,0.87,3,1.0
1354,140,249,1085,55,59,0.68,3,1.0
1354,143,215,594,102,94,0.72,3,1.0
1354,144,237,1131,57,57,0.80,2,1.0
1354,145,196,516,143,121,0.47,3,1.0
1354,146,190,238,143,151,0.78,2,1.0
1354,147,899,521,145,130,0.78,3,1.0
1355,123,279,652,86,127,0.81,2,1.0
1355,126,166,546,147,167,0.75,3,1.0
1355,130,91,1085,163,131,0.93,2,1.0
1355,129,95,691,160,146,0.92,3,1.0
1355,132,677,1146,103,118,0.90,3,1.0
1355,134,592,1127,117,131,0.91,3,1.0
1355,139,7,324,128,141,0.84,1,1.0
1355,136,16,690,129,109,0.89,3,1.0
1355,138,21,1088,103,101,0.86,3,1.0
1355,140,246,1089,54,57,0.63,3,1.0
1355,143,203,618,96,85,0.61,3,1.0
1355,144,236,1130,58,58,0.74,2,1.0
1355,146,187,247,141,149,0.79,2,1.0
1355,147,898,524,143,128,0.72,3,1.0
1356,123,274,656,86,128,0.80,2,1.0
1356,126,162,553,146,166,0.78,3,1.0
1356,130,87,1090,162,130,0.93,2,1.0
1356,129,89,702,158,143,0.93,3,1.0
1356,132,670,1151,102,118,0.90,3,1.0
1356,134,586,1131,117,131,0.90,3,1.0
1356,139,5,332,124,139,0.87,1,1.0
1356,136,11,702,126,106,0.89,3,1.0
1356,138,17,1093,105,100,0.86,3,1.0
1356,140,245,1093,53,55,0.62,3,1.0
1356,143,180,647,95,81,0.53,3,1.0
1356,146,182,260,140,147,0.74,2,1.0
1356,147,898,524,143,128,0.72,3,1.0
1357,123,274,656,86,128,0.80,2,1.0
1357,126,158,563,143,162,0.78,3,1.0
1357,130,83,1093,162,131,0.93,2,1.0
1357,129,85,709,157,141,0.92,3,1.0
1357,132,665,1154,101,119,0.90,3,1.0
1357,134,582,1134,116,130,0.90,3,1.0
1357,139,5,332,124,139,0.87,1,1.0
1357,136,7,710,125,105,0.89,3,1.0
1357,138,14,1095,108,101,0.87,3,1.0
1357,140,243,1094,53,55,0.60,3,1.0
1357,143,177,649,96,82,0.54,3,1.0
1357,146,179,269,138,145,0.73,2,1.0
1357,147,896,527,142,127,0.67,3,1.0
1358,126,152,578,138,157,0.75,3,1.0
1358,130,78,1099,160,130,0.94,2,1.0
1358,129,79,720,155,139,0.92,3,1.0
1358,132,657,1161,97,118,0.86,3,1.0
1358,134,575,1139,115,129,0.90,3,1.0
1358,136,4,721,119,105,0.90,3,1.0
1358,138,9,1100,110,101,0.89,3,1.0
1358,140,240,1096,53,55,0.56,3,1.0
1358,143,177,649,96,82,0.54,3,1.0
1358,146,177,277,136,141,0.72,2,1.0
1358,147,893,533,139,123,0.56,3,1.0
1358,148,202,1159,56,55,0.66,2,1.0
1359,126,146,587,139,157,0.79,3,1.0
1359,130,73,1102,162,132,0.94,2,1.0
1359,129,73,726,157,140,0.93,3,1.0
1359,132,650,1162,97,123,0.82,3,1.0
1359,134,570,1142,115,130,0.90,3,1.0
1359,136,2,728,117,106,0.90,3,1.0
1359,138,6,1102,110,102,0.90,3,1.0
1359,140,240,1096,53,55,0.54,3,1.0
1359,143,177,649,96,82,0.54,3,1.0
1359,146,175,280,137,142,0.69,2,1.0
1359,147,893,533,139,123,0.55,3,1.0
1359,148,202,1159,56,55,0.66,2,1.0
1360,126,136,601,140,155,0.82,3,1.0
1360,130,67,1106,163,134,0.94,2,1.0
1360,129,66,737,157,140,0.92,3,1.0
1360,132,645,1164,97,125,0.80,3,1.0
1360,134,562,1146,116,132,0.90,3,1.0
1360,136,0,734,115,105,0.91,3,1.0
1360,138,3,1104,111,103,0.91,3,1.0
1360,143,170,652,99,86,0.52,3,1.0
1360,146,172,286,137,143,0.63,2,1.0
1360,147,853,577,136,127,0.91,3,1.0
1360,148,202,1159,56,55,0.66,2,1.0
1361,126,130,612,139,153,0.80,3,1.0
1361,130,63,1110,162,134,0.94,2,1.0
1361,129,62,746,156,139,0.92,3,1.0
1361,132,643,1165,94,125,0.76,3,1.0
1361,134,557,1150,115,132,0.91,3,1.0
1361,136,0,737,113,106,0.91,3,1.0
1361,138,2,1106,111,102,0.92,3,1.0
1361,143,170,652,99,86,0.55,3,1.0
1361,146,172,286,137,143,0.65,2,1.0
1361,147,853,577,136,127,0.91,3,1.0
1361,148,202,1159,56,55,0.66,2,1.0
1362,126,124,629,133,141,0.68,3,1.0
1362,130,58,1118,160,132,0.94,2,1.0
1362,129,56,758,154,138,0.91,3,1.0
1362,132,637,1169,90,124,0.68,3,1.0
1362,134,550,1155,107,131,0.89,3,1.0
1362,136,0,743,108,106,0.92,3,1.0
1362,138,0,1109,110,102,0.94,3,1.0
1362,147,847,583,138,128,0.92,3,1.0
1362,148,202,1159,56,55,0.66,2,1.0
1363,126,121,635,132,138,0.65,3,1.0
1363,130,54,1122,160,132,0.94,2,1.0
1363,129,52,767,153,137,0.91,3,1.0
1363,132,638,1164,92,130,0.69,3,1.0
1363,134,545,1159,101,128,0.85,3,1.0
1363,136,0,743,109,106,0.92,3,1.0
1363,138,0,1109,110,102,0.94,3,1.0
1363,147,844,586,138,128,0.93,3,1.0
1363,148,202,1159,56,55,0.66,2,1.0
1364,126,116,644,130,133,0.61,3,1.0
1364,130,50,1129,158,131,0.94,2,1.0
1364,129,47,780,151,135,0.90,3,1.0
1364,134,541,1162,98,127,0.84,3,1.0
1364,147,840,591,138,128,0.92,3,1.0
1365,126,116,649,126,125,0.53,3,1.0
1365,130,47,1136,157,129,0.94,2,1.0
1365,129,43,789,151,134,0.90,3,1.0
1365,134,540,1163,92,126,0.81,3,1.0
1365,147,834,598,138,128,0.91,3,1.0
1366,126,115,665,116,99,0.27,3,1.0
1366,130,42,1145,155,127,0.93,2,1.0
1366,129,38,801,151,133,0.89,3,1.0
1366,134,536,1167,81,120,0.75,3,1.0
1366,147,829,604,139,127,0.91,3,1.0
1367,130,39,1150,155,127,0.93,2,1.0
1367,129,35,810,150,132,0.89,3,1.0
1367,134,536,1167,81,120,0.75,3,1.0
1367,147,827,606,138,128,0.90,3,1.0
1368,130,35,1157,154,128,0.93,2,1.0
1368,129,30,822,150,131,0.88,3,1.0
1368,147,818,625,134,126,0.89,3,1.0
1369,130,33,1161,151,129,0.94,2,1.0
1369,129,27,831,150,130,0.88,3,1.0
1369,147,812,638,132,125,0.89,3,1.0
1370,130,29,1169,148,129,0.94,2,1.0
1370,129,22,844,150,129,0.87,3,1.0
1370,147,806,651,130,124,0.89,3,1.0
1371,130,27,1175,144,127,0.94,2,1.0
1371,129,19,853,148,128,0.87,3,1.0
1371,147,806,651,130,124,0.89,3,1.0
1372,130,23,1185,139,124,0.94,2,1.0
1372,129,14,867,144,125,0.85,3,1.0
1372,147,806,651,130,124,0.89,3,1.0
1373,130,20,1192,135,121,0.93,2,1.0
1373,129,11,876,140,124,0.83,3,1.0
1373,147,806,651,130,124,0.89,3,1.0
1374,130,16,1203,129,117,0.93,2,1.0
1374,129,7,889,133,122,0.83,3,1.0
1374,148,163,1217,42,46,0.74,3,1.0
1375,130,12,1210,126,115,0.93,2,1.0
1375,129,5,898,127,121,0.82,3,1.0
1375,148,163,1217,42,46,0.74,3,1.0
1376,130,10,1216,123,113,0.93,2,1.0
1376,129,3,904,122,120,0.81,3,1.0
1376,148,163,1217,42,46,0.74,3,1.0
1376,147,752,739,125,115,0.78,3,1.0
1377,130,8,1218,122,113,0.94,2,1.0
1377,129,2,908,121,119,0.82,3,1.0
1377,148,156,1220,47,59,0.74,3,1.0
1377,147,752,739,125,115,0.77,3,1.0
1378,130,5,1224,119,112,0.94,2,1.0
1378,129,0,915,117,118,0.83,3,1.0
1378,148,149,1223,50,60,0.74,3,1.0
1378,147,749,745,123,115,0.81,3,1.0
1379,130,5,1225,119,111,0.94,2,1.0
1379,129,0,915,117,118,0.83,3,1.0
1379,148,139,1227,56,63,0.74,3,1.0
1379,147,748,748,121,115,0.83,3,1.0
1380,148,126,1233,63,70,0.77,3,1.0
1380,147,741,754,123,115,0.84,3,1.0
1381,148,123,1234,65,71,0.79,3,1.0
1381,147,734,762,124,116,0.87,3,1.0
1382,148,118,1236,67,68,0.80,3,1.0
1382,147,724,774,125,116,0.88,3,1.0
1383,148,115,1237,69,70,0.82,3,1.0
1383,147,716,783,127,117,0.87,3,1.0
1384,148,110,1240,72,74,0.86,3,1.0
1384,147,704,796,129,117,0.84,3,1.0
1385,148,110,1240,72,74,0.86,3,1.0
1385,147,699,806,128,116,0.82,3,1.0
1386,147,691,819,127,116,0.81,3,1.0
1387,147,685,829,126,114,0.82,3,1.0
1388,147,678,842,125,114,0.84,3,1.0
1389,147,674,851,124,113,0.87,3,1.0
1390,147,667,863,124,113,0.91,3,1.0
1391,147,663,871,124,113,0.92,3,1.0
1392,147,657,882,124,113,0.93,3,1.0
1393,147,653,889,124,114,0.93,3,1.0
1394,147,648,899,123,114,0.92,3,1.0
1395,147,645,906,123,113,0.92,3,1.0
1396,147,640,912,124,116,0.91,3,1.0
1397,147,638,915,123,118,0.90,3,1.0
1397,149,0,61,181,194,0.91,3,1.0
1398,147,634,920,124,122,0.90,3,1.0
1398,149,0,84,175,191,0.92,3,1.0
1399,147,632,921,125,126,0.89,3,1.0
1399,149,0,92,173,190,0.93,3,1.0
1400,147,627,928,126,127,0.88,3,1.0
1400,149,0,109,168,187,0.91,3,1.0
1400,150,80,1352,72,68,0.66,3,1.0
1400,151,899,1205,110,132,0.61,1,1.0
1401,147,624,935,126,126,0.88,3,1.0
1401,149,0,120,165,184,0.91,3,1.0
1401,150,80,1352,72,68,0.67,3,1.0
1401,151,899,1205,110,132,0.61,1,1.0
1402,147,618,944,127,125,0.88,3,1.0
1402,149,0,148,157,178,0.90,3,1.0
1402,150,80,1354,71,69,0.73,3,1.0
1402,151,896,1209,107,132,0.67,1,1.0
1402,140,61,1169,68,53,0.80,2,1.0
1403,147,614,952,126,122,0.88,3,1.0
1403,149,0,167,151,174,0.90,3,1.0
1403,150,80,1355,70,69,0.77,3,1.0
1403,151,894,1211,106,133,0.69,1,1.0
1403,140,61,1169,68,53,0.79,2,1.0
1404,147,609,963,125,120,0.88,3,1.0
1404,149,0,193,142,167,0.90,3,1.0
1404,150,78,1358,71,69,0.79,3,1.0
1404,151,892,1215,106,133,0.72,1,1.0
1404,140,54,1173,72,55,0.81,2,1.0
1404,152,937,1244,142,151,0.67,2,1.0
1405,147,606,967,123,121,0.89,3,1.0
1405,149,0,208,137,164,0.91,3,1.0
1405,150,77,1361,71,69,0.83,3,1.0
1405,151,889,1220,104,133,0.77,1,1.0
1405,140,51,1175,74,56,0.82,2,1.0
1405,152,937,1244,142,150,0.67,2,1.0
1406,147,602,975,121,120,0.89,3,1.0
1406,149,0,233,128,156,0.91,3,1.0
1406,150,75,1365,71,70,0.87,3,1.0
1406,151,884,1227,104,135,0.75,1,1.0
1406,140,47,1178,76,59,0.79,2,1.0
1406,152,935,1250,144,150,0.71,2,1.0
1407,147,599,980,121,120,0.89,3,1.0
1407,149,0,249,122,151,0.91,3,1.0
1407,150,73,1367,71,71,0.87,3,1.0
1407,151,881,1231,105,137,0.71,1,1.0
1407,140,40,1183,81,62,0.77,2,1.0
1407,152,934,1253,145,149,0.73,2,1.0
1408,147,597,989,118,118,0.86,3,1.0
1408,149,0,261,118,148,0.91,3,1.0
1408,150,71,1372,69,70,0.83,3,1.0
1408,151,876,1237,106,138,0.70,1,1.0
1408,140,31,1189,87,69,0.78,2,1.0
1408,152,932,1257,147,149,0.74,2,1.0
1409,147,596,995,115,117,0.83,3,1.0
1409,149,0,269,115,145,0.90,3,1.0
1409,150,70,1375,66,68,0.79,3,1.0
1409,151,873,1241,106,138,0.68,1,1.0
1409,140,26,1194,90,73,0.78,2,1.0
1409,152,929,1263,150,149,0.77,2,1.0
1410,147,594,1001,114,118,0.83,3,1.0
1410,149,0,286,110,138,0.89,3,1.0
1410,150,67,1380,64,68,0.72,3,1.0
1410,151,869,1248,106,140,0.60,2,1.0
1410,140,23,1197,91,77,0.76,2,1.0
1410,152,924,1272,155,151,0.81,2,1.0
1411,147,593,1004,113,120,0.83,3,1.0
1411,149,0,285,110,139,0.89,3,1.0
1411,150,65,1384,62,69,0.66,3,1.0
1411,151,868,1252,104,141,0.58,2,1.0
1411,140,21,1199,92,80,0.78,2,1.0
1411,152,921,1278,157,153,0.82,2,1.0
1412,147,591,1012,112,120,0.82,3,1.0
1412,150,64,1386,60,70,0.61,3,1.0
1412,151,866,1260,102,140,0.53,2,1.0
1412,140,16,1203,95,86,0.83,2,1.0
1412,152,917,1287,159,154,0.78,2,1.0
1413,147,588,1017,113,121,0.85,3,1.0
1413,150,63,1388,60,70,0.59,3,1.0
1413,151,865,1267,102,139,0.45,2,1.0
1413,140,16,1203,95,86,0.83,2,1.0
1413,152,915,1294,159,154,0.74,2,1.0
1414,147,582,1024,116,122,0.88,3,1.0
1414,150,61,1392,59,72,0.55,3,1.0
1414,151,862,1276,102,140,0.38,2,1.0
1414,152,912,1301,160,158,0.73,2,1.0
1414,153,486,431,95,79,0.91,3,1.0
1414,154,441,409,67,66,0.87,3,1.0
1415,147,578,1033,118,118,0.89,3,1.0
1415,150,61,1392,59,72,0.55,3,1.0
1415,151,859,1282,104,139,0.38,2,1.0
1415,152,909,1305,162,159,0.71,2,1.0
1415,153,486,431,95,79,0.91,3,1.0
1415,154,441,408,67,67,0.87,3,1.0
1416,147,572,1043,120,116,0.89,3,1.0
1416,151,857,1286,105,139,0.36,2,1.0
1416,152,905,1312,165,161,0.62,2,1.0
1416,153,483,435,94,78,0.90,3,1.0
1416,154,438,415,65,63,0.89,3,1.0
1417,147,568,1049,121,114,0.90,3,1.0
1417,151,853,1293,105,139,0.37,2,1.0
1417,152,902,1316,168,163,0.59,2,1.0
1417,153,481,437,95,78,0.90,3,1.0
1417,154,436,418,65,62,0.90,3,1.0
1418,147,561,1058,122,113,0.91,3,1.0
1418,151,847,1304,104,135,0.44,2,1.0
1418,152,896,1324,168,165,0.62,2,1.0
1418,153,478,441,95,77,0.90,3,1.0
1418,154,433,421,65,62,0.89,3,1.0
1418,155,327,1485,89,79,0.75,3,1.0
1419,147,559,1064,120,112,0.91,3,1.0
1419,151,844,1311,102,132,0.49,2,1.0
1419,152,892,1332,166,163,0.62,2,1.0
1419,153,474,446,95,76,0.89,3,1.0
1419,154,429,425,64,62,0.88,3,1.0
1419,155,327,1485,89,80,0.75,3,1.0
1420,147,554,1073,120,110,0.92,3,1.0
1420,151,840,1321,99,131,0.49,2,1.0
1420,152,885,1338,170,168,0.58,2,1.0
1420,153,469,452,95,76,0.89,3,1.0
1420,154,423,433,63,60,0.89,3,1.0
1420,155,324,1489,88,78,0.76,3,1.0
1421,147,551,1080,118,107,0.92,3,1.0
1421,151,838,1324,100,132,0.48,2,1.0
1421,152,879,1341,173,172,0.60,2,1.0
1421,153,465,456,95,75,0.89,3,1.0
1421,154,420,437,62,60,0.89,3,1.0
1421,155,323,1490,88,79,0.76,3,1.0
1422,147,546,1088,118,107,0.91,3,1.0
1422,151,836,1328,99,131,0.51,1,1.0
1422,152,875,1345,173,173,0.65,2,1.0
1422,153,458,462,97,75,0.89,3,1.0
1422,154,413,442,62,61,0.89,3,1.0
1422,155,320,1493,88,78,0.74,3,1.0
1423,147,543,1093,118,106,0.91,3,1.0
1423,151,835,1330,99,134,0.47,1,1.0
1423,152,872,1344,178,177,0.61,2,1.0
1423,153,454,465,97,76,0.89,3,1.0
1423,154,408,447,62,59,0.90,3,1.0
1423,155,316,1497,88,77,0.72,3,1.0
1424,147,537,1099,119,107,0.91,3,1.0
1424,151,833,1334,98,138,0.41,1,1.0
1424,152,866,1341,190,186,0.54,2,1.0
1424,153,446,470,98,76,0.90,3,1.0
1424,154,400,453,62,59,0.91,3,1.0
1424,155,313,1500,89,76,0.72,3,1.0
1425,147,533,1104,119,106,0.91,3,1.0
1425,151,833,1334,98,138,0.41,1,1.0
1425,152,866,1342,190,185,0.54,2,1.0
1425,153,440,474,98,75,0.90,3,1.0
1425,154,395,456,62,59,0.91,3,1.0
1425,155,312,1501,88,76,0.70,3,1.0
1426,147,526,1108,119,109,0.91,3,1.0
1426,152,837,1403,163,163,0.54,2,1.0
1426,153,431,479,98,75,0.91,3,1.0
1426,154,386,462,63,58,0.91,3,1.0
1426,155,308,1504,89,75,0.66,3,1.0
1427,147,521,1111,118,109,0.91,3,1.0
1427,152,837,1404,163,162,0.54,2,1.0
1427,153,426,483,96,73,0.91,3,1.0
1427,154,380,465,63,58,0.91,3,1.0
1427,155,308,1504,89,75,0.66,3,1.0
1428,147,513,1114,118,111,0.92,3,1.0
1428,152,824,1401,172,169,0.52,2,1.0
1428,153,417,487,95,73,0.92,3,1.0
1428,154,371,470,62,57,0.92,3,1.0
1429,147,507,1115,118,114,0.92,3,1.0
1429,152,817,1400,177,172,0.51,2,1.0
1429,153,411,490,95,73,0.92,3,1.0
1429,154,365,474,61,56,0.92,3,1.0
1430,147,498,1116,119,117,0.93,3,1.0
1430,152,815,1402,175,175,0.53,2,1.0
1430,153,402,493,95,73,0.93,3,1.0
1430,154,355,478,62,57,0.91,3,1.0
1431,147,491,1116,121,120,0.93,3,1.0
1431,152,808,1404,177,179,0.55,2,1.0
1431,153,396,493,95,76,0.94,3,1.0
1431,154,348,480,62,57,0.90,3,1.0
1432,147,482,1117,121,123,0.94,3,1.0
1432,152,796,1401,180,189,0.57,2,1.0
1432,153,386,494,97,77,0.94,3,1.0
1432,154,338,483,62,56,0.91,3,1.0
1433,147,476,1117,122,125,0.93,3,1.0
1433,152,792,1400,178,194,0.59,2,1.0
1433,153,380,495,97,77,0.94,3,1.0
1433,154,332,484,62,56,0.90,3,1.0
1434,147,467,1120,122,125,0.93,3,1.0
1434,152,788,1413,172,185,0.56,2,1.0
1434,153,371,495,98,77,0.94,3,1.0
1434,154,322,484,63,57,0.89,3,1.0
1434,156,755,1394,92,135,0.70,1,1.0
1435,147,463,1123,120,123,0.93,3,1.0
1435,152,783,1423,169,176,0.50,2,1.0
1435,153,365,495,99,77,0.93,3,1.0
1435,154,316,483,63,57,0.90,3,1.0
1435,156,755,1394,92,135,0.71,1,1.0
1436,147,455,1125,120,122,0.93,3,1.0
1436,152,770,1418,174,183,0.53,2,1.0
1436,153,357,494,99,77,0.91,3,1.0
1436,154,308,482,63,57,0.91,3,1.0
1436,156,755,1394,92,135,0.71,1,1.0
1436,157,926,1575,102,107,0.89,1,1.0
1437,147,450,1127,120,121,0.92,3,1.0
1437,152,763,1418,177,184,0.56,2,1.0
1437,153,351,494,100,77,0.89,3,1.0
1437,154,302,481,63,56,0.92,3,1.0
1437,156,755,1394,92,135,0.71,1,1.0
1437,157,926,1575,102,107,0.88,1,1.0
1438,147,443,1127,120,121,0.92,3,1.0
1438,152,754,1425,178,177,0.56,2,1.0
1438,153,343,493,100,77,0.89,3,1.0
1438,154,294,479,63,57,0.91,3,1.0
1438,156,755,1394,92,135,0.71,1,1.0
1438,157,922,1572,101,110,0.87,1,1.0
1438,158,300,1567,87,102,0.36,3,1.0
1439,147,438,1124,120,124,0.92,3,1.0
1439,152,745,1418,184,184,0.63,2,1.0
1439,153,337,492,101,77,0.89,3,1.0
1439,154,289,478,62,57,0.92,3,1.0
1439,156,755,1394,92,135,0.71,1,1.0
1439,157,920,1571,101,112,0.87,1,1.0
1439,158,313,1570,74,96,0.50,3,1.0
1440,147,431,1122,120,125,0.91,3,1.0
1440,152,734,1404,188,197,0.69,2,1.0
1440,153,329,491,101,76,0.89,3,1.0
1440,154,281,477,62,56,0.90,3,1.0
1440,157,916,1571,100,111,0.88,1,1.0
1440,158,305,1569,79,96,0.57,3,1.0
1440,159,207,1536,90,84,0.57,3,1.0
1441,147,427,1120,119,126,0.90,3,1.0
1441,152,731,1405,185,194,0.66,2,1.0
1441,153,324,490,101,76,0.90,3,1.0
1441,154,275,476,62,56,0.88,3,1.0
1441,157,910,1570,99,111,0.88,1,1.0
1441,158,301,1568,81,97,0.60,3,1.0
1441,159,208,1536,92,87,0.58,3,1.0
1442,147,420,1118,119,126,0.90,3,1.0
1442,152,726,1413,180,183,0.64,2,1.0
1442,153,316,489,102,74,0.91,3,1.0
1442,154,267,474,62,56,0.87,3,1.0
1442,157,901,1564,99,117,0.85,1,1.0
1442,158,298,1567,82,97,0.67,3,1.0
1442,159,204,1535,93,89,0.57,3,1.0
1443,147,416,1119,118,124,0.90,3,1.0
1443,152,723,1413,177,182,0.64,2,1.0
1443,153,312,487,101,75,0.91,3,1.0
1443,154,262,473,62,56,0.86,3,1.0
1443,157,893,1560,101,120,0.83,1,1.0
1443,158,295,1566,81,96,0.79,3,1.0
1443,159,202,1535,94,90,0.57,3,1.0
1444,147,410,1119,118,122,0.90,3,1.0
1444,152,721,1409,174,185,0.64,2,1.0
1444,153,305,485,102,75,0.92,3,1.0
1444,154,255,470,62,57,0.85,3,1.0
1444,157,883,1558,102,120,0.81,1,1.0
1444,158,284,1563,87,98,0.82,3,1.0
1444,159,199,1534,95,91,0.56,3,1.0
1445,147,406,1118,117,121,0.91,3,1.0
1445,152,720,1415,172,179,0.65,2,1.0
1445,153,300,483,103,75,0.92,3,1.0
1445,154,250,468,63,57,0.86,3,1.0
1445,157,876,1556,103,122,0.78,1,1.0
1445,158,282,1562,85,97,0.84,3,1.0
1445,159,195,1533,96,93,0.55,3,1.0
1446,147,400,1115,117,122,0.91,3,1.0
1446,152,712,1432,166,160,0.65,2,1.0
1446,153,293,480,103,76,0.92,3,1.0
1446,154,244,465,62,57,0.87,3,1.0
1446,157,868,1556,103,120,0.76,1,1.0
1446,158,278,1561,84,96,0.84,3,1.0
1446,159,190,1530,97,97,0.48,3,1.0
1447,147,396,1113,117,122,0.90,3,1.0
1447,152,707,1438,162,153,0.65,2,1.0
1447,153,289,478,103,77,0.91,3,1.0
1447,154,240,464,62,56,0.87,3,1.0
1447,157,863,1561,104,113,0.78,1,1.0
1447,158,274,1559,85,96,0.80,3,1.0
1447,159,187,1528,97,101,0.43,3,1.0
1448,147,390,1109,118,124,0.91,3,1.0
1448,152,699,1445,156,145,0.63,2,1.0
1448,153,282,474,103,79,0.91,3,1.0
1448,154,233,461,63,57,0.88,3,1.0
1448,157,850,1554,110,119,0.78,1,1.0
1448,158,269,1557,85,96,0.77,3,1.0
1448,159,181,1526,101,110,0.45,3,1.0
1449,147,387,1107,117,124,0.91,3,1.0
1449,152,697,1446,155,144,0.61,2,1.0
1449,153,278,472,103,79,0.92,3,1.0
1449,154,230,459,62,57,0.88,3,1.0
1449,157,840,1544,116,128,0.78,1,1.0
1449,158,266,1556,85,95,0.77,3,1.0
1449,159,176,1524,106,119,0.48,3,1.0
1450,147,381,1104,120,124,0.90,3,1.0
1450,152,694,1443,154,145,0.62,2,1.0
1450,153,272,469,103,79,0.91,3,1.0
1450,154,224,456,62,57,0.88,3,1.0
1450,157,829,1535,120,136,0.71,1,1.0
1450,158,262,1554,84,94,0.77,3,1.0
1450,159,173,1522,109,126,0.47,3,1.0
1451,147,377,1102,122,124,0.91,3,1.0
1451,152,691,1442,151,144,0.62,2,1.0
1451,153,269,467,102,78,0.91,3,1.0
1451,154,219,453,63,58,0.86,3,1.0
1451,157,820,1524,124,146,0.63,1,1.0
1451,158,259,1552,84,95,0.79,3,1.0
1451,159,171,1522,112,130,0.53,3,1.0
1452,147,372,1101,123,121,0.92,3,1.0
1452,152,685,1444,147,139,0.56,2,1.0
1452,153,264,464,102,77,0.91,3,1.0
1452,154,214,450,62,58,0.86,3,1.0
1452,157,806,1512,130,156,0.63,2,1.0
1452,158,253,1551,85,94,0.82,3,1.0
1452,159,163,1519,112,133,0.66,3,1.0
1452,160,287,1251,68,79,0.62,3,1.0
1453,147,369,1099,122,120,0.91,3,1.0
1453,152,681,1446,144,133,0.50,2,1.0
1453,153,260,463,102,76,0.91,3,1.0
1453,154,210,448,62,57,0.86,3,1.0
1453,157,801,1512,130,154,0.63,2,1.0
1453,158,249,1549,85,94,0.83,3,1.0
1453,159,160,1516,105,126,0.68,3,1.0
1453,160,287,1251,68,79,0.62,3,1.0
1454,147,363,1096,123,119,0.91,3,1.0
1454,152,678,1446,143,131,0.49,2,1.0
1454,153,255,460,102,76,0.89,3,1.0
1454,154,204,446,62,56,0.87,3,1.0
1454,157,794,1511,128,152,0.61,1,1.0
1454,158,245,1548,84,93,0.81,3,1.0
1454,159,152,1512,106,126,0.68,3,1.0
1454,160,281,1246,73,84,0.68,3,1.0
1455,147,360,1093,122,120,0.90,3,1.0
1455,152,676,1450,141,126,0.42,2,1.0
1455,153,250,459,103,76,0.88,3,1.0
1455,154,199,445,63,56,0.89,3,1.0
1455,157,787,1510,130,152,0.66,1,1.0
1455,158,241,1547,85,93,0.79,3,1.0
1455,159,150,1511,110,130,0.68,3,1.0
1455,160,278,1244,75,86,0.71,3,1.0
1456,147,354,1092,121,118,0.90,3,1.0
1456,152,673,1458,136,116,0.31,2,1.0
1456,153,244,457,103,75,0.88,3,1.0
1456,154,193,444,63,55,0.88,3,1.0
1456,157,774,1508,135,152,0.73,2,1.0
1456,158,236,1544,85,94,0.77,3,1.0
1456,159,146,1510,116,133,0.70,3,1.0
1456,160,277,1243,74,86,0.73,3,1.0
1457,147,350,1091,121,118,0.89,3,1.0
1457,152,674,1458,135,116,0.29,2,1.0
1457,153,240,455,104,77,0.88,3,1.0
1457,154,188,443,64,56,0.86,3,1.0
1457,157,766,1506,137,153,0.73,2,1.0
1457,158,233,1542,86,95,0.74,3,1.0
1457,159,141,1508,124,139,0.72,3,1.0
1457,160,273,1242,75,85,0.76,3,1.0
1458,147,344,1089,120,117,0.89,3,1.0
1458,152,635,1439,135,122,0.70,2,1.0
1458,153,233,453,105,78,0.88,3,1.0
1458,154,182,441,64,57,0.85,3,1.0
1458,157,756,1505,138,153,0.74,1,1.0
1458,158,230,1539,84,95,0.68,3,1.0
1458,159,135,1504,138,144,0.68,3,1.0
1458,160,268,1240,77,87,0.76,3,1.0
1459,147,340,1089,120,116,0.88,3,1.0
1459,152,635,1439,135,122,0.69,2,1.0
1459,153,229,452,104,79,0.89,3,1.0
1459,154,179,441,63,57,0.84,3,1.0
1459,157,748,1503,138,153,0.77,1,1.0
1459,158,228,1536,83,97,0.67,3,1.0
1459,159,132,1501,147,145,0.64,3,1.0
1459,160,267,1242,75,84,0.73,3,1.0
1460,147,334,1087,121,115,0.88,3,1.0
1460,152,635,1439,135,122,0.69,2,1.0
1460,153,223,451,103,79,0.91,3,1.0
1460,154,173,440,63,57,0.79,3,1.0
1460,157,735,1499,143,155,0.78,2,1.0
1460,158,223,1533,84,97,0.67,3,1.0
1460,159,129,1499,154,146,0.64,3,1.0
1460,160,265,1244,71,79,0.63,3,1.0
1461,147,330,1084,123,116,0.87,3,1.0
1461,152,635,1439,135,122,0.69,2,1.0
1461,153,219,451,102,79,0.91,3,1.0
1461,154,169,440,63,57,0.77,3,1.0
1461,157,728,1497,144,155,0.76,2,1.0
1461,158,218,1531,86,98,0.68,3,1.0
1461,159,128,1498,159,145,0.59,3,1.0
1461,160,262,1244,71,78,0.53,3,1.0
1462,147,324,1082,126,116,0.87,3,1.0
1462,152,635,1439,135,122,0.69,2,1.0
1462,153,213,449,102,80,0.91,3,1.0
1462,154,163,440,63,56,0.75,3,1.0
1462,157,719,1493,143,155,0.76,2,1.0
1462,158,216,1530,85,97,0.68,3,1.0
1462,159,127,1495,168,143,0.50,3,1.0
1462,160,256,1242,72,78,0.42,3,1.0
1463,147,320,1080,129,116,0.87,3,1.0
1463,152,635,1439,135,122,0.68,2,1.0
1463,153,209,449,102,79,0.91,3,1.0
1463,154,159,439,62,56,0.72,3,1.0
1463,157,713,1491,143,155,0.75,2,1.0
1463,158,214,1529,86,97,0.70,3,1.0
1463,159,127,1495,168,143,0.50,3,1.0
1463,160,255,1241,71,78,0.37,3,1.0
1464,147,314,1076,131,116,0.88,3,1.0
1464,153,204,447,100,79,0.90,3,1.0
1464,154,153,437,62,56,0.72,3,1.0
1464,157,705,1485,144,157,0.72,2,1.0
1464,158,204,1523,88,97,0.78,3,1.0
1464,160,249,1238,71,75,0.31,6,1.0
1465,147,310,1075,131,113,0.89,3,1.0
1465,153,200,445,101,80,0.90,3,1.0
1465,154,149,435,62,56,0.76,3,1.0
1465,157,701,1483,142,156,0.71,2,1.0
1465,158,199,1519,88,95,0.81,3,1.0
1465,160,244,1235,72,76,0.33,6,1.0
1466,147,305,1072,130,111,0.89,3,1.0
1466,153,194,441,102,80,0.89,3,1.0
1466,154,144,431,62,56,0.77,3,1.0
1466,157,694,1478,139,154,0.71,2,1.0
1466,158,190,1511,89,94,0.75,3,1.0
1466,160,240,1232,73,77,0.34,3,1.0
1467,147,301,1069,128,110,0.88,3,1.0
1467,153,190,438,102,80,0.90,3,1.0
1467,154,140,428,62,56,0.78,3,1.0
1467,157,690,1473,138,155,0.70,2,1.0
1467,158,188,1509,89,94,0.71,3,1.0
1467,160,239,1231,70,75,0.38,3,1.0
1468,147,295,1064,127,108,0.88,3,1.0
1468,153,185,433,102,80,0.90,3,1.0
1468,154,135,423,61,56,0.79,3,1.0
1468,157,682,1467,138,155,0.65,2,1.0
1468,158,186,1508,88,93,0.67,3,1.0
1468,160,239,1231,70,75,0.38,3,1.0
1468,161,96,1464,106,107,0.74,3,1.0
1469,147,291,1061,127,108,0.87,3,1.0
1469,153,182,429,101,79,0.89,3,1.0
1469,154,132,420,61,55,0.76,3,1.0
1469,157,676,1463,137,154,0.63,2,1.0
1469,158,182,1506,87,91,0.61,3,1.0
1469,160,239,1231,70,75,0.38,3,1.0
1469,161,95,1464,107,107,0.74,3,1.0
1470,147,286,1054,126,109,0.86,3,1.0
1470,153,177,423,101,78,0.90,3,1.0
1470,154,127,413,60,56,0.74,3,1.0
1470,157,671,1460,137,154,0.63,2,1.0
1470,158,176,1500,88,92,0.60,3,1.0
1470,161,95,1464,107,107,0.74,3,1.0
1471,147,282,1050,127,109,0.87,3,1.0
1471,153,174,418,100,78,0.90,3,1.0
1471,154,123,409,60,56,0.75,3,1.0
1471,157,669,1458,137,154,0.60,2,1.0
1471,158,173,1496,88,92,0.64,3,1.0
1471,161,95,1464,107,107,0.74,3,1.0
1472,147,276,1044,126,109,0.87,3,1.0
1472,153,169,411,100,78,0.89,3,1.0
1472,154,118,402,60,56,0.77,3,1.0
1472,157,654,1447,139,154,0.52,2,1.0
1472,158,169,1490,88,93,0.67,3,1.0
1472,161,90,1459,109,115,0.73,3,1.0
1473,147,273,1039,124,110,0.88,3,1.0
1473,153,165,407,101,77,0.90,3,1.0
1473,154,115,397,59,56,0.80,3,1.0
1473,157,644,1438,139,155,0.50,2,1.0
1473,158,166,1483,89,96,0.71,3,1.0
1473,161,84,1454,112,122,0.73,3,1.0
1474,147,268,1032,121,110,0.89,3,1.0
1474,153,160,399,101,78,0.90,3,1.0
1474,154,109,389,60,56,0.84,3,1.0
1474,157,635,1429,138,155,0.48,2,1.0
1474,158,160,1476,91,97,0.77,3,1.0
1474,161,78,1449,115,130,0.73,3,1.0
1475,147,264,1027,119,110,0.90,3,1.0
1475,153,157,394,100,78,0.89,3,1.0
1475,154,106,384,60,56,0.87,3,1.0
1475,157,635,1429,138,155,0.48,2,1.0
1475,158,157,1472,91,96,0.77,3,1.0
1475,161,78,1449,115,130,0.73,3,1.0
1476,147,259,1021,116,108,0.90,3,1.0
1476,153,152,386,101,79,0.89,3,1.0
1476,154,101,375,61,57,0.85,3,1.0
1476,157,624,1420,141,155,0.55,2,1.0
1476,158,154,1465,91,96,0.76,3,1.0
1476,161,74,1442,113,128,0.68,3,1.0
1477,147,256,1016,115,107,0.89,3,1.0
1477,153,149,380,101,80,0.89,3,1.0
1477,154,97,369,63,58,0.81,3,1.0
1477,157,613,1412,144,154,0.62,2,1.0
1477,158,151,1461,91,96,0.78,3,1.0
1477,161,70,1437,109,123,0.61,3,1.0
1478,147,251,1008,112,104,0.88,3,1.0
1478,153,144,371,101,81,0.89,3,1.0
1478,154,92,362,63,57,0.81,3,1.0
1478,157,598,1400,146,150,0.60,2,1.0
1478,158,146,1453,92,97,0.79,3,1.0
1478,161,65,1431,107,120,0.55,3,1.0
1478,162,56,572,96,87,0.84,3,1.0
1479,147,248,1003,109,101,0.85,3,1.0
1479,153,141,366,101,81,0.90,3,1.0
1479,154,89,356,63,57,0.80,3,1.0
1479,157,597,1398,145,149,0.55,2,1.0
1479,158,144,1448,91,98,0.80,3,1.0
1479,161,65,1431,107,120,0.55,3,1.0
1479,162,56,572,96,87,0.84,3,1.0
1480,147,243,996,105,97,0.72,3,1.0
1480,153,137,358,102,81,0.91,3,1.0
1480,154,86,348,62,58,0.77,3,1.0
1480,157,592,1394,147,148,0.58,2,1.0
1480,158,140,1440,92,98,0.81,3,1.0
1480,161,65,1431,107,120,0.55,3,1.0
1480,162,51,565,98,89,0.83,3,1.0
1481,147,242,994,102,95,0.68,3,1.0
1481,153,134,353,101,81,0.92,3,1.0
1481,154,84,344,61,57,0.80,3,1.0
1481,157,586,1390,148,145,0.58,2,1.0
1481,158,137,1435,93,98,0.82,3,1.0
1481,161,65,1432,107,119,0.54,3,1.0
1481,162,47,562,101,89,0.82,3,1.0
1482,147,240,989,98,93,0.62,3,1.0
1482,153,130,344,101,81,0.94,3,1.0
1482,154,80,336,61,56,0.83,3,1.0
1482,157,578,1381,148,143,0.57,2,1.0
1482,158,133,1429,93,96,0.80,3,1.0
1482,162,43,557,102,89,0.84,3,1.0
1483,147,239,987,97,92,0.53,3,1.0
1483,153,127,338,101,82,0.94,3,1.0
1483,154,78,331,60,56,0.83,3,1.0
1483,157,572,1374,149,142,0.62,2,1.0
1483,158,132,1424,92,95,0.78,3,1.0
1483,162,37,550,105,90,0.85,3,1.0
1484,147,237,980,91,90,0.25,3,1.0
1484,153,123,330,101,81,0.95,3,1.0
1484,154,74,322,61,57,0.78,3,1.0
1484,157,562,1361,152,144,0.69,2,1.0
1484,158,128,1417,93,93,0.78,3,1.0
1484,162,30,540,107,90,0.86,3,1.0
1484,163,170,1106,84,85,0.75,3,1.0
1485,153,120,324,101,81,0.95,3,1.0
1485,154,71,316,61,58,0.75,3,1.0
1485,157,555,1350,154,148,0.70,2,1.0
1485,158,126,1412,92,93,0.78,3,1.0
1485,162,26,533,108,90,0.87,3,1.0
1485,163,170,1105,85,87,0.75,3,1.0
1486,153,116,315,102,82,0.94,3,1.0
1486,154,67,308,61,57,0.77,3,1.0
1486,157,547,1336,154,149,0.67,2,1.0
1486,158,123,1405,92,91,0.79,3,1.0
1486,162,21,523,108,90,0.89,3,1.0
1486,163,171,1103,82,84,0.71,3,1.0
1486,161,63,1407,73,83,0.67,3,1.0
1487,153,114,309,102,83,0.94,3,1.0
1487,154,65,302,60,58,0.77,3,1.0
1487,157,540,1325,155,152,0.66,2,1.0
1487,158,121,1400,92,91,0.83,3,1.0
1487,162,19,515,108,91,0.89,3,1.0
1487,163,172,1102,80,83,0.69,3,1.0
1487,161,63,1407,73,83,0.66,3,1.0
1488,153,111,300,102,84,0.92,3,1.0
1488,154,62,293,61,59,0.77,3,1.0
1488,157,528,1312,158,152,0.67,2,1.0
1488,158,118,1391,91,91,0.85,3,1.0
1488,162,16,504,107,92,0.89,3,1.0
1488,163,171,1099,80,81,0.71,3,1.0
1488,161,57,1388,83,100,0.69,3,1.0
1488,147,211,926,122,103,0.76,3,1.0
1489,153,109,294,102,85,0.91,3,1.0
1489,154,60,288,61,59,0.80,3,1.0
1489,157,522,1305,157,150,0.67,2,1.0
1489,158,117,1386,90,89,0.84,3,1.0
1489,162,13,497,108,92,0.90,3,1.0
1489,163,171,1095,78,79,0.71,3,1.0
1489,161,54,1379,88,108,0.71,3,1.0
1489,147,211,926,122,103,0.76,3,1.0
1490,153,106,286,101,86,0.91,3,1.0
1490,154,57,279,60,59,0.85,3,1.0
1490,157,515,1294,155,147,0.69,2,1.0
1490,158,114,1377,90,89,0.83,3,1.0
1490,162,9,486,109,93,0.90,3,1.0
1490,163,170,1090,75,75,0.70,3,1.0
1490,161,54,1379,88,108,0.71,3,1.0
1490,147,208,920,124,105,0.80,3,1.0
1491,153,104,280,100,86,0.91,3,1.0
1491,154,55,274,61,59,0.86,3,1.0
1491,157,510,1287,154,145,0.73,2,1.0
1491,158,112,1369,90,91,0.81,3,1.0
1491,162,7,478,108,94,0.90,3,1.0
1491,163,169,1087,73,72,0.72,3,1.0
1491,161,52,1370,92,116,0.72,3,1.0
1491,147,206,916,126,108,0.81,3,1.0
1492,153,101,272,100,86,0.91,3,1.0
1492,154,54,269,61,60,0.86,3,1.0
1492,157,501,1273,154,145,0.79,2,1.0
1492,158,109,1359,91,91,0.81,3,1.0
1492,162,5,473,109,93,0.90,3,1.0
1492,163,168,1080,71,70,0.73,3,1.0
1492,161,48,1346,97,128,0.71,3,1.0
1492,147,204,910,125,109,0.82,3,1.0
1493,153,100,266,99,86,0.92,3,1.0
1493,154,53,267,61,59,0.87,3,1.0
1493,157,496,1263,154,146,0.82,2,1.0
1493,158,107,1352,91,92,0.83,3,1.0
1493,162,3,469,110,95,0.90,3,1.0
1493,163,167,1076,71,68,0.72,3,1.0
1493,161,50,1340,92,124,0.66,3,1.0
1493,147,201,902,126,110,0.83,3,1.0
1494,153,97,257,100,86,0.93,3,1.0
1494,154,52,262,60,59,0.91,3,1.0
1494,157,489,1249,153,146,0.85,2,1.0
1494,158,104,1342,92,92,0.82,3,1.0
1494,162,1,462,110,96,0.90,3,1.0
1494,163,166,1073,70,66,0.71,3,1.0
1494,161,49,1327,88,117,0.66,3,1.0
1494,147,197,890,125,112,0.86,3,1.0
1495,153,95,252,100,85,0.93,3,1.0
1495,154,52,262,60,59,0.91,3,1.0
1495,157,483,1239,154,146,0.88,2,1.0
1495,158,103,1336,91,92,0.82,3,1.0
1495,162,1,462,110,96,0.90,3,1.0
1495,163,164,1066,70,66,0.62,3,1.0
1495,161,47,1324,89,116,0.68,3,1.0
1495,147,195,882,122,111,0.87,3,1.0
1496,153,93,243,100,85,0.92,3,1.0
1496,157,475,1222,154,149,0.86,2,1.0
1496,158,102,1326,90,91,0.83,3,1.0
1496,163,161,1053,72,68,0.60,3,1.0
1496,161,45,1320,89,114,0.69,3,1.0
1496,147,192,870,119,112,0.88,3,1.0
1497,153,92,237,99,86,0.92,3,1.0
1497,157,471,1212,153,150,0.84,2,1.0
1497,158,100,1320,90,90,0.82,3,1.0
1497,163,158,1044,73,70,0.58,3,1.0
1497,161,42,1313,89,112,0.72,3,1.0
1497,147,190,863,118,112,0.89,3,1.0
1498,153,89,229,100,85,0.92,3,1.0
1498,157,463,1197,154,150,0.81,2,1.0
1498,158,99,1312,89,88,0.76,3,1.0
1498,163,155,1030,74,73,0.59,3,1.0
1498,161,38,1306,88,107,0.73,3,1.0
1498,147,187,851,117,114,0.89,3,1.0
1499,153,88,223,100,86,0.92,3,1.0
1499,157,457,1186,155,152,0.78,2,1.0
1499,158,98,1307,88,87,0.72,3,1.0
1499,163,154,1026,75,74,0.62,3,1.0
1499,161,36,1303,85,102,0.71,3,1.0
1499,147,185,843,118,117,0.88,3,1.0
1500,153,86,214,100,86,0.92,3,1.0
1500,157,451,1172,154,152,0.72,2,1.0
1500,158,96,1302,86,81,0.71,3,1.0
1500,163,152,1016,76,76,0.64,3,1.0
1500,161,34,1296,82,98,0.67,3,1.0
1500,147,182,830,116,121,0.87,3,1.0
1501,153,85,208,100,86,0.93,3,1.0
1501,157,446,1163,154,151,0.71,2,1.0
1501,158,95,1297,85,79,0.72,3,1.0
1501,163,151,1009,76,78,0.65,3,1.0
1501,161,30,1285,86,101,0.70,3,1.0
1501,147,180,824,114,121,0.88,3,1.0
1502,153,83,199,100,87,0.94,3,1.0
1502,157,439,1148,155,151,0.67,2,1.0
1502,158,93,1288,85,78,0.71,3,1.0
1502,163,150,999,76,78,0.66,3,1.0
1502,161,25,1271,91,105,0.71,3,1.0
1502,147,177,818,112,116,0.87,3,1.0
1502,164,780,1264,148,129,0.63,3,1.0
1503,153,82,194,100,87,0.93,3,1.0
1503,157,436,1138,153,151,0.64,2,1.0
1503,158,91,1281,85,78,0.76,3,1.0
1503,163,150,993,75,78,0.66,3,1.0
1503,161,21,1258,98,112,0.73,3,1.0
1503,147,176,816,108,110,0.87,3,1.0
1503,164,780,1264,148,129,0.64,3,1.0
1504,153,80,184,100,88,0.93,3,1.0
1504,157,432,1124,151,150,0.65,2,1.0
1504,158,88,1271,86,78,0.83,3,1.0
1504,163,148,985,75,78,0.62,3,1.0
1504,161,16,1243,104,115,0.77,3,1.0
1504,147,173,809,105,106,0.87,3,1.0
1504,164,779,1260,148,127,0.69,3,1.0
1505,153,79,178,100,89,0.92,3,1.0
1505,157,429,1112,150,152,0.67,2,1.0
1505,158,87,1260,88,82,0.86,3,1.0
1505,163,147,978,75,79,0.63,3,1.0
1505,161,11,1231,111,121,0.82,3,1.0
1505,147,171,807,104,100,0.87,3,1.0
1505,164,779,1258,147,126,0.72,3,1.0
1506,153,77,169,100,89,0.91,3,1.0
1506,157,424,1098,148,152,0.68,2,1.0
1506,158,85,1250,88,82,0.87,3,1.0
1506,163,145,971,76,76,0.63,3,1.0
1506,161,9,1227,113,120,0.81,3,1.0
1506,147,169,794,103,103,0.86,3,1.0
1506,164,779,1258,147,126,0.72,3,1.0
1507,153,76,162,100,90,0.91,3,1.0
1507,157,420,1090,148,150,0.71,2,1.0
1507,158,83,1242,89,84,0.89,3,1.0
1507,163,144,966,75,75,0.64,3,1.0
1507,161,8,1225,113,118,0.81,3,1.0
1507,147,167,782,103,109,0.86,3,1.0
1507,164,778,1256,147,125,0.74,3,1.0
1508,153,74,153,100,90,0.92,3,1.0
1508,157,416,1079,146,147,0.74,2,1.0
1508,158,83,1233,87,84,0.88,3,1.0
1508,163,141,958,77,74,0.65,3,1.0
1508,161,6,1221,113,115,0.83,3,1.0
1508,147,165,771,104,111,0.87,3,1.0
1508,164,777,1252,147,122,0.80,3,1.0
1509,153,73,147,99,90,0.93,3,1.0
1509,157,414,1073,144,144,0.75,2,1.0
1509,158,84,1228,85,82,0.85,3,1.0
1509,163,140,953,76,73,0.71,3,1.0
1509,161,6,1221,113,115,0.83,3,1.0
1509,147,163,764,105,112,0.87,3,1.0
1509,164,778,1252,146,122,0.80,3,1.0
1509,165,693,1598,202,214,0.62,3,1.0
1510,153,71,138,99,90,0.95,3,1.0
1510,157,409,1062,143,142,0.75,2,1.0
1510,158,82,1219,86,82,0.86,3,1.0
1510,163,138,944,76,72,0.76,3,1.0
1510,147,161,755,104,112,0.86,3,1.0
1510,165,687,1590,203,217,0.68,3,1.0
1511,153,70,132,99,90,0.96,3,1.0
1511,157,407,1055,141,141,0.75,2,1.0
1511,158,80,1215,86,81,0.86,3,1.0
1511,163,137,938,76,73,0.78,3,1.0
1511,147,159,754,102,106,0.86,3,1.0
1511,165,685,1587,203,218,0.68,3,1.0
1512,153,67,124,99,90,0.96,3,1.0
1512,157,406,1047,136,136,0.77,1,1.0
1512,158,79,1207,86,80,0.84,3,1.0
1512,163,136,931,74,72,0.75,3,1.0
1512,147,156,749,101,101,0.87,3,1.0
1512,165,684,1583,201,211,0.64,3,1.0
1513,153,66,118,98,90,0.95,3,1.0
1513,157,404,1041,134,133,0.77,1,1.0
1513,158,76,1201,88,80,0.85,3,1.0
1513,163,135,926,73,72,0.70,3,1.0
1513,147,155,743,98,101,0.87,3,1.0
1513,165,683,1581,200,206,0.63,3,1.0
1514,153,64,111,97,89,0.94,3,1.0
1514,157,401,1033,131,128,0.79,1,1.0
1514,158,72,1192,90,81,0.88,3,1.0
1514,163,134,922,71,68,0.65,3,1.0
1514,147,152,735,95,99,0.87,3,1.0
1514,165,681,1576,199,205,0.63,3,1.0
1515,153,63,106,97,89,0.92,3,1.0
1515,157,401,1030,127,123,0.82,1,1.0
1515,158,71,1187,89,81,0.87,3,1.0
1515,163,133,922,69,63,0.59,3,1.0
1515,147,150,729,94,100,0.88,3,1.0
1515,165,681,1574,198,200,0.59,3,1.0
1516,153,60,99,97,89,0.91,3,1.0
1516,157,398,1022,124,119,0.83,1,1.0
1516,158,69,1180,88,79,0.83,3,1.0
1516,163,132,922,68,59,0.55,3,1.0
1516,147,147,721,94,100,0.89,3,1.0
1516,165,681,1571,195,190,0.54,3,1.0
1516,164,756,1186,142,96,0.68,3,1.0
1517,153,59,94,97,89,0.91,3,1.0
1517,157,394,1015,124,119,0.82,1,1.0
1517,158,67,1175,88,79,0.81,3,1.0
1517,163,132,922,68,57,0.54,3,1.0
1517,147,145,716,93,101,0.89,3,1.0
1517,165,681,1571,195,188,0.57,3,1.0
1517,164,755,1186,143,96,0.67,3,1.0
1518,153,56,86,98,90,0.91,3,1.0
1518,157,385,1000,128,123,0.78,1,1.0
1518,158,65,1169,88,78,0.81,3,1.0
1518,163,128,915,67,52,0.60,3,1.0
1518,147,142,710,92,99,0.89,3,1.0
1518,164,755,1186,143,96,0.67,3,1.0
1519,153,54,81,98,91,0.91,3,1.0
1519,157,377,988,132,128,0.72,1,1.0
1519,158,64,1165,88,77,0.81,3,1.0
1519,163,126,906,67,55,0.68,3,1.0
1519,147,140,705,93,100,0.89,3,1.0
1519,164,755,1186,143,96,0.67,3,1.0
1520,153,51,74,99,91,0.91,3,1.0
1520,157,370,976,133,130,0.72,1,1.0
1520,158,62,1159,87,75,0.79,3,1.0
1520,163,124,898,66,56,0.76,3,1.0
1520,147,137,698,93,99,0.90,3,1.0
1520,164,755,1186,143,96,0.67,3,1.0
1521,153,49,69,99,92,0.91,3,1.0
1521,157,366,970,133,130,0.75,1,1.0
1521,158,60,1154,88,76,0.81,3,1.0
1521,163,124,898,66,56,0.76,3,1.0
1521,147,135,693,92,99,0.90,3,1.0
1521,164,755,1186,143,96,0.66,3,1.0
1522,153,46,61,98,93,0.92,3,1.0
1522,157,359,958,134,132,0.75,1,1.0
1522,158,57,1146,88,77,0.85,3,1.0
1522,163,124,898,66,56,0.76,3,1.0
1522,147,131,687,90,97,0.90,3,1.0
1523,153,44,55,98,93,0.92,3,1.0
1523,157,356,954,133,129,0.78,1,1.0
1523,158,54,1140,89,79,0.87,3,1.0
1523,163,124,898,66,56,0.76,3,1.0
1523,147,129,682,87,96,0.90,3,1.0
1524,153,40,48,98,93,0.91,3,1.0
1524,157,352,948,131,126,0.78,1,1.0
1524,158,51,1133,89,80,0.87,3,1.0
1524,147,125,675,85,95,0.90,3,1.0
1525,153,37,42,98,95,0.89,3,1.0
1525,157,347,941,132,128,0.71,1,1.0
1525,158,48,1129,89,81,0.88,3,1.0
1525,147,121,670,85,94,0.88,3,1.0
1526,153,32,34,100,96,0.90,3,1.0
1526,157,339,930,133,130,0.67,1,1.0
1526,158,44,1123,89,82,0.89,3,1.0
1526,147,117,663,84,93,0.85,3,1.0
1527,153,30,28,99,97,0.90,3,1.0
1527,157,334,924,134,131,0.68,1,1.0
1527,158,42,1120,88,80,0.88,3,1.0
1527,147,114,658,85,93,0.82,3,1.0
1528,153,26,21,99,97,0.88,3,1.0
1528,157,327,917,133,131,0.70,1,1.0
1528,158,39,1116,87,78,0.87,3,1.0
1528,147,110,652,84,91,0.79,3,1.0
1529,153,23,17,100,95,0.88,3,1.0
1529,157,322,913,133,130,0.75,2,1.0
1529,158,36,1112,88,78,0.89,3,1.0
1529,147,108,648,83,89,0.78,3,1.0
1530,153,20,10,98,96,0.90,3,1.0
1530,157,313,906,135,131,0.80,1,1.0
1530,158,33,1107,86,77,0.87,3,1.0
1530,147,104,646,79,84,0.75,3,1.0
1531,153,17,7,98,95,0.89,3,1.0
1531,157,309,903,134,130,0.81,1,1.0
1531,158,30,1104,87,76,0.85,3,1.0
1531,147,102,647,75,79,0.73,3,1.0
1532,153,15,5,98,94,0.88,3,1.0
1532,157,302,896,133,132,0.82,1,1.0
1532,158,28,1101,87,77,0.85,3,1.0
1532,147,97,642,71,77,0.70,3,1.0
1533,153,14,3,98,95,0.89,3,1.0
1533,157,296,890,135,134,0.80,1,1.0
1533,158,27,1100,87,76,0.82,3,1.0
1533,147,94,639,68,76,0.68,3,1.0
1534,153,12,0,97,96,0.92,3,1.0
1534,157,287,881,137,137,0.78,1,1.0
1534,158,25,1097,86,76,0.77,3,1.0
1534,147,89,634,67,75,0.66,3,1.0
1535,153,12,0,97,96,0.92,3,1.0
1535,157,281,876,137,138,0.76,1,1.0
1535,158,25,1097,86,76,0.77,3,1.0
1535,147,86,626,68,79,0.67,3,1.0
1536,157,271,868,141,141,0.73,1,1.0
1536,147,82,617,68,82,0.66,3,1.0
1537,157,264,863,143,143,0.70,1,1.0
1537,147,79,614,69,82,0.65,3,1.0
1538,157,254,855,146,147,0.72,2,1.0
1538,147,75,611,68,79,0.61,3,1.0
1539,157,247,849,150,151,0.74,2,1.0
1539,147,73,611,65,75,0.56,3,1.0
1540,157,236,844,154,152,0.75,1,1.0
1540,147,70,610,64,74,0.53,3,1.0
1541,157,230,840,155,153,0.79,1,1.0
1541,147,69,611,63,71,0.50,3,1.0
1542,157,220,837,155,152,0.82,1,1.0
1542,147,67,610,61,68,0.45,3,1.0
1543,157,214,838,152,148,0.80,1,1.0
1543,147,67,610,61,68,0.46,3,1.0
1544,157,201,839,151,145,0.81,1,1.0
1545,157,190,840,151,143,0.83,1,1.0
1546,157,173,840,150,143,0.83,1,1.0
1547,157,158,838,152,145,0.83,1,1.0
1548,157,132,835,158,150,0.82,1,1.0
1549,157,112,832,163,155,0.80,1,1.0
1550,157,82,830,169,160,0.75,1,1.0
1551,157,60,830,175,162,0.73,1,1.0
1552,157,34,836,174,159,0.69,2,1.0
1553,157,20,843,169,153,0.65,2,1.0
1554,157,8,847,166,149,0.62,2,1.0
1555,157,5,852,160,144,0.60,2,1.0
1556,157,0,862,148,134,0.57,1,1.0
1557,157,0,862,148,134,0.57,1,1.0
1592,166,811,1615,224,265,0.72,1,1.0
1593,166,811,1615,223,265,0.71,1,1.0
1594,166,811,1615,223,265,0.71,1,1.0
1595,166,811,1615,223,265,0.71,1,1.0
1596,166,811,1615,223,265,0.71,1,1.0
1597,166,811,1615,223,265,0.71,1,1.0
1598,166,811,1615,224,265,0.71,1,1.0
1599,167,791,1017,276,245,0.94,1,1.0
1599,168,943,971,137,259,0.83,2,1.0
1600,167,791,1017,276,245,0.94,1,1.0
1600,168,943,971,137,259,0.83,2,1.0
1601,167,791,1017,276,245,0.94,1,1.0
1601,168,943,971,137,259,0.83,2,1.0
1602,167,791,1018,276,244,0.94,1,1.0
1602,168,943,971,137,259,0.83,2,1.0
1603,167,791,1018,276,244,0.94,1,1.0
1603,168,943,971,137,258,0.83,2,1.0
1604,167,791,1018,276,244,0.94,1,1.0
1604,168,943,971,137,258,0.83,2,1.0
1605,167,791,1018,276,244,0.94,1,1.0
1605,168,943,971,137,258,0.83,2,1.0
1606,167,791,1018,276,244,0.94,1,1.0
1606,168,943,971,137,258,0.84,2,1.0
1607,167,789,1019,275,242,0.94,1,1.0
1607,168,939,971,141,256,0.85,2,1.0
1608,167,787,1019,274,242,0.95,1,1.0
1608,168,936,970,144,255,0.86,2,1.0
1609,167,782,1018,272,242,0.95,1,1.0
1609,168,930,969,149,254,0.86,2,1.0
1610,167,778,1017,270,243,0.95,1,1.0
1610,168,924,968,155,253,0.86,2,1.0
1611,167,771,1015,268,243,0.95,1,1.0
1611,168,915,967,163,243,0.86,2,1.0
1612,167,766,1014,267,243,0.95,1,1.0
1612,168,911,966,166,235,0.84,2,1.0
1613,167,758,1010,263,244,0.95,1,1.0
1613,168,914,957,163,241,0.77,2,1.0
1614,167,752,1005,265,248,0.95,1,1.0
1614,168,925,956,152,240,0.75,2,1.0
1615,167,743,1002,262,249,0.95,1,1.0
1615,168,932,954,145,239,0.74,2,1.0
1616,167,736,1001,260,249,0.96,1,1.0
1616,168,941,953,137,246,0.72,2,1.0
1617,167,724,998,257,249,0.96,1,1.0
1617,168,937,944,142,260,0.72,2,1.0
1618,167,716,996,257,250,0.96,1,1.0
1618,168,925,943,154,259,0.76,2,1.0
1619,167,704,999,250,245,0.96,1,1.0
1619,168,899,933,180,268,0.79,2,1.0
1620,167,696,999,248,244,0.96,1,1.0
1620,168,877,924,202,277,0.81,2,1.0
1621,167,682,998,248,243,0.96,1,1.0
1621,168,860,926,211,276,0.78,2,1.0
1622,167,673,999,248,242,0.96,1,1.0
1622,168,857,938,205,267,0.77,2,1.0
1623,167,660,1000,245,239,0.97,1,1.0
1623,168,849,948,200,259,0.77,2,1.0
1624,167,651,1000,244,238,0.97,1,1.0
1624,168,848,959,188,249,0.76,2,1.0
1625,167,636,999,244,237,0.97,1,1.0
1625,168,842,976,176,233,0.72,2,1.0
1626,167,627,999,242,236,0.97,1,1.0
1626,168,830,981,178,228,0.73,2,1.0
1627,167,613,997,240,235,0.97,1,1.0
1627,168,813,987,181,221,0.74,2,1.0
1628,167,603,995,240,236,0.97,1,1.0
1628,168,801,995,184,214,0.75,2,1.0
1629,167,588,993,241,236,0.97,1,1.0
1629,168,786,1002,187,205,0.74,2,1.0
1630,167,578,992,242,235,0.96,1,1.0
1630,168,777,1003,188,203,0.76,2,1.0
1631,167,564,991,241,234,0.96,1,1.0
1631,168,766,1004,186,200,0.77,2,1.0
1632,167,554,990,241,233,0.96,1,1.0
1632,168,760,1003,184,199,0.77,2,1.0
1633,167,541,990,240,231,0.96,1,1.0
1633,168,749,1003,180,197,0.76,2,1.0
1634,167,534,990,237,230,0.96,1,1.0
1634,168,742,1005,176,194,0.77,2,1.0
1635,167,522,989,235,229,0.96,1,1.0
1635,168,731,1005,180,194,0.79,2,1.0
1636,167,514,989,235,229,0.96,1,1.0
1636,168,723,1006,185,193,0.81,2,1.0
1637,167,503,989,233,227,0.95,1,1.0
1637,168,711,1006,193,193,0.81,2,1.0
1638,167,495,988,231,228,0.95,1,1.0
1638,168,704,1004,201,195,0.81,2,1.0
1639,167,483,986,232,230,0.94,1,1.0
1639,168,692,991,215,208,0.82,2,1.0
1640,167,475,983,233,233,0.94,1,1.0
1640,168,685,979,220,220,0.81,2,1.0
1641,167,465,982,232,232,0.94,1,1.0
1641,168,673,966,230,232,0.80,2,1.0
1642,167,458,980,232,234,0.93,1,1.0
1642,168,666,954,236,244,0.80,2,1.0
1643,167,448,978,231,234,0.93,1,1.0
1643,168,655,941,244,255,0.76,2,1.0
1644,167,441,978,230,233,0.94,1,1.0
1644,168,649,940,246,255,0.72,2,1.0
1645,167,432,977,228,232,0.94,1,1.0
1645,168,638,941,252,252,0.65,2,1.0
1646,167,425,976,229,232,0.94,1,1.0
1646,168,632,941,253,252,0.59,2,1.0
1647,167,416,975,229,232,0.94,1,1.0
1647,168,627,941,254,251,0.53,2,1.0
1648,167,409,974,231,232,0.94,1,1.0
1648,168,624,942,255,250,0.52,2,1.0
1649,167,399,974,232,230,0.94,1,1.0
1649,168,579,929,291,264,0.58,2,1.0
1650,167,391,973,233,231,0.95,1,1.0
1650,168,540,915,325,280,0.67,2,1.0
1651,167,381,974,234,229,0.95,1,1.0
1651,168,501,901,358,296,0.78,2,1.0
1652,167,373,974,235,228,0.95,1,1.0
1652,168,525,914,324,280,0.69,2,1.0
1653,167,362,973,235,228,0.94,1,1.0
1653,168,525,914,324,280,0.69,2,1.0
1654,167,356,973,234,228,0.93,1,1.0
1654,168,537,920,307,273,0.65,2,1.0
1655,167,346,972,235,228,0.92,1,1.0
1655,168,554,910,272,280,0.66,2,1.0
1656,167,340,971,235,228,0.92,1,1.0
1656,168,548,900,277,291,0.70,2,1.0
1657,167,332,970,232,228,0.92,1,1.0
1657,168,500,879,318,313,0.81,2,1.0
1658,167,326,970,233,227,0.92,1,1.0
1658,168,483,878,333,314,0.82,2,1.0
1659,167,319,969,231,227,0.91,1,1.0
1659,168,489,879,324,312,0.82,2,1.0
1660,167,314,969,228,227,0.90,1,1.0
1660,168,485,880,324,310,0.83,2,1.0
1661,167,307,969,225,226,0.89,1,1.0
1661,168,459,876,343,313,0.80,2,1.0
1662,167,302,969,225,226,0.85,1,1.0
1662,168,455,873,344,315,0.75,2,1.0
1663,167,295,970,225,224,0.85,2,1.0
1663,168,459,873,334,312,0.76,2,1.0
1664,167,291,970,226,224,0.87,2,1.0
1664,168,448,871,340,313,0.77,2,1.0
1665,167,284,970,225,224,0.88,1,1.0
1665,168,445,872,336,311,0.74,2,1.0
1666,167,279,970,226,223,0.89,2,1.0
1666,168,463,878,313,303,0.76,2,1.0
1667,167,273,970,225,223,0.91,1,1.0
1667,168,478,885,290,293,0.74,2,1.0
1668,167,268,970,224,222,0.88,1,1.0
1668,168,485,889,278,288,0.67,2,1.0
1669,167,262,970,220,221,0.85,1,1.0
1669,168,491,892,268,284,0.63,2,1.0
1669,169,432,1092,171,134,0.80,2,1.0
1670,167,259,969,217,221,0.82,1,1.0
1670,168,489,893,267,283,0.60,2,1.0
1670,169,433,1093,169,133,0.80,2,1.0
1671,167,253,968,216,221,0.77,1,1.0
1671,168,485,894,266,281,0.53,2,1.0
1671,169,430,1091,168,134,0.81,2,1.0
1672,167,250,967,213,221,0.72,1,1.0
1672,168,486,895,265,280,0.52,2,1.0
1672,169,429,1091,167,134,0.81,2,1.0
1673,167,245,967,212,219,0.68,2,1.0
1673,169,428,1092,168,130,0.80,2,1.0
1674,167,242,966,212,219,0.66,2,1.0
1674,169,427,1092,168,127,0.77,2,1.0
1675,167,236,965,215,218,0.67,2,1.0
1675,169,426,1092,167,126,0.77,2,1.0
1675,168,446,855,277,311,0.77,2,1.0
1676,167,232,965,218,217,0.72,2,1.0
1676,169,425,1093,169,123,0.75,2,1.0
1676,168,446,855,277,311,0.75,2,1.0
1677,167,227,965,217,215,0.71,2,1.0
1677,169,417,1090,181,121,0.62,2,1.0
1677,168,441,852,280,313,0.64,2,1.0
1678,167,223,963,217,216,0.72,2,1.0
1678,169,408,1086,192,123,0.52,2,1.0
1678,168,439,852,281,313,0.58,2,1.0
1679,167,216,960,219,217,0.72,1,1.0
1679,169,400,1081,202,127,0.44,2,1.0
1679,168,435,851,282,313,0.56,2,1.0
1680,167,211,958,219,218,0.69,1,1.0
1680,169,400,1081,202,127,0.44,2,1.0
1680,168,429,850,285,313,0.49,2,1.0
1681,167,206,956,220,216,0.69,2,1.0
1681,169,398,1084,198,121,0.42,2,1.0
1681,168,425,849,287,313,0.43,2,1.0
1682,167,202,953,224,217,0.71,2,1.0
1682,169,398,1087,195,117,0.41,2,1.0
1682,168,423,849,288,313,0.44,2,1.0
1683,167,195,949,224,219,0.73,2,1.0
1683,169,425,1100,152,97,0.50,2,1.0
1683,168,419,849,288,311,0.45,2,1.0
1684,167,190,946,224,219,0.75,2,1.0
1684,169,435,1102,140,93,0.51,2,1.0
1684,168,418,848,289,312,0.42,2,1.0
1685,167,185,944,223,218,0.79,1,1.0
1685,169,439,1102,136,92,0.56,2,1.0
1685,168,396,852,274,287,0.37,2,1.0
1686,167,180,942,221,218,0.80,1,1.0
1686,169,452,1105,121,86,0.62,2,1.0
1686,168,396,852,274,287,0.33,2,1.0
1687,167,174,938,218,219,0.84,2,1.0
1687,169,451,1104,118,86,0.67,2,1.0
1687,168,393,851,274,286,0.44,2,1.0
1688,167,170,938,219,218,0.87,2,1.0
1688,169,450,1103,116,86,0.73,2,1.0
1688,168,392,850,274,287,0.50,2,1.0
1689,167,165,937,217,215,0.85,1,1.0
1689,169,447,1101,117,85,0.72,2,1.0
1689,168,391,850,272,284,0.54,2,1.0
1690,167,161,936,216,214,0.80,1,1.0
1690,169,444,1099,117,85,0.68,2,1.0
1690,168,389,849,271,283,0.61,2,1.0
1691,167,155,933,217,214,0.78,1,1.0
1691,169,441,1097,117,85,0.65,2,1.0
1691,168,384,846,271,282,0.71,2,1.0
1692,167,151,931,219,214,0.75,1,1.0
1692,169,439,1096,118,84,0.58,2,1.0
1692,168,380,844,272,281,0.73,2,1.0
1693,167,145,927,220,214,0.71,1,1.0
1693,169,434,1094,122,83,0.52,2,1.0
1693,168,376,841,271,281,0.77,2,1.0
1694,167,140,924,223,215,0.73,1,1.0
1694,169,432,1093,122,82,0.53,2,1.0
1694,168,372,839,271,281,0.79,2,1.0
1694,170,478,956,175,171,0.72,1,1.0
1695,167,133,919,223,218,0.77,1,1.0
1695,169,429,1090,120,83,0.53,2,1.0
1695,168,367,837,272,281,0.82,2,1.0
1695,170,474,952,176,175,0.66,1,1.0
1696,167,129,917,220,217,0.77,1,1.0
1696,169,426,1088,119,83,0.52,2,1.0
1696,168,365,838,271,279,0.84,2,1.0
1696,170,473,951,177,175,0.60,1,1.0
1697,167,124,914,221,217,0.79,2,1.0
1697,169,421,1085,121,83,0.57,2,1.0
1697,168,360,837,271,278,0.85,2,1.0
1697,170,470,947,177,178,0.61,1,1.0
1698,167,119,911,224,218,0.82,2,1.0
1698,169,418,1082,123,85,0.60,2,1.0
1698,168,356,836,273,277,0.85,2,1.0
1698,170,469,945,176,178,0.61,1,1.0
1699,167,113,908,222,217,0.81,1,1.0
1699,169,413,1078,123,86,0.65,2,1.0
1699,168,349,833,273,277,0.85,2,1.0
1699,170,464,939,177,182,0.59,2,1.0
1700,167,108,905,224,218,0.77,1,1.0
1700,169,410,1075,124,88,0.72,2,1.0
1700,168,344,829,272,278,0.84,2,1.0
1700,170,460,936,178,182,0.60,2,1.0
1701,167,101,900,232,219,0.76,1,1.0
1701,169,405,1072,126,88,0.79,2,1.0
1701,168,337,824,272,279,0.84,2,1.0
1701,170,454,930,178,185,0.64,2,1.0
1702,167,96,897,233,220,0.75,1,1.0
1702,169,402,1071,128,86,0.78,2,1.0
1702,168,333,821,271,279,0.85,2,1.0
1702,170,450,927,179,186,0.66,2,1.0
1703,167,88,889,239,224,0.71,2,1.0
1703,169,398,1068,128,85,0.80,2,1.0
1703,168,327,818,268,278,0.86,2,1.0
1703,170,444,921,181,188,0.63,1,1.0
1704,167,83,882,249,229,0.70,2,1.0
1704,169,394,1065,131,86,0.79,2,1.0
1704,168,323,817,267,276,0.87,2,1.0
1704,170,440,917,181,189,0.61,1,1.0
1705,167,75,878,253,229,0.74,2,1.0
1705,169,390,1062,131,85,0.69,2,1.0
1705,168,317,816,266,273,0.88,2,1.0
1705,170,433,912,183,190,0.62,2,1.0
1706,167,69,875,253,229,0.75,2,1.0
1706,169,387,1059,132,86,0.61,2,1.0
1706,168,313,815,265,272,0.89,2,1.0
1706,170,429,908,185,191,0.63,2,1.0
1707,167,60,872,247,228,0.71,2,1.0
1707,169,382,1055,125,87,0.60,2,1.0
1707,168,306,812,266,272,0.90,2,1.0
1707,170,423,903,186,192,0.61,2,1.0
1708,167,55,873,234,224,0.71,2,1.0
1708,169,379,1053,118,87,0.58,2,1.0
1708,168,301,809,268,273,0.90,2,1.0
1708,170,419,900,186,194,0.63,1,1.0
1709,167,45,873,231,220,0.75,1,1.0
1709,169,373,1050,112,87,0.57,2,1.0
1709,168,293,803,270,275,0.91,2,1.0
1709,170,412,895,188,196,0.68,1,1.0
1710,167,39,870,233,220,0.76,1,1.0
1710,169,368,1048,108,88,0.62,2,1.0
1710,168,288,799,269,276,0.91,2,1.0
1710,170,408,892,187,197,0.66,1,1.0
1711,167,28,860,241,229,0.78,1,1.0
1711,169,360,1045,103,88,0.69,2,1.0
1711,168,280,794,270,278,0.92,2,1.0
1711,170,400,887,189,199,0.67,2,1.0
1712,167,20,851,255,237,0.83,2,1.0
1712,169,355,1042,106,89,0.69,2,1.0
1712,168,275,792,268,277,0.93,2,1.0
1712,170,393,884,192,200,0.71,2,1.0
1713,167,11,842,267,244,0.88,2,1.0
1713,169,346,1039,117,89,0.70,2,1.0
1713,168,266,788,266,278,0.93,2,1.0
1713,170,385,880,193,201,0.71,2,1.0
1714,167,6,834,270,252,0.87,2,1.0
1714,169,342,1038,124,88,0.71,2,1.0
1714,168,260,787,266,278,0.94,2,1.0
1714,170,379,877,194,202,0.69,2,1.0
1715,167,1,831,267,253,0.86,2,1.0
1715,169,333,1036,132,88,0.74,2,1.0
1715,168,251,785,267,278,0.94,2,1.0
1715,170,369,875,196,203,0.69,1,1.0
1716,167,1,834,257,248,0.85,2,1.0
1716,169,326,1034,140,90,0.77,2,1.0
1716,168,245,784,267,278,0.93,2,1.0
1716,170,362,873,197,204,0.66,1,1.0
1717,167,0,834,248,245,0.84,2,1.0
1717,169,317,1033,144,89,0.79,2,1.0
1717,168,234,783,266,279,0.93,2,1.0
1717,170,354,871,196,205,0.68,2,1.0
1717,171,911,358,168,226,0.90,3,1.0
1718,167,0,835,242,243,0.83,2,1.0
1718,169,310,1032,144,90,0.80,2,1.0
1718,168,226,784,268,278,0.93,2,1.0
1718,170,347,869,197,207,0.74,2,1.0
1718,171,911,358,168,226,0.89,3,1.0
1719,167,0,833,231,245,0.82,2,1.0
1719,169,299,1030,145,92,0.82,2,1.0
1719,168,214,784,269,277,0.93,2,1.0
1719,170,335,867,200,209,0.80,1,1.0
1719,171,904,358,175,226,0.90,3,1.0
1720,167,0,828,226,250,0.82,2,1.0
1720,169,292,1029,144,92,0.82,2,1.0
1720,168,205,784,269,277,0.92,2,1.0
1720,170,328,865,201,210,0.83,1,1.0
1720,171,901,357,178,227,0.91,3,1.0
1721,167,0,821,219,258,0.83,2,1.0
1721,169,283,1029,139,92,0.81,2,1.0
1721,168,191,784,270,277,0.92,2,1.0
1721,170,318,864,201,211,0.87,1,1.0
1721,171,894,357,185,226,0.91,3,1.0
1722,167,0,818,212,262,0.85,2,1.0
1722,169,276,1028,135,93,0.80,2,1.0
1722,168,181,784,272,276,0.92,2,1.0
1722,170,312,864,200,210,0.86,1,1.0
1722,171,886,357,193,226,0.91,3,1.0
1723,167,0,815,200,266,0.86,2,1.0
1723,169,265,1027,134,94,0.79,2,1.0
1723,168,169,784,272,276,0.93,2,1.0
1723,170,301,863,201,211,0.82,1,1.0
1723,171,873,357,204,225,0.91,3,1.0
1724,167,0,815,193,266,0.88,2,1.0
1724,169,259,1027,131,95,0.77,2,1.0
1724,168,162,784,272,276,0.93,2,1.0
1724,170,294,863,201,210,0.81,1,1.0
1724,171,864,357,211,224,0.91,3,1.0
1725,167,0,813,183,268,0.91,2,1.0
1725,169,247,1027,128,95,0.75,2,1.0
1725,168,149,783,273,277,0.93,2,1.0
1725,170,284,862,201,210,0.81,1,1.0
1725,171,851,356,220,225,0.91,3,1.0
1726,167,0,812,174,268,0.92,2,1.0
1726,169,236,1026,132,96,0.75,2,1.0
1726,168,142,782,271,277,0.93,2,1.0
1726,170,276,861,202,211,0.81,1,1.0
1726,171,843,356,225,224,0.92,3,1.0
1727,167,0,811,163,267,0.92,2,1.0
1727,169,225,1025,138,98,0.75,2,1.0
1727,168,131,781,271,278,0.93,2,1.0
1727,170,264,860,204,212,0.82,1,1.0
1727,171,830,356,227,224,0.91,3,1.0
1728,167,0,811,156,265,0.93,2,1.0
1728,169,218,1025,137,97,0.74,2,1.0
1728,168,123,779,271,280,0.93,2,1.0
1728,170,255,860,206,211,0.84,1,1.0
1728,171,821,355,228,224,0.91,3,1.0
1729,167,0,810,145,266,0.92,2,1.0
1729,169,204,1023,145,99,0.75,2,1.0
1729,168,109,777,273,282,0.93,2,1.0
1729,170,243,858,208,213,0.86,1,1.0
1729,171,809,355,231,224,0.92,3,1.0
1730,167,0,809,137,267,0.91,2,1.0
1730,169,196,1021,155,101,0.77,2,1.0
1730,168,100,776,275,283,0.94,2,1.0
1730,170,234,857,210,214,0.85,1,1.0
1730,171,802,355,231,223,0.92,3,1.0
1731,167,0,809,131,267,0.90,2,1.0
1731,169,185,1020,157,102,0.76,2,1.0
1731,168,87,774,276,285,0.95,2,1.0
1731,170,221,855,212,215,0.83,1,1.0
1731,171,789,355,231,223,0.92,3,1.0
1732,167,0,809,127,268,0.89,2,1.0
1732,169,174,1018,159,104,0.74,2,1.0
1732,168,76,773,278,285,0.95,2,1.0
1732,170,213,854,212,216,0.82,1,1.0
1732,171,781,355,235,222,0.93,3,1.0
1733,167,0,808,119,271,0.87,2,1.0
1733,169,161,1017,158,106,0.73,2,1.0
1733,168,62,772,279,286,0.95,2,1.0
1733,170,201,853,213,216,0.82,1,1.0
1733,171,769,355,237,222,0.94,3,1.0
1734,167,0,808,119,271,0.87,2,1.0
1734,169,155,1017,149,105,0.71,2,1.0
1734,168,53,772,279,285,0.95,2,1.0
1734,170,194,853,212,216,0.82,1,1.0
1734,171,760,355,236,221,0.94,3,1.0
1735,169,143,1017,145,106,0.69,2,1.0
1735,168,40,772,280,285,0.94,2,1.0
1735,170,181,853,214,216,0.83,1,1.0
1735,171,745,355,235,220,0.94,3,1.0
1735,172,921,799,157,122,0.60,3,1.0
1736,169,134,1017,143,106,0.69,2,1.0
1736,168,32,774,280,283,0.94,2,1.0
1736,170,173,853,214,216,0.85,1,1.0
1736,171,736,355,234,220,0.94,3,1.0
1736,172,921,799,157,122,0.61,3,1.0
1737,169,117,1017,143,107,0.72,2,1.0
1737,168,21,774,278,283,0.94,2,1.0
1737,170,159,852,215,217,0.85,1,1.0
1737,171,722,356,234,219,0.94,3,1.0
1737,172,921,799,157,122,0.61,3,1.0
1738,169,104,1016,148,109,0.75,2,1.0
1738,168,14,774,276,283,0.94,2,1.0
1738,170,148,851,217,218,0.84,1,1.0
1738,171,713,356,234,219,0.94,3,1.0
1738,172,921,799,157,122,0.61,3,1.0
1739,169,84,1015,160,112,0.78,2,1.0
1739,168,7,774,268,283,0.94,2,1.0
1739,170,133,851,218,218,0.84,1,1.0
1739,171,698,357,234,218,0.94,3,1.0
1739,172,921,799,157,122,0.61,3,1.0
1740,169,70,1014,162,115,0.78,2,1.0
1740,168,3,773,261,285,0.93,2,1.0
1740,170,123,851,219,219,0.85,1,1.0
1740,171,689,357,234,218,0.94,3,1.0
1740,172,921,799,158,122,0.63,3,1.0
1741,169,53,1012,175,119,0.80,2,1.0
1741,168,0,772,248,287,0.93,2,1.0
1741,170,108,850,221,220,0.85,1,1.0
1741,171,675,357,234,218,0.94,3,1.0
1741,173,872,1258,147,170,0.79,3,1.0
1741,174,857,804,119,105,0.59,3,1.0
1742,169,44,1011,185,121,0.80,2,1.0
1742,168,0,771,237,289,0.92,2,1.0
1742,170,99,850,221,220,0.87,1,1.0
1742,171,665,357,233,218,0.94,3,1.0
1742,173,872,1258,147,170,0.79,3,1.0
1742,174,857,804,119,105,0.60,3,1.0
1743,169,31,1009,187,125,0.80,2,1.0
1743,168,0,771,221,291,0.92,2,1.0
1743,170,86,851,220,220,0.89,1,1.0
1743,171,650,357,232,218,0.94,3,1.0
1743,173,866,1260,145,166,0.80,3,1.0
1743,174,850,804,118,105,0.59,3,1.0
1744,169,24,1008,185,126,0.81,2,1.0
1744,168,0,772,211,292,0.92,2,1.0
1744,170,76,851,221,221,0.90,1,1.0
1744,171,640,357,230,217,0.94,3,1.0
1744,173,862,1260,145,165,0.81,3,1.0
1744,174,846,804,119,105,0.59,3,1.0
1745,169,15,1007,192,127,0.83,2,1.0
1745,168,0,771,197,295,0.93,2,1.0
1745,170,61,852,222,221,0.89,1,1.0
1745,171,625,358,229,216,0.95,3,1.0
1745,173,857,1262,141,160,0.81,3,1.0
1745,174,840,804,119,105,0.57,3,1.0
1746,169,9,1008,190,127,0.83,2,1.0
1746,168,0,772,187,295,0.93,2,1.0
1746,170,51,853,223,221,0.90,1,1.0
1746,171,615,358,228,215,0.95,3,1.0
1746,173,849,1264,138,156,0.82,3,1.0
1746,174,832,804,119,104,0.55,3,1.0
1747,169,4,1009,185,128,0.85,2,1.0
1747,168,0,773,174,294,0.93,2,1.0
1747,170,36,854,225,222,0.89,1,1.0
1747,171,601,359,226,214,0.95,3,1.0
1747,173,837,1266,134,150,0.84,3,1.0
1747,174,819,803,121,105,0.51,3,1.0
1748,169,2,1010,188,129,0.85,2,1.0
1748,168,0,771,165,294,0.93,2,1.0
1748,170,26,855,227,222,0.88,1,1.0
1748,171,591,360,226,214,0.95,3,1.0
1748,173,829,1266,132,148,0.85,3,1.0
1748,174,811,804,120,104,0.48,3,1.0
1749,169,0,1013,184,129,0.81,2,1.0
1749,168,0,772,150,292,0.92,2,1.0
1749,170,15,855,225,224,0.88,1,1.0
1749,171,577,362,225,213,0.94,3,1.0
1749,173,817,1263,129,148,0.83,3,1.0
1749,174,798,802,124,105,0.42,3,1.0
1750,169,0,1014,176,129,0.77,2,1.0
1750,168,0,774,139,289,0.90,2,1.0
1750,170,9,855,223,226,0.89,1,1.0
1750,171,567,363,225,213,0.94,3,1.0
1750,173,809,1260,128,150,0.81,3,1.0
1750,174,789,802,126,106,0.38,3,1.0
1751,169,0,1015,169,130,0.75,2,1.0
1751,168,0,777,132,290,0.82,2,1.0
1751,170,3,856,215,226,0.88,1,1.0
1751,171,553,364,225,214,0.94,3,1.0
1751,173,798,1257,125,152,0.80,3,1.0
1751,174,776,801,132,107,0.39,3,1.0
1752,169,0,1016,166,129,0.71,2,1.0
1752,168,0,780,132,291,0.75,2,1.0
1752,170,1,857,208,226,0.89,1,1.0
1752,171,543,364,226,214,0.94,3,1.0
1752,173,790,1254,122,153,0.77,3,1.0
1752,174,767,800,138,108,0.42,3,1.0
1753,169,0,1019,160,126,0.65,2,1.0
1753,168,0,783,129,291,0.70,2,1.0
1753,170,0,859,195,226,0.89,1,1.0
1753,171,529,365,225,214,0.94,3,1.0
1753,173,779,1250,123,156,0.74,3,1.0
1753,174,754,799,143,110,0.45,3,1.0
1754,169,0,1019,159,126,0.66,2,1.0
1754,168,0,785,133,293,0.65,2,1.0
1754,170,0,861,186,225,0.89,1,1.0
1754,171,519,365,225,215,0.94,3,1.0
1754,173,772,1250,124,155,0.74,3,1.0
1754,174,746,800,144,109,0.52,3,1.0
1755,168,0,787,142,299,0.55,2,1.0
1755,170,0,863,171,223,0.88,1,1.0
1755,171,505,365,225,216,0.94,3,1.0
1755,173,760,1249,125,154,0.72,3,1.0
1755,174,734,801,146,108,0.62,3,1.0
1756,168,0,786,148,300,0.57,2,1.0
1756,170,0,865,161,221,0.89,1,1.0
1756,171,495,366,225,215,0.94,3,1.0
1756,173,753,1248,128,155,0.71,3,1.0
1756,174,726,801,144,108,0.66,3,1.0
1757,170,0,867,147,220,0.89,1,1.0
1757,171,481,368,224,214,0.94,3,1.0
1757,173,741,1244,129,158,0.66,3,1.0
1757,174,719,802,143,107,0.69,3,1.0
1758,170,0,868,137,221,0.88,1,1.0
1758,171,472,370,224,212,0.93,3,1.0
1758,173,734,1243,124,158,0.61,3,1.0
1758,174,716,802,142,108,0.71,3,1.0
1759,170,0,868,129,221,0.88,1,1.0
1759,171,459,373,223,210,0.93,3,1.0
1759,173,722,1242,125,158,0.60,3,1.0
1759,174,697,803,139,108,0.63,3,1.0
1760,170,0,868,125,222,0.87,1,1.0
1760,171,450,376,223,209,0.92,3,1.0
1760,173,715,1241,126,158,0.61,3,1.0
1760,174,684,805,137,106,0.50,3,1.0
1761,170,0,868,117,224,0.85,1,1.0
1761,171,436,379,223,208,0.92,3,1.0
1761,173,703,1244,123,154,0.59,3,1.0
1761,174,665,809,133,102,0.34,3,1.0
1762,170,0,868,117,229,0.83,1,1.0
1762,171,427,380,222,209,0.92,3,1.0
1762,173,696,1249,122,148,0.62,3,1.0
1762,174,661,810,132,101,0.32,3,1.0
1763,171,412,383,222,209,0.93,3,1.0
1763,173,690,1252,125,145,0.64,3,1.0
1763,174,654,811,129,101,0.39,3,1.0
1764,171,402,385,222,209,0.93,3,1.0
1764,173,679,1256,118,140,0.56,3,1.0
1764,174,644,813,126,100,0.46,3,1.0
1765,171,387,388,222,209,0.94,3,1.0
1765,173,665,1263,108,132,0.56,3,1.0
1765,174,631,815,123,100,0.51,3,1.0
1766,171,377,390,222,210,0.95,3,1.0
1766,173,655,1266,106,129,0.59,3,1.0
1766,174,622,815,121,101,0.59,3,1.0
1767,171,364,394,221,209,0.95,3,1.0
1767,173,640,1269,101,126,0.64,3,1.0
1767,174,615,815,119,103,0.68,3,1.0
1768,171,356,397,221,208,0.95,3,1.0
1768,173,636,1269,100,126,0.67,3,1.0
1768,174,612,816,120,103,0.67,3,1.0
1769,171,346,401,221,207,0.94,3,1.0
1769,173,626,1270,100,126,0.71,3,1.0
1769,174,606,816,121,104,0.66,3,1.0
1770,171,340,404,221,206,0.94,3,1.0
1770,173,620,1270,101,127,0.68,3,1.0
1770,174,606,816,121,104,0.67,3,1.0
1771,171,331,408,221,206,0.94,3,1.0
1771,173,611,1270,97,129,0.68,3,1.0
1772,171,325,411,222,206,0.94,3,1.0
1772,173,606,1271,92,128,0.68,3,1.0
1773,171,317,417,221,205,0.94,3,1.0
1773,173,602,1270,92,130,0.65,3,1.0
1774,171,311,420,221,205,0.95,3,1.0
1774,173,600,1271,86,129,0.68,3,1.0
1775,171,302,427,221,204,0.95,3,1.0
1775,173,596,1273,76,128,0.74,3,1.0
1776,171,296,432,221,203,0.94,3,1.0
1776,173,596,1274,73,127,0.78,3,1.0
1777,171,289,440,219,200,0.94,3,1.0
1778,171,284,445,220,200,0.94,3,1.0
1779,171,277,453,219,199,0.93,3,1.0
1780,171,273,459,218,197,0.93,3,1.0
1781,171,266,467,218,196,0.93,3,1.0
1781,175,533,1316,82,120,0.73,3,1.0
1782,171,261,472,217,195,0.93,3,1.0
1782,175,534,1316,81,120,0.72,3,1.0
1783,171,253,481,216,194,0.93,3,1.0
1783,175,529,1318,82,121,0.70,3,1.0
1784,171,247,487,217,193,0.93,3,1.0
1784,175,527,1319,83,121,0.69,3,1.0
1785,171,239,495,216,193,0.93,3,1.0
1785,175,523,1320,85,122,0.71,3,1.0
1786,171,234,501,215,192,0.93,3,1.0
1786,175,517,1321,88,125,0.72,3,1.0
1787,171,226,510,215,190,0.93,3,1.0
1787,175,508,1324,91,126,0.71,3,1.0
1788,171,220,514,215,191,0.93,3,1.0
1788,175,502,1326,93,127,0.72,3,1.0
1789,171,212,522,215,190,0.93,3,1.0
1789,175,494,1328,96,130,0.75,3,1.0
1790,171,206,528,216,189,0.93,3,1.0
1790,175,488,1329,97,132,0.77,3,1.0
1791,171,198,536,216,189,0.94,3,1.0
1791,175,480,1333,98,131,0.75,3,1.0
1791,177,936,561,132,131,0.89,2,1.0
1791,176,940,1179,123,123,0.77,2,1.0
1792,171,193,543,216,187,0.93,3,1.0
1792,175,476,1335,97,131,0.75,3,1.0
1792,177,936,562,132,130,0.88,2,1.0
1792,176,940,1179,123,123,0.77,2,1.0
1793,171,186,553,215,186,0.93,3,1.0
1793,175,472,1336,98,131,0.77,3,1.0
1793,177,930,567,129,130,0.89,2,1.0
1793,176,942,1181,114,111,0.84,2,1.0
1794,171,181,560,215,185,0.93,3,1.0
1794,175,470,1337,98,130,0.75,3,1.0
1794,177,927,570,129,129,0.89,2,1.0
1794,176,943,1182,109,105,0.87,2,1.0
1795,171,175,571,214,185,0.93,3,1.0
1795,175,458,1351,99,128,0.67,3,1.0
1795,177,922,575,127,128,0.89,2,1.0
1795,176,941,1184,106,101,0.88,2,1.0
1796,171,172,580,213,183,0.93,3,1.0
1796,175,451,1362,99,128,0.64,3,1.0
1796,177,916,582,124,127,0.89,2,1.0
1796,176,939,1187,100,94,0.91,2,1.0
1797,171,167,593,212,182,0.93,3,1.0
1797,175,441,1373,104,133,0.66,3,1.0
1797,177,907,592,121,125,0.90,2,1.0
1797,176,934,1191,94,88,0.89,3,1.0
1797,179,944,494,120,127,0.76,2,1.0
1797,178,896,1209,117,114,0.65,2,1.0
1798,171,164,602,211,181,0.93,3,1.0
1798,175,439,1373,107,136,0.70,3,1.0
1798,177,901,599,119,123,0.90,2,1.0
1798,176,928,1194,94,88,0.83,3,1.0
1798,179,944,494,120,128,0.76,2,1.0
1798,178,896,1209,117,114,0.65,2,1.0
1799,171,160,614,210,182,0.93,3,1.0
1799,175,437,1378,107,135,0.67,3,1.0
1799,177,893,610,116,120,0.90,2,1.0
1799,176,917,1200,96,87,0.81,3,1.0
1799,179,939,501,121,128,0.72,2,1.0
1799,178,892,1212,116,113,0.68,2,1.0
1800,171,158,622,210,182,0.93,3,1.0
1800,175,434,1384,109,135,0.65,3,1.0
1800,177,888,617,115,119,0.90,2,1.0
1800,176,910,1204,97,87,0.81,3,1.0
1800,179,937,505,121,128,0.71,2,1.0
1800,178,890,1213,116,113,0.70,2,1.0
1801,171,155,635,210,181,0.93,3,1.0
1801,175,430,1392,113,137,0.64,3,1.0
1801,177,881,628,113,117,0.91,2,1.0
1801,176,903,1211,97,85,0.82,3,1.0
1801,179,932,511,121,128,0.73,2,1.0
1801,178,887,1220,113,109,0.73,2,1.0
1801,180,532,1371,142,158,0.48,3,1.0
1802,171,153,643,210,180,0.94,3,1.0
1802,175,427,1401,116,135,0.60,3,1.0
1802,177,876,636,113,114,0.91,2,1.0
1802,176,900,1216,95,84,0.88,3,1.0
1802,179,927,519,120,129,0.75,2,1.0
1802,178,883,1228,110,104,0.76,2,1.0
1802,180,532,1372,142,154,0.49,3,1.0
1803,171,150,655,210,181,0.94,3,1.0
1803,175,424,1412,117,134,0.60,3,1.0
1803,177,869,646,113,114,0.91,2,1.0
1803,176,896,1223,92,83,0.93,3,1.0
1803,179,919,531,120,129,0.76,2,1.0
1803,178,877,1238,109,100,0.76,2,1.0
1803,180,530,1375,142,152,0.61,3,1.0
1804,171,149,664,209,181,0.94,3,1.0
1804,175,422,1418,121,134,0.66,3,1.0
1804,177,865,653,112,113,0.92,2,1.0
1804,176,895,1227,89,83,0.93,3,1.0
1804,179,914,539,120,128,0.79,2,1.0
1804,178,874,1247,106,95,0.74,2,1.0
1804,180,529,1377,143,150,0.67,3,1.0
1805,171,148,678,207,179,0.94,3,1.0
1805,175,420,1428,123,134,0.70,3,1.0
1805,177,859,664,112,111,0.92,2,1.0
1805,176,894,1234,83,81,0.94,3,1.0
1805,179,908,551,118,127,0.80,2,1.0
1805,178,869,1258,102,90,0.73,2,1.0
1805,180,527,1381,143,149,0.69,3,1.0
1806,171,148,687,206,179,0.94,3,1.0
1806,175,418,1436,124,132,0.74,3,1.0
1806,177,856,671,112,110,0.93,2,1.0
1806,176,891,1239,82,81,0.94,3,1.0
1806,179,904,559,118,126,0.78,2,1.0
1806,178,865,1263,102,89,0.71,2,1.0
1806,180,525,1385,144,146,0.74,3,1.0
1807,171,148,699,206,181,0.94,3,1.0
1807,175,417,1446,123,130,0.78,3,1.0
1807,177,851,680,111,111,0.94,2,1.0
1807,176,886,1245,82,81,0.93,3,1.0
1807,179,899,570,116,125,0.77,2,1.0
1807,178,861,1269,102,89,0.64,2,1.0
1807,180,523,1392,143,145,0.77,3,1.0
1808,171,149,708,205,180,0.93,3,1.0
1808,175,416,1451,124,130,0.78,3,1.0
1808,177,847,687,111,110,0.94,2,1.0
1808,176,882,1249,83,80,0.94,3,1.0
1808,179,895,578,115,124,0.78,2,1.0
1808,178,858,1273,101,88,0.61,2,1.0
1808,180,523,1395,142,146,0.73,3,1.0
1809,171,152,720,202,179,0.93,3,1.0
1809,175,415,1460,123,129,0.78,3,1.0
1809,177,843,696,111,110,0.94,2,1.0
1809,176,878,1256,82,79,0.95,3,1.0
1809,179,892,589,113,123,0.79,2,1.0
1809,178,854,1280,100,86,0.58,2,1.0
1809,180,521,1402,143,145,0.74,3,1.0
1810,171,153,728,201,179,0.94,3,1.0
1810,175,415,1465,123,129,0.80,3,1.0
1810,177,841,702,110,110,0.94,2,1.0
1810,176,875,1259,83,80,0.95,3,1.0
1810,179,889,597,113,120,0.82,2,1.0
1810,178,852,1283,100,86,0.53,2,1.0
1810,180,520,1406,143,145,0.75,3,1.0
1811,171,155,739,200,179,0.93,3,1.0
1811,175,415,1472,126,131,0.82,3,1.0
1811,177,838,711,109,110,0.92,2,1.0
1811,176,871,1266,83,79,0.93,3,1.0
1811,179,887,609,111,118,0.80,2,1.0
1811,178,849,1290,98,84,0.50,2,1.0
1811,180,519,1408,144,147,0.75,3,1.0
1812,171,157,745,199,180,0.93,3,1.0
1812,175,416,1477,127,132,0.83,3,1.0
1812,177,837,718,109,108,0.89,2,1.0
1812,176,869,1270,83,79,0.92,3,1.0
1812,179,886,616,110,117,0.76,2,1.0
1812,178,847,1295,95,82,0.51,2,1.0
1812,180,518,1410,145,146,0.78,3,1.0
1813,171,161,756,197,179,0.93,3,1.0
1813,175,417,1483,129,136,0.85,3,1.0
1813,177,836,727,108,107,0.89,2,1.0
1813,176,869,1277,81,78,0.92,3,1.0
1813,179,886,626,108,115,0.77,2,1.0
1813,178,845,1300,94,83,0.58,2,1.0
1813,180,519,1423,145,144,0.73,3,1.0
1813,181,454,24,170,183,0.77,3,1.0
1814,171,164,762,197,180,0.93,3,1.0
1814,175,418,1487,132,139,0.87,3,1.0
1814,177,835,733,108,106,0.89,2,1.0
1814,176,869,1283,81,76,0.92,3,1.0
1814,179,886,632,107,115,0.77,2,1.0
1814,178,845,1303,93,84,0.63,2,1.0
1814,180,523,1432,143,143,0.61,3,1.0
1814,181,454,24,170,183,0.77,3,1.0
1815,171,168,772,196,180,0.92,3,1.0
1815,175,421,1493,134,142,0.88,3,1.0
1815,177,835,741,108,105,0.89,2,1.0
1815,176,870,1290,80,75,0.92,3,1.0
1815,179,886,641,106,114,0.76,2,1.0
1815,178,844,1308,94,85,0.66,2,1.0
1815,180,526,1440,141,142,0.49,3,1.0
1815,181,457,30,170,180,0.79,3,1.0
1816,171,171,780,197,179,0.92,3,1.0
1816,175,423,1498,134,143,0.88,3,1.0
1816,177,835,745,109,106,0.91,2,1.0
1816,176,871,1294,80,76,0.93,3,1.0
1816,179,886,647,106,112,0.80,2,1.0
1816,178,844,1311,96,87,0.67,2,1.0
1816,180,526,1440,141,142,0.49,3,1.0
1816,181,459,32,169,180,0.80,3,1.0
1817,171,175,790,198,179,0.93,3,1.0
1817,175,426,1506,134,144,0.89,3,1.0
1817,177,835,753,110,104,0.93,2,1.0
1817,176,873,1300,79,76,0.93,3,1.0
1817,179,886,651,106,111,0.85,2,1.0
1817,178,844,1314,98,90,0.70,2,1.0
1817,180,526,1440,141,142,0.49,3,1.0
1817,181,463,38,168,178,0.81,3,1.0
1818,171,178,797,198,179,0.93,3,1.0
1818,175,427,1513,135,143,0.88,3,1.0
1818,177,835,757,111,105,0.93,2,1.0
1818,176,873,1303,80,78,0.91,3,1.0
1818,179,886,653,106,111,0.84,2,1.0
1818,178,844,1318,98,90,0.69,2,1.0
1818,180,526,1440,141,142,0.48,3,1.0
1818,181,467,45,168,177,0.82,3,1.0
1819,171,182,807,198,179,0.92,3,1.0
1819,175,430,1522,134,143,0.86,3,1.0
1819,177,835,764,112,105,0.92,2,1.0
1819,176,873,1308,80,79,0.90,3,1.0
1819,179,888,666,105,112,0.74,2,1.0
1819,178,844,1325,97,89,0.71,2,1.0
1819,181,474,57,168,173,0.77,3,1.0
1820,171,185,814,198,179,0.91,3,1.0
1820,175,432,1529,133,142,0.83,3,1.0
1820,177,836,769,111,105,0.91,2,1.0
1820,176,873,1312,81,79,0.89,3,1.0
1820,179,890,674,104,115,0.65,2,1.0
1820,178,845,1329,96,88,0.76,2,1.0
1820,181,479,66,168,171,0.70,3,1.0
1821,171,190,826,197,178,0.89,3,1.0
1821,175,434,1539,132,142,0.74,3,1.0
1821,177,837,777,111,104,0.90,2,1.0
1821,176,873,1318,80,79,0.83,3,1.0
1821,179,891,682,104,118,0.57,2,1.0
1821,178,844,1334,95,89,0.69,2,1.0
1821,181,483,72,167,170,0.67,3,1.0
1822,171,194,834,196,177,0.87,3,1.0
1822,175,436,1545,131,142,0.67,3,1.0
1822,177,837,782,111,104,0.89,2,1.0
1822,176,873,1322,80,79,0.79,3,1.0
1822,179,891,682,104,118,0.57,2,1.0
1822,178,843,1338,96,89,0.60,2,1.0
1822,181,484,76,169,169,0.62,3,1.0
1823,171,197,840,196,182,0.86,3,1.0
1823,175,437,1552,132,145,0.66,3,1.0
1823,177,837,790,111,104,0.89,2,1.0
1823,176,873,1329,79,78,0.77,3,1.0
1823,179,891,691,103,118,0.62,2,1.0
1823,178,842,1341,99,93,0.61,2,1.0
1823,181,493,102,166,166,0.59,3,1.0
1823,182,954,1336,126,136,0.93,2,1.0
1824,171,199,842,196,188,0.87,3,1.0
1824,175,438,1557,133,147,0.68,3,1.0
1824,177,836,796,111,103,0.89,2,1.0
1824,176,872,1334,79,77,0.75,3,1.0
1824,179,890,701,103,117,0.67,2,1.0
1824,178,841,1342,102,96,0.60,2,1.0
1824,181,498,121,162,164,0.67,3,1.0
1824,182,954,1335,126,137,0.93,2,1.0
1825,171,200,848,197,193,0.87,3,1.0
1825,175,437,1565,135,149,0.71,3,1.0
1825,177,835,804,112,102,0.90,2,1.0
1825,176,868,1340,81,80,0.75,3,1.0
1825,179,889,716,101,113,0.67,2,1.0
1825,178,838,1344,106,101,0.59,2,1.0
1825,181,503,147,162,164,0.77,3,1.0
1825,182,953,1339,127,136,0.91,2,1.0
1826,171,198,849,200,199,0.88,3,1.0
1826,175,437,1570,135,150,0.79,3,1.0
1826,177,833,809,113,102,0.91,2,1.0
1826,176,865,1345,83,81,0.80,3,1.0
1826,179,889,719,100,111,0.64,2,1.0
1826,178,836,1346,110,103,0.69,2,1.0
1826,181,503,150,163,164,0.78,3,1.0
1826,182,953,1342,127,135,0.89,2,1.0
1827,171,194,856,204,203,0.89,3,1.0
1827,175,435,1579,137,151,0.87,3,1.0
1827,177,831,817,113,101,0.93,2,1.0
1827,176,863,1351,82,81,0.86,3,1.0
1827,179,887,723,101,113,0.66,2,1.0
1827,178,833,1349,114,106,0.79,2,1.0
1827,181,503,156,165,164,0.79,3,1.0
1827,182,951,1344,128,135,0.90,2,1.0
1827,184,591,1181,78,79,0.51,3,1.0
1828,171,190,864,208,201,0.90,3,1.0
1828,175,434,1585,136,150,0.88,3,1.0
1828,177,828,822,114,100,0.93,2,1.0
1828,176,860,1354,83,82,0.89,3,1.0
1828,179,886,729,99,113,0.66,2,1.0
1828,178,831,1352,114,107,0.78,2,1.0
1828,181,503,165,167,164,0.81,3,1.0
1828,182,949,1348,130,134,0.89,2,1.0
1828,184,591,1181,78,79,0.51,3,1.0
1829,171,188,876,210,198,0.89,3,1.0
1829,175,432,1595,136,148,0.88,3,1.0
1829,177,825,828,114,101,0.93,2,1.0
1829,176,856,1359,84,83,0.90,3,1.0
1829,179,881,737,101,112,0.68,1,1.0
1829,178,829,1357,113,104,0.80,2,1.0
1829,181,504,176,169,164,0.83,3,1.0
1829,182,947,1354,126,126,0.85,2,1.0
1829,184,590,1183,78,81,0.57,3,1.0
1830,171,187,885,211,195,0.88,3,1.0
1830,175,432,1602,134,145,0.88,3,1.0
1830,177,824,832,112,100,0.93,2,1.0
1830,176,856,1362,81,81,0.89,3,1.0
1830,179,877,741,103,114,0.73,1,1.0
1830,178,828,1361,111,100,0.82,2,1.0
1830,181,505,184,168,162,0.85,3,1.0
1830,182,945,1358,122,118,0.82,2,1.0
1830,184,590,1184,77,82,0.60,3,1.0
1831,171,187,897,211,190,0.88,3,1.0
1831,175,431,1610,133,144,0.89,3,1.0
1831,177,821,838,112,99,0.93,2,1.0
1831,176,854,1367,80,79,0.88,3,1.0
1831,179,873,747,104,115,0.73,2,1.0
1831,178,827,1366,109,96,0.84,2,1.0
1831,181,506,194,169,161,0.87,3,1.0
1831,182,942,1362,114,113,0.79,2,1.0
1831,184,590,1186,77,82,0.64,3,1.0
1831,186,540,1639,131,128,0.90,3,1.0
1832,171,190,903,207,188,0.87,3,1.0
1832,175,430,1615,133,142,0.89,3,1.0
1832,177,819,842,113,99,0.93,2,1.0
1832,176,852,1369,81,79,0.85,3,1.0
1832,179,870,751,105,114,0.69,2,1.0
1832,178,826,1369,108,92,0.88,2,1.0
1832,181,507,200,168,161,0.88,3,1.0
1832,182,941,1366,105,107,0.75,2,1.0
1832,184,590,1190,75,81,0.69,3,1.0
1832,186,540,1639,130,128,0.90,3,1.0
1833,171,191,912,205,185,0.86,3,1.0
1833,175,429,1618,134,144,0.89,3,1.0
1833,177,818,845,112,100,0.92,2,1.0
1833,176,849,1372,82,80,0.83,3,1.0
1833,179,869,756,104,113,0.71,2,1.0
1833,178,824,1372,107,90,0.90,3,1.0
1833,181,508,208,170,160,0.87,3,1.0
1833,182,939,1370,97,101,0.67,2,1.0
1833,184,590,1194,74,81,0.75,3,1.0
1833,186,538,1642,132,126,0.89,3,1.0
1834,171,192,918,203,182,0.86,3,1.0
1834,175,429,1618,134,147,0.89,3,1.0
1834,177,817,847,112,101,0.92,2,1.0
1834,176,847,1374,83,80,0.83,3,1.0
1834,179,871,760,101,111,0.71,2,1.0
1834,178,822,1374,107,92,0.89,3,1.0
1834,181,508,213,172,160,0.85,3,1.0
1834,182,937,1372,95,103,0.63,2,1.0
1834,184,590,1196,73,81,0.78,3,1.0
1834,186,537,1643,132,126,0.88,3,1.0
1835,171,195,924,199,181,0.87,3,1.0
1835,175,428,1619,135,149,0.90,3,1.0
1835,177,815,850,114,102,0.92,2,1.0
1835,176,846,1376,83,79,0.83,3,1.0
1835,179,872,764,99,109,0.71,1,1.0
1835,178,821,1376,107,92,0.88,3,1.0
1835,181,511,220,171,159,0.85,3,1.0
1835,182,936,1373,94,106,0.64,2,1.0
1835,184,591,1199,72,81,0.77,3,1.0
1835,186,537,1645,132,125,0.87,3,1.0
1835,180,525,1550,141,146,0.73,3,1.0
1836,171,197,927,197,180,0.88,3,1.0
1836,175,428,1620,135,149,0.90,3,1.0
1836,177,815,850,114,104,0.92,2,1.0
1836,176,845,1376,84,80,0.83,3,1.0
1836,179,874,767,97,107,0.77,1,1.0
1836,178,820,1377,107,95,0.86,3,1.0
1836,181,513,225,171,157,0.85,3,1.0
1836,182,935,1373,97,108,0.64,2,1.0
1836,184,591,1200,72,82,0.74,3,1.0
1836,186,536,1648,132,124,0.85,3,1.0
1836,180,525,1551,141,145,0.74,3,1.0
1836,187,408,0,154,108,0.88,3,1.0
1837,171,201,934,191,175,0.88,3,1.0
1837,175,430,1622,133,148,0.91,3,1.0
1837,177,816,853,112,103,0.92,2,1.0
1837,176,843,1377,85,80,0.84,3,1.0
1837,179,878,772,91,103,0.81,2,1.0
1837,178,819,1379,106,97,0.85,3,1.0
1837,181,517,233,167,152,0.85,3,1.0
1837,182,935,1373,99,108,0.62,2,1.0
1837,184,592,1203,70,81,0.74,3,1.0
1837,186,537,1651,130,123,0.83,3,1.0
1837,180,528,1559,136,135,0.64,3,1.0
1837,187,413,0,147,106,0.89,3,1.0
1837,188,410,1212,80,95,0.40,3,1.0
1838,171,206,937,185,172,0.88,3,1.0
1838,175,432,1624,130,146,0.91,3,1.0
1838,177,816,855,111,101,0.92,2,1.0
1838,176,843,1377,85,80,0.84,3,1.0
1838,179,880,775,88,101,0.80,2,1.0
1838,178,819,1381,105,96,0.85,3,1.0
1838,181,522,237,162,149,0.88,3,1.0
1838,182,935,1373,100,108,0.64,2,1.0
1838,184,593,1206,69,79,0.71,3,1.0
1838,186,539,1653,128,121,0.82,3,1.0
1838,180,530,1561,133,132,0.59,3,1.0
1838,187,415,0,144,105,0.90,3,1.0
1838,188,410,1212,80,95,0.40,3,1.0
1839,171,211,941,179,168,0.88,3,1.0
1839,175,434,1627,127,144,0.92,3,1.0
1839,177,817,859,110,97,0.91,2,1.0
1839,179,882,778,86,99,0.77,2,1.0
1839,178,819,1383,104,95,0.85,3,1.0
1839,181,528,244,156,144,0.90,3,1.0
1839,182,935,1379,106,106,0.68,2,1.0
1839,184,594,1208,67,78,0.70,3,1.0
1839,186,540,1655,126,120,0.82,3,1.0
1839,180,530,1561,133,131,0.60,3,1.0
1839,187,417,0,143,106,0.90,3,1.0
1839,188,410,1214,81,96,0.45,3,1.0
1840,171,213,945,176,164,0.87,3,1.0
1840,175,435,1628,126,143,0.92,3,1.0
1840,177,817,862,109,94,0.92,2,1.0
1840,179,884,781,83,97,0.76,2,1.0
1840,178,818,1384,104,97,0.86,3,1.0
1840,181,531,247,153,142,0.91,3,1.0
1840,182,937,1388,109,102,0.69,2,1.0
1840,184,594,1211,67,75,0.72,3,1.0
1840,186,542,1657,124,119,0.83,3,1.0
1840,180,532,1566,130,124,0.58,3,1.0
1840,187,417,0,144,106,0.90,3,1.0
1840,188,410,1215,81,96,0.47,3,1.0
1840,189,551,0,79,78,0.84,3,1.0
1841,171,214,948,174,162,0.86,3,1.0
1841,175,436,1630,124,141,0.93,3,1.0
1841,177,818,865,106,91,0.92,2,1.0
1841,179,886,784,80,95,0.74,2,1.0
1841,178,818,1386,102,94,0.85,3,1.0
1841,181,535,252,149,138,0.92,3,1.0
1841,182,937,1395,113,99,0.73,2,1.0
1841,184,594,1215,65,72,0.77,3,1.0
1841,186,542,1659,123,117,0.84,3,1.0
1841,180,534,1570,127,119,0.54,3,1.0
1841,187,420,0,140,107,0.91,3,1.0
1841,188,409,1215,86,98,0.47,3,1.0
1841,189,551,0,79,80,0.76,3,1.0
1842,171,214,947,175,164,0.86,3,1.0
1842,175,436,1630,123,142,0.93,3,1.0
1842,177,817,867,107,89,0.92,2,1.0
1842,179,886,785,79,97,0.72,2,1.0
1842,178,817,1387,103,94,0.84,3,1.0
1842,181,536,255,148,137,0.92,3,1.0
1842,182,936,1400,118,99,0.79,2,1.0
1842,184,594,1216,65,71,0.78,3,1.0
1842,186,542,1659,123,118,0.84,3,1.0
1842,180,534,1569,127,119,0.57,3,1.0
1842,187,421,0,140,109,0.92,3,1.0
1842,188,409,1216,90,99,0.49,3,1.0
1842,189,551,0,79,81,0.74,3,1.0
1843,171,211,945,178,170,0.86,3,1.0
1843,175,434,1630,125,144,0.93,3,1.0
1843,177,816,868,107,91,0.92,2,1.0
1843,179,882,786,83,98,0.72,1,1.0
1843,178,816,1387,103,95,0.83,3,1.0
1843,181,535,257,149,139,0.93,3,1.0
1843,182,933,1404,126,101,0.86,2,1.0
1843,184,592,1218,66,71,0.73,3,1.0
1843,186,540,1657,126,122,0.84,3,1.0
1843,180,530,1567,129,124,0.59,3,1.0
1843,187,420,0,141,112,0.92,3,1.0
1843,188,406,1217,91,99,0.53,3,1.0
1843,189,550,0,82,83,0.77,3,1.0
1844,171,208,942,182,176,0.86,3,1.0
1844,175,432,1630,127,146,0.93,3,1.0
1844,177,814,869,108,92,0.92,2,1.0
1844,179,879,786,85,100,0.73,1,1.0
1844,178,814,1388,104,95,0.83,3,1.0
1844,181,534,258,149,141,0.93,3,1.0
1844,182,932,1402,126,105,0.90,2,1.0
1844,184,591,1218,66,72,0.68,3,1.0
1844,186,538,1654,131,126,0.83,3,1.0
1844,180,527,1567,130,128,0.56,3,1.0
1844,187,419,0,142,115,0.92,3,1.0
1844,188,403,1218,93,100,0.57,3,1.0
1844,189,549,0,84,84,0.79,3,1.0
1845,171,203,938,188,185,0.87,3,1.0
1845,175,428,1630,130,149,0.93,3,1.0
1845,177,812,869,109,94,0.91,2,1.0
1845,179,871,787,92,102,0.74,1,1.0
1845,178,813,1389,103,93,0.84,3,1.0
1845,181,530,260,153,145,0.94,3,1.0
1845,182,934,1403,122,106,0.92,2,1.0
1845,184,590,1219,66,72,0.66,3,1.0
1845,186,535,1654,133,129,0.84,3,1.0
1845,180,520,1561,130,139,0.58,3,1.0
1845,187,416,0,145,118,0.92,3,1.0
1845,188,399,1220,97,100,0.63,3,1.0
1845,189,546,0,90,87,0.78,3,1.0
1846,171,199,934,193,193,0.87,3,1.0
1846,175,425,1631,132,150,0.93,3,1.0
1846,177,810,869,110,97,0.90,2,1.0
1846,179,864,788,99,103,0.76,1,1.0
1846,178,817,1390,98,90,0.87,3,1.0
1846,181,527,260,156,149,0.93,3,1.0
1846,182,939,1407,116,104,0.91,2,1.0
1846,184,589,1219,67,73,0.60,3,1.0
1846,186,532,1655,135,130,0.84,3,1.0
1846,180,518,1560,130,140,0.60,3,1.0
1846,187,413,0,148,121,0.92,3,1.0
1846,188,396,1220,97,101,0.68,3,1.0
1846,189,543,0,94,89,0.80,3,1.0
1846,176,804,1394,96,99,0.65,2,1.0
1847,171,194,938,198,194,0.83,3,1.0
1847,175,421,1631,135,153,0.92,3,1.0
1847,177,807,870,112,99,0.90,2,1.0
1847,179,860,789,102,105,0.74,2,1.0
1847,178,819,1391,94,86,0.90,3,1.0
1847,181,522,263,160,151,0.93,3,1.0
1847,182,942,1411,111,102,0.90,2,1.0
1847,184,582,1219,72,78,0.47,3,1.0
1847,186,527,1656,138,132,0.82,3,1.0
1847,180,516,1561,132,140,0.59,3,1.0
1847,187,409,0,151,124,0.92,3,1.0
1847,188,391,1223,97,101,0.74,3,1.0
1847,189,540,0,100,92,0.80,3,1.0
1847,176,802,1394,101,100,0.64,2,1.0
1848,171,192,944,200,191,0.81,3,1.0
1848,175,418,1631,138,154,0.91,3,1.0
1848,177,805,871,113,100,0.91,2,1.0
1848,179,859,790,102,107,0.70,2,1.0
1848,178,823,1392,88,81,0.93,3,1.0
1848,181,519,265,161,152,0.93,3,1.0
1848,182,947,1417,104,97,0.88,2,1.0
1848,184,578,1219,73,81,0.47,3,1.0
1848,186,525,1660,136,129,0.81,3,1.0
1848,180,513,1560,134,142,0.60,3,1.0
1848,187,407,0,151,126,0.92,3,1.0
1848,188,388,1224,99,102,0.76,3,1.0
1848,189,537,0,103,94,0.76,3,1.0
1848,176,801,1394,103,101,0.64,2,1.0
1849,171,188,951,202,188,0.81,3,1.0
1849,175,414,1633,138,154,0.88,3,1.0
1849,177,803,873,112,100,0.91,2,1.0
1849,179,858,792,100,108,0.66,2,1.0
1849,178,825,1393,83,79,0.86,3,1.0
1849,181,515,269,163,152,0.92,3,1.0
1849,182,950,1423,97,93,0.86,2,1.0
1849,184,572,1221,75,83,0.44,3,1.0
1849,186,520,1665,135,126,0.83,3,1.0
1849,180,509,1561,135,141,0.58,3,1.0
1849,187,404,0,152,129,0.93,3,1.0
1849,188,383,1226,100,102,0.79,3,1.0
1849,189,533,0,107,97,0.67,3,1.0
1849,176,799,1394,104,100,0.71,2,1.0
1850,171,185,960,203,180,0.79,3,1.0
1850,175,411,1634,139,153,0.86,3,1.0
1850,177,801,875,112,99,0.91,2,1.0
1850,179,860,794,96,107,0.61,2,1.0
1850,178,826,1393,80,80,0.78,3,1.0
1850,181,513,272,163,152,0.92,3,1.0
1850,182,947,1425,96,92,0.86,2,1.0
1850,184,571,1222,76,83,0.43,3,1.0
1850,186,518,1666,133,126,0.84,3,1.0
1850,180,506,1562,137,140,0.56,3,1.0
1850,187,402,0,152,131,0.93,3,1.0
1850,188,380,1228,98,101,0.80,3,1.0
1850,189,531,0,105,100,0.56,3,1.0
1850,176,797,1394,106,100,0.76,2,1.0
1851,171,181,969,203,176,0.77,3,1.0
1851,175,406,1636,138,153,0.86,3,1.0
1851,177,799,877,111,99,0.92,2,1.0
1851,179,861,797,92,107,0.60,2,1.0
1851,178,819,1394,84,82,0.78,3,1.0
1851,181,509,276,164,153,0.92,3,1.0
1851,182,942,1428,97,91,0.85,2,1.0
1851,184,571,1222,76,83,0.43,3,1.0
1851,186,513,1669,133,126,0.83,3,1.0
1851,180,503,1564,138,141,0.55,3,1.0
1851,187,400,0,152,134,0.92,3,1.0
1851,188,374,1232,99,100,0.82,3,1.0
1851,189,529,0,107,101,0.51,3,1.0
1851,176,794,1394,108,101,0.76,2,1.0
1851,190,902,1400,92,99,0.62,2,1.0
1852,171,178,971,202,178,0.80,3,1.0
1852,175,404,1638,136,153,0.86,3,1.0
1852,177,797,879,111,99,0.92,2,1.0
1852,179,859,799,92,107,0.64,2,1.0
1852,178,813,1395,87,83,0.77,3,1.0
1852,181,506,279,165,153,0.93,3,1.0
1852,182,939,1430,97,91,0.85,2,1.0
1852,184,571,1223,75,82,0.42,3,1.0
1852,186,511,1671,132,126,0.86,3,1.0
1852,180,501,1566,136,141,0.55,3,1.0
1852,187,398,0,152,136,0.92,3,1.0
1852,188,371,1234,99,99,0.84,3,1.0
1852,189,528,0,105,102,0.44,3,1.0
1852,176,791,1395,110,101,0.75,2,1.0
1852,190,902,1399,93,101,0.63,2,1.0
1853,171,170,971,208,187,0.76,3,1.0
1853,175,400,1640,135,154,0.87,3,1.0
1853,177,795,880,111,101,0.92,2,1.0
1853,179,856,804,92,105,0.68,2,1.0
1853,178,809,1397,88,84,0.75,3,1.0
1853,181,503,285,165,153,0.92,3,1.0
1853,182,930,1432,103,92,0.85,2,1.0
1853,184,569,1225,76,81,0.40,3,1.0
1853,186,506,1674,132,125,0.88,3,1.0
1853,180,497,1568,135,142,0.59,3,1.0
1853,187,395,0,153,140,0.92,3,1.0
1853,188,366,1236,99,99,0.86,3,1.0
1853,189,526,1,103,103,0.34,3,1.0
1853,176,787,1396,111,102,0.79,3,1.0
1853,190,901,1398,95,101,0.53,2,1.0
1853,191,960,1176,115,115,0.92,2,1.0
1854,171,163,970,215,196,0.68,3,1.0
1854,175,397,1642,136,154,0.90,3,1.0
1854,177,794,881,110,102,0.92,2,1.0
1854,179,854,808,93,103,0.73,2,1.0
1854,178,807,1399,88,82,0.82,3,1.0
1854,181,500,288,166,153,0.92,3,1.0
1854,182,925,1434,106,93,0.86,2,1.0
1854,184,566,1230,71,80,0.38,3,1.0
1854,186,504,1675,132,126,0.86,3,1.0
1854,180,496,1571,133,143,0.63,3,1.0
1854,187,394,0,152,142,0.92,3,1.0
1854,188,363,1237,100,102,0.87,3,1.0
1854,189,526,1,97,103,0.28,3,1.0
1854,176,785,1398,110,103,0.76,3,1.0
1854,190,900,1397,97,101,0.48,2,1.0
1854,191,960,1176,115,115,0.92,2,1.0
1855,171,156,972,219,206,0.67,3,1.0
1855,175,393,1645,136,155,0.91,3,1.0
1855,177,792,884,109,103,0.91,2,1.0
1855,179,852,810,94,104,0.78,2,1.0
1855,178,804,1400,89,82,0.90,3,1.0
1855,181,496,295,167,153,0.92,3,1.0
1855,182,922,1438,105,92,0.86,2,1.0
1855,184,560,1240,71,80,0.33,3,1.0
1855,186,499,1678,133,126,0.86,3,1.0
1855,180,492,1578,134,141,0.65,3,1.0
1855,187,391,0,152,147,0.92,3,1.0
1855,188,358,1240,103,103,0.88,3,1.0
1855,176,782,1400,110,104,0.75,2,1.0
1855,190,898,1399,95,99,0.50,2,1.0
1855,191,957,1181,115,113,0.91,2,1.0
1856,171,151,976,222,212,0.66,3,1.0
1856,175,391,1648,136,154,0.91,3,1.0
1856,177,790,887,109,103,0.91,2,1.0
1856,179,853,812,92,102,0.78,2,1.0
1856,178,806,1401,86,81,0.88,3,1.0
1856,181,493,301,167,152,0.92,3,1.0
1856,182,920,1440,104,93,0.87,2,1.0
1856,184,559,1242,73,80,0.33,3,1.0
1856,186,496,1680,133,127,0.86,3,1.0
1856,180,490,1583,134,138,0.66,3,1.0
1856,187,389,1,153,150,0.93,3,1.0
1856,188,354,1243,104,102,0.88,3,1.0
1856,176,780,1403,110,102,0.80,2,1.0
1856,190,895,1399,95,98,0.48,2,1.0
1856,191,956,1184,115,111,0.90,2,1.0
1857,171,147,982,223,202,0.63,3,1.0
1857,175,386,1652,138,155,0.91,3,1.0
1857,177,787,892,108,102,0.89,2,1.0
1857,179,847,825,94,97,0.73,2,1.0
1857,178,809,1404,82,78,0.86,3,1.0
1857,181,490,312,166,151,0.92,3,1.0
1857,182,910,1441,110,96,0.88,2,1.0
1857,184,559,1242,73,80,0.33,3,1.0
1857,186,492,1683,132,128,0.87,3,1.0
1857,180,486,1588,134,137,0.69,3,1.0
1857,187,387,5,152,154,0.93,3,1.0
1857,188,351,1248,103,102,0.89,3,1.0
1857,176,777,1406,109,103,0.85,2,1.0
1857,190,892,1402,97,96,0.41,3,1.0
1857,191,954,1186,114,113,0.89,2,1.0
1858,171,149,990,217,186,0.66,3,1.0
1858,175,383,1656,137,154,0.91,3,1.0
1858,177,785,897,107,100,0.88,2,1.0
1858,179,841,833,97,95,0.69,2,1.0
1858,178,809,1404,82,78,0.86,3,1.0
1858,181,488,320,165,150,0.92,3,1.0
1858,182,906,1442,111,97,0.87,2,1.0
1858,184,559,1242,73,80,0.33,3,1.0
1858,186,488,1686,132,129,0.89,3,1.0
1858,180,484,1591,134,138,0.66,3,1.0
1858,187,385,8,152,157,0.94,3,1.0
1858,188,348,1253,104,100,0.89,3,1.0
1858,176,775,1408,108,103,0.87,2,1.0
1858,190,890,1405,98,95,0.39,3,1.0
1858,191,951,1191,114,112,0.87,2,1.0
1859,171,147,1002,214,174,0.72,3,1.0
1859,175,379,1662,135,152,0.90,3,1.0
1859,177,783,902,106,100,0.87,2,1.0
1859,179,836,842,99,93,0.63,2,1.0
1859,181,485,333,165,149,0.91,3,1.0
1859,182,904,1448,108,96,0.87,2,1.0
1859,184,557,1245,76,81,0.31,3,1.0
1859,186,484,1691,131,129,0.90,3,1.0
1859,180,479,1593,137,141,0.58,3,1.0
1859,187,383,17,152,158,0.94,3,1.0
1859,188,346,1261,102,99,0.88,3,1.0
1859,176,773,1413,106,100,0.89,3,1.0
1859,190,886,1412,94,94,0.46,2,1.0
1859,191,946,1197,115,113,0.86,2,1.0
1860,171,145,1009,214,166,0.72,3,1.0
1860,175,376,1665,134,152,0.90,3,1.0
1860,177,782,904,105,102,0.87,2,1.0
1860,179,836,842,99,93,0.63,2,1.0
1860,181,484,342,165,149,0.91,3,1.0
1860,182,901,1451,108,96,0.86,2,1.0
1860,184,557,1245,76,81,0.31,3,1.0
1860,186,481,1695,131,129,0.90,3,1.0
1860,180,477,1591,137,145,0.56,3,1.0
1860,187,382,24,151,158,0.94,3,1.0
1860,188,345,1266,100,99,0.87,3,1.0
1860,176,772,1416,104,98,0.90,3,1.0
1860,190,884,1417,92,95,0.49,2,1.0
1860,191,943,1200,115,115,0.86,2,1.0
1861,171,142,1021,214,156,0.70,3,1.0
1861,175,372,1671,134,151,0.90,3,1.0
1861,177,780,911,105,102,0.86,2,1.0
1861,179,836,842,99,93,0.63,2,1.0
1861,181,482,357,165,149,0.90,3,1.0
1861,182,890,1452,115,102,0.87,2,1.0
1861,186,477,1701,131,128,0.90,3,1.0
1861,180,473,1602,136,141,0.57,3,1.0
1861,187,380,37,151,157,0.94,3,1.0
1861,188,342,1273,100,100,0.85,3,1.0
1861,176,769,1422,103,97,0.91,2,1.0
1861,190,882,1421,93,95,0.47,3,1.0
1861,191,939,1206,114,118,0.87,2,1.0
1862,171,138,1029,217,163,0.71,3,1.0
1862,175,370,1674,134,150,0.91,3,1.0
1862,177,779,915,105,103,0.86,2,1.0
1862,179,836,842,99,93,0.64,2,1.0
1862,181,481,369,164,148,0.90,3,1.0
1862,182,887,1454,116,105,0.88,2,1.0
1862,186,474,1705,132,127,0.90,3,1.0
1862,180,470,1613,137,136,0.59,3,1.0
1862,187,379,48,151,156,0.95,3,1.0
1862,188,340,1278,100,101,0.83,3,1.0
1862,176,767,1426,102,95,0.91,2,1.0
1862,190,880,1424,90,96,0.54,3,1.0
1862,191,936,1210,114,121,0.88,2,1.0
1863,171,135,1042,217,169,0.73,3,1.0
1863,175,367,1679,134,150,0.91,3,1.0
1863,177,777,919,105,107,0.85,2,1.0
1863,181,478,387,164,147,0.89,3,1.0
1863,182,883,1458,116,108,0.90,2,1.0
1863,186,470,1712,131,125,0.89,3,1.0
1863,180,464,1623,139,133,0.65,3,1.0
1863,187,378,65,150,153,0.94,3,1.0
1863,188,338,1286,99,101,0.83,3,1.0
1863,176,764,1432,101,95,0.90,3,1.0
1863,190,877,1432,82,96,0.68,2,1.0
1863,191,931,1218,114,122,0.89,2,1.0
1864,171,136,1052,213,171,0.74,3,1.0
1864,175,366,1683,134,150,0.92,3,1.0
1864,177,775,924,106,108,0.83,2,1.0
1864,181,475,400,164,145,0.89,3,1.0
1864,182,874,1457,123,114,0.91,2,1.0
1864,186,468,1717,130,125,0.89,3,1.0
1864,180,462,1636,137,126,0.80,3,1.0
1864,187,377,78,149,152,0.94,3,1.0
1864,188,336,1292,99,100,0.84,3,1.0
1864,176,760,1437,103,96,0.88,3,1.0
1864,190,877,1432,82,96,0.68,2,1.0
1864,191,928,1224,114,123,0.89,2,1.0
1865,171,138,1066,208,171,0.77,3,1.0
1865,175,364,1689,135,149,0.93,3,1.0
1865,177,774,928,106,108,0.82,2,1.0
1865,181,472,421,162,142,0.89,3,1.0
1865,182,869,1464,124,115,0.91,2,1.0
1865,186,464,1725,130,124,0.89,3,1.0
1865,180,461,1636,137,130,0.82,3,1.0
1865,187,376,97,148,149,0.94,3,1.0
1865,188,334,1301,100,99,0.82,3,1.0
1865,176,757,1443,103,98,0.88,3,1.0
1865,191,924,1233,113,125,0.90,2,1.0
1866,171,141,1075,203,172,0.82,3,1.0
1866,175,363,1693,134,148,0.92,3,1.0
1866,177,773,929,106,110,0.80,2,1.0
1866,181,469,435,161,140,0.89,3,1.0
1866,182,868,1473,122,112,0.89,2,1.0
1866,186,462,1730,129,125,0.89,3,1.0
1866,180,459,1635,137,136,0.85,3,1.0
1866,187,375,111,148,146,0.93,3,1.0
1866,188,333,1307,102,99,0.81,3,1.0
1866,176,755,1448,103,97,0.89,3,1.0
1866,191,922,1239,113,126,0.91,2,1.0
1867,171,145,1089,197,175,0.85,3,1.0
1867,175,362,1699,134,149,0.91,3,1.0
1867,177,772,930,107,114,0.78,2,1.0
1867,181,467,456,160,137,0.89,3,1.0
1867,182,867,1485,119,107,0.87,2,1.0
1867,186,460,1738,127,125,0.88,3,1.0
1867,180,457,1637,136,140,0.88,3,1.0
1867,187,374,131,147,143,0.93,3,1.0
1867,188,332,1315,104,100,0.82,3,1.0
1867,176,753,1454,104,99,0.88,3,1.0
1867,191,918,1252,113,124,0.91,2,1.0
1868,171,147,1098,194,178,0.88,3,1.0
1868,175,361,1704,135,149,0.90,3,1.0
1868,177,772,932,107,112,0.77,2,1.0
1868,181,466,471,159,135,0.89,3,1.0
1868,182,867,1494,117,103,0.85,2,1.0
1868,186,458,1743,128,124,0.87,3,1.0
1868,180,456,1639,135,144,0.87,3,1.0
1868,187,374,144,147,142,0.93,3,1.0
1868,188,332,1320,106,102,0.81,3,1.0
1868,176,752,1458,104,100,0.88,3,1.0
1868,191,916,1261,113,123,0.91,2,1.0
1869,171,154,1112,187,181,0.89,3,1.0
1869,175,360,1711,136,148,0.89,3,1.0
1869,177,773,985,102,105,0.64,2,1.0
1869,181,465,492,157,133,0.89,3,1.0
1869,182,865,1503,116,102,0.84,2,1.0
1869,186,456,1751,128,125,0.87,3,1.0
1869,180,455,1647,134,143,0.86,3,1.0
1869,187,373,163,148,139,0.92,3,1.0
1869,188,332,1328,111,104,0.77,3,1.0
1869,176,751,1466,103,98,0.89,3,1.0
1869,191,914,1271,114,125,0.91,2,1.0
1870,171,159,1121,182,182,0.88,3,1.0
1870,175,360,1716,135,148,0.89,3,1.0
1870,177,773,985,102,105,0.64,2,1.0
1870,181,465,506,157,131,0.89,3,1.0
1870,182,860,1506,120,104,0.84,2,1.0
1870,186,455,1756,128,126,0.86,3,1.0
1870,180,455,1656,133,138,0.84,3,1.0
1870,187,373,175,148,138,0.92,3,1.0
1870,188,332,1333,114,105,0.77,3,1.0
1870,176,750,1470,103,98,0.89,3,1.0
1870,191,912,1278,116,126,0.91,2,1.0
1870,192,500,220,87,86,0.91,3,1.0
1871,171,161,1135,180,182,0.89,3,1.0
1871,175,360,1723,134,147,0.88,3,1.0
1871,177,773,992,104,104,0.63,2,1.0
1871,181,467,528,154,128,0.89,3,1.0
1871,182,857,1511,121,107,0.86,2,1.0
1871,186,454,1764,128,126,0.86,3,1.0
1871,180,455,1664,131,137,0.83,3,1.0
1871,187,374,193,147,137,0.92,3,1.0
1871,188,332,1343,113,104,0.79,3,1.0
1871,176,750,1478,101,97,0.89,2,1.0
1871,191,910,1292,115,124,0.89,2,1.0
1871,192,500,234,88,87,0.89,3,1.0
1872,171,162,1145,179,181,0.90,3,1.0
1872,175,360,1727,132,146,0.88,3,1.0
1872,177,772,994,107,105,0.62,2,1.0
1872,181,468,542,152,126,0.88,3,1.0
1872,182,855,1514,123,110,0.87,2,1.0
1872,186,453,1769,128,127,0.87,3,1.0
1872,180,456,1671,130,135,0.82,3,1.0
1872,187,374,206,147,135,0.92,3,1.0
1872,188,333,1351,110,100,0.78,3,1.0
1872,176,750,1484,100,94,0.90,2,1.0
1872,191,910,1299,113,125,0.87,2,1.0
1872,192,500,239,89,87,0.88,3,1.0
1873,171,164,1158,178,180,0.90,3,1.0
1873,175,361,1734,131,145,0.88,3,1.0
1873,177,772,1001,105,102,0.59,2,1.0
1873,181,474,563,146,125,0.83,3,1.0
1873,182,853,1520,124,112,0.88,2,1.0
1873,186,453,1775,126,128,0.85,3,1.0
1873,180,456,1681,129,131,0.78,3,1.0
1873,187,376,225,145,133,0.93,3,1.0
1873,188,335,1361,106,98,0.75,3,1.0
1873,176,751,1491,97,94,0.90,3,1.0
1873,191,909,1303,114,127,0.86,2,1.0
1873,192,502,249,88,87,0.87,3,1.0
1874,171,161,1166,182,180,0.92,3,1.0
1874,175,362,1738,130,145,0.88,3,1.0
1874,177,772,1009,104,100,0.55,2,1.0
1874,181,479,578,140,123,0.79,3,1.0
1874,182,853,1525,123,112,0.89,2,1.0
1874,186,453,1779,125,128,0.83,3,1.0
1874,180,456,1685,129,131,0.75,3,1.0
1874,187,378,238,144,132,0.93,3,1.0
1874,188,336,1367,101,97,0.74,3,1.0
1874,176,751,1496,97,94,0.90,3,1.0
1874,191,909,1309,111,124,0.84,2,1.0
1874,192,503,256,87,86,0.87,3,1.0
1875,171,160,1178,184,180,0.93,3,1.0
1875,175,363,1744,129,144,0.88,3,1.0
1875,177,772,1015,105,98,0.53,2,1.0
1875,181,480,598,139,122,0.75,3,1.0
1875,182,858,1536,117,109,0.88,2,1.0
1875,186,454,1785,125,127,0.83,3,1.0
1875,180,457,1692,128,129,0.71,3,1.0
1875,187,381,258,143,130,0.93,3,1.0
1875,188,339,1376,95,94,0.76,3,1.0
1875,176,751,1502,96,94,0.89,3,1.0
1875,191,909,1321,107,119,0.81,2,1.0
1875,192,505,274,87,85,0.83,3,1.0
1876,171,161,1186,185,179,0.93,3,1.0
1876,175,364,1748,128,143,0.89,3,1.0
1876,177,772,1019,103,96,0.50,2,1.0
1876,181,480,610,140,124,0.71,3,1.0
1876,182,864,1546,109,103,0.86,2,1.0
1876,186,455,1788,124,126,0.82,3,1.0
1876,180,458,1698,127,126,0.66,3,1.0
1876,187,384,271,141,129,0.93,3,1.0
1876,188,341,1380,93,95,0.77,3,1.0
1876,176,750,1505,97,96,0.88,3,1.0
1876,191,909,1321,108,119,0.81,2,1.0
1876,192,506,286,87,85,0.81,3,1.0
1877,171,165,1198,183,177,0.93,3,1.0
1877,175,365,1753,128,142,0.90,3,1.0
1877,177,772,1027,98,93,0.46,2,1.0
1877,181,482,621,138,123,0.67,3,1.0
1877,182,864,1550,108,106,0.86,2,1.0
1877,186,456,1792,124,125,0.82,3,1.0
1877,180,460,1707,125,121,0.63,3,1.0
1877,187,388,291,140,126,0.93,3,1.0
1877,188,344,1385,92,97,0.78,3,1.0
1877,176,751,1510,97,96,0.88,3,1.0
1877,192,509,304,86,84,0.80,3,1.0
1878,171,167,1205,183,176,0.93,3,1.0
1878,175,366,1756,127,141,0.91,3,1.0
1878,177,772,1027,98,92,0.43,2,1.0
1878,181,479,625,141,125,0.67,3,1.0
1878,182,864,1550,107,110,0.87,2,1.0
1878,186,457,1794,124,124,0.84,3,1.0
1878,180,463,1713,121,118,0.64,3,1.0
1878,187,391,303,140,126,0.93,3,1.0
1878,188,346,1386,91,101,0.81,3,1.0
1878,176,751,1514,97,95,0.89,3,1.0
1878,192,510,316,87,83,0.81,3,1.0
1879,171,171,1215,182,174,0.92,3,1.0
1879,175,369,1759,124,139,0.92,3,1.0
1879,181,472,633,149,128,0.68,3,1.0
1879,182,863,1552,103,112,0.88,2,1.0
1879,186,459,1797,123,123,0.86,3,1.0
1879,180,465,1719,119,115,0.67,3,1.0
1879,187,396,323,139,122,0.93,3,1.0
1879,188,349,1388,92,103,0.86,3,1.0
1879,176,752,1518,96,94,0.91,3,1.0
1879,192,513,334,87,82,0.82,3,1.0
1880,171,175,1221,181,172,0.92,3,1.0
1880,175,371,1760,122,138,0.93,3,1.0
1880,181,473,633,148,128,0.68,3,1.0
1880,182,857,1547,106,120,0.89,2,1.0
1880,186,460,1798,122,122,0.87,3,1.0
1880,180,467,1722,117,114,0.71,3,1.0
1880,187,399,336,138,119,0.93,3,1.0
1880,188,351,1389,94,106,0.87,3,1.0
1880,176,754,1521,95,93,0.92,3,1.0
1880,192,516,347,86,80,0.85,3,1.0
1881,171,179,1230,181,171,0.92,3,1.0
1881,175,374,1761,121,137,0.93,3,1.0
1881,182,852,1545,105,125,0.89,2,1.0
1881,186,462,1799,120,120,0.87,3,1.0
1881,180,472,1722,113,116,0.71,3,1.0
1881,187,404,354,136,116,0.92,3,1.0
1881,188,354,1394,93,104,0.86,3,1.0
1881,176,755,1525,95,92,0.94,3,1.0
1881,192,520,364,85,78,0.88,3,1.0
1882,171,182,1234,180,172,0.92,3,1.0
1882,175,377,1762,119,136,0.93,3,1.0
1882,182,853,1549,98,122,0.86,2,1.0
1882,186,463,1798,119,121,0.87,3,1.0
1882,180,475,1719,111,118,0.66,3,1.0
1882,187,407,365,135,114,0.92,3,1.0
1882,188,357,1399,91,100,0.84,3,1.0
1882,176,757,1527,93,92,0.94,3,1.0
1882,192,524,375,83,76,0.89,3,1.0
1883,171,189,1241,177,171,0.92,3,1.0
1883,175,381,1763,118,133,0.91,3,1.0
1883,182,854,1555,98,119,0.80,2,1.0
1883,186,465,1798,118,121,0.86,3,1.0
1883,180,477,1717,110,120,0.65,3,1.0
1883,187,412,382,133,111,0.92,3,1.0
1883,188,361,1404,90,97,0.82,3,1.0
1883,176,758,1530,94,91,0.95,3,1.0
1883,192,528,391,82,74,0.89,3,1.0
1883,181,492,743,147,124,0.49,3,1.0
1884,171,193,1245,176,171,0.93,3,1.0
1884,175,383,1764,118,130,0.89,3,1.0
1884,182,856,1561,100,113,0.76,2,1.0
1884,186,467,1797,116,121,0.85,3,1.0
1884,180,479,1715,109,122,0.60,3,1.0
1884,187,415,392,132,110,0.92,3,1.0
1884,188,364,1406,90,96,0.80,3,1.0
1884,176,759,1533,93,90,0.95,3,1.0
1884,192,531,400,82,74,0.88,3,1.0
1884,181,493,743,146,124,0.51,3,1.0
1885,171,197,1250,175,171,0.93,3,1.0
1885,175,387,1762,116,129,0.88,3,1.0
1885,182,857,1565,100,110,0.72,2,1.0
1885,186,469,1796,115,121,0.85,3,1.0
1885,180,483,1709,106,128,0.51,3,1.0
1885,187,419,405,132,110,0.92,3,1.0
1885,188,367,1409,89,95,0.79,3,1.0
1885,176,761,1536,92,89,0.96,3,1.0
1885,192,534,414,82,74,0.89,3,1.0
1885,181,493,750,145,115,0.62,3,1.0
1886,171,199,1253,175,170,0.93,3,1.0
1886,175,389,1761,115,128,0.88,3,1.0
1886,182,857,1567,106,109,0.70,2,1.0
1886,186,470,1796,115,119,0.86,3,1.0
1886,180,483,1708,106,129,0.51,3,1.0
1886,187,421,414,132,109,0.92,3,1.0
1886,188,369,1407,91,98,0.81,3,1.0
1886,176,762,1537,91,88,0.97,3,1.0
1886,192,537,422,81,74,0.90,3,1.0
1886,181,494,753,144,111,0.67,3,1.0
1887,171,205,1258,171,167,0.93,3,1.0
1887,175,392,1758,114,127,0.85,3,1.0
1887,182,871,1582,102,98,0.69,2,1.0
1887,186,471,1795,114,118,0.84,3,1.0
1887,187,423,427,132,108,0.92,3,1.0
1887,188,372,1408,91,98,0.78,3,1.0
1887,176,764,1539,90,86,0.96,3,1.0
1887,192,539,435,81,73,0.90,3,1.0
1887,181,494,759,143,108,0.72,3,1.0
1888,171,207,1261,171,166,0.93,3,1.0
1888,175,393,1754,114,129,0.85,3,1.0
1888,182,883,1593,89,90,0.73,2,1.0
1888,186,472,1795,113,116,0.82,3,1.0
1888,187,424,435,132,107,0.93,3,1.0
1888,188,374,1409,89,97,0.75,3,1.0
1888,176,765,1541,88,84,0.95,3,1.0
1888,192,540,443,80,72,0.90,3,1.0
1888,181,495,768,141,102,0.80,3,1.0
1889,171,210,1265,169,164,0.93,3,1.0
1889,175,395,1753,112,126,0.84,3,1.0
1889,182,888,1601,83,85,0.78,2,1.0
1889,186,473,1793,112,115,0.82,3,1.0
1889,187,425,447,131,105,0.93,3,1.0
1889,188,377,1412,85,94,0.74,3,1.0
1889,176,766,1542,86,83,0.92,3,1.0
1889,192,540,455,80,71,0.92,3,1.0
1889,181,495,778,139,99,0.87,3,1.0
1890,171,213,1267,167,164,0.93,3,1.0
1890,175,396,1755,111,122,0.82,3,1.0
1890,182,884,1601,87,86,0.80,2,1.0
1890,186,473,1792,112,114,0.81,3,1.0
1890,187,425,455,131,104,0.93,3,1.0
1890,188,378,1413,84,94,0.70,3,1.0
1890,176,767,1543,84,82,0.89,3,1.0
1890,192,540,462,80,70,0.91,3,1.0
1890,181,494,785,139,100,0.89,3,1.0
1891,171,218,1270,162,161,0.93,3,1.0
1891,175,397,1754,110,118,0.80,3,1.0
1891,182,878,1596,92,91,0.83,2,1.0
1891,186,474,1789,111,113,0.82,3,1.0
1891,187,425,467,129,102,0.93,3,1.0
1891,188,379,1414,83,92,0.65,3,1.0
1891,176,768,1544,83,81,0.87,3,1.0
1891,192,540,472,78,69,0.90,3,1.0
1891,181,492,793,139,104,0.90,3,1.0
1892,171,218,1271,162,160,0.93,3,1.0
1892,175,398,1754,108,115,0.80,3,1.0
1892,182,869,1591,101,96,0.86,2,1.0
1892,186,474,1786,111,112,0.84,3,1.0
1892,187,425,474,128,101,0.92,3,1.0
1892,188,380,1413,82,93,0.64,3,1.0
1892,176,768,1544,82,81,0.85,3,1.0
1892,192,540,479,76,68,0.91,3,1.0
1892,181,490,798,139,106,0.90,3,1.0
1893,171,221,1272,158,158,0.94,3,1.0
1893,175,400,1754,105,109,0.77,3,1.0
1893,182,861,1584,107,102,0.90,2,1.0
1893,186,474,1781,109,111,0.84,3,1.0
1893,187,425,483,126,99,0.92,3,1.0
1893,188,381,1414,81,90,0.60,3,1.0
1893,176,768,1544,81,81,0.81,3,1.0
1893,192,539,488,75,67,0.90,3,1.0
1893,181,489,805,137,108,0.90,3,1.0
1894,171,224,1272,154,156,0.94,3,1.0
1894,175,401,1751,103,106,0.74,3,1.0
1894,182,856,1578,110,106,0.91,2,1.0
1894,186,474,1778,108,108,0.82,3,1.0
1894,187,425,489,125,98,0.92,3,1.0
1894,188,382,1415,79,86,0.55,3,1.0
1894,176,768,1544,81,81,0.81,3,1.0
1894,192,538,493,74,66,0.89,3,1.0
1894,181,488,810,135,107,0.90,3,1.0
1895,171,227,1272,149,152,0.93,3,1.0
1895,175,402,1745,102,104,0.70,3,1.0
1895,182,852,1571,111,110,0.92,2,1.0
1895,186,475,1772,105,105,0.79,3,1.0
1895,187,425,497,123,95,0.92,3,1.0
1895,188,383,1415,78,85,0.53,3,1.0
1895,192,536,500,73,65,0.89,3,1.0
1895,181,486,815,132,106,0.90,3,1.0
1895,191,880,1526,79,77,0.70,3,1.0
1896,171,229,1270,146,150,0.93,3,1.0
1896,175,403,1742,101,101,0.65,3,1.0
1896,182,852,1569,110,109,0.92,2,1.0
1896,186,475,1769,103,103,0.75,3,1.0
1896,187,425,500,122,95,0.91,3,1.0
1896,188,384,1416,77,82,0.50,3,1.0
1896,192,534,503,74,65,0.89,3,1.0
1896,181,485,817,128,104,0.89,3,1.0
1896,191,879,1526,80,77,0.72,3,1.0
1897,171,232,1268,142,147,0.92,3,1.0
1897,175,404,1735,100,99,0.59,3,1.0
1897,182,854,1570,105,102,0.88,2,1.0
1897,186,475,1762,102,100,0.72,3,1.0
1897,187,424,504,121,94,0.91,3,1.0
1897,188,386,1418,73,78,0.43,3,1.0
1897,192,532,507,74,64,0.89,3,1.0
1897,181,483,819,126,103,0.88,3,1.0
1897,191,879,1526,80,77,0.72,3,1.0
1898,171,233,1266,141,146,0.91,3,1.0
1898,175,405,1728,100,100,0.55,3,1.0
1898,182,857,1572,101,97,0.84,2,1.0
1898,186,475,1756,102,101,0.72,3,1.0
1898,187,424,506,120,94,0.91,3,1.0
1898,188,386,1418,73,78,0.43,3,1.0
1898,192,531,508,74,64,0.91,3,1.0
1898,181,480,819,126,103,0.88,3,1.0
1898,191,879,1526,80,77,0.72,3,1.0
1899,171,233,1262,140,143,0.91,3,1.0
1899,175,405,1718,100,100,0.56,3,1.0
1899,182,856,1570,100,94,0.84,2,1.0
1899,186,475,1749,101,98,0.74,3,1.0
1899,187,422,508,119,94,0.90,3,1.0
1899,192,529,510,73,64,0.93,3,1.0
1899,181,477,819,126,102,0.88,3,1.0
1899,191,879,1526,80,77,0.72,3,1.0
1899,193,761,1513,81,79,0.90,3,1.0
1900,171,232,1258,141,143,0.91,3,1.0
1900,175,405,1711,101,100,0.59,3,1.0
1900,182,855,1566,99,94,0.83,2,1.0
1900,186,475,1743,100,98,0.77,3,1.0
1900,187,420,509,119,94,0.91,3,1.0
1900,192,527,511,73,63,0.94,3,1.0
1900,181,475,819,126,100,0.88,3,1.0
1900,191,870,1549,85,79,0.67,3,1.0
1900,193,761,1512,81,80,0.90,3,1.0
1901,171,232,1254,141,141,0.92,3,1.0
1901,175,405,1700,100,101,0.64,3,1.0
1901,182,853,1560,99,94,0.82,2,1.0
1901,186,474,1735,99,95,0.79,3,1.0
1901,187,417,510,118,93,0.91,3,1.0
1901,192,524,512,72,63,0.95,3,1.0
1901,181,471,819,126,99,0.88,3,1.0
1901,191,861,1572,90,81,0.60,2,1.0
1901,193,760,1509,80,80,0.92,3,1.0
1902,171,231,1251,141,139,0.93,3,1.0
1902,175,404,1694,101,100,0.70,3,1.0
1902,182,848,1550,102,101,0.86,2,1.0
1902,186,473,1729,97,94,0.80,3,1.0
1902,187,415,512,117,92,0.91,3,1.0
1902,192,521,513,72,62,0.95,3,1.0
1902,181,468,819,125,98,0.89,3,1.0
1902,191,861,1572,90,81,0.60,2,1.0
1902,193,759,1507,81,80,0.93,3,1.0
1903,171,229,1246,141,138,0.93,3,1.0
1903,175,403,1685,99,99,0.74,3,1.0
1903,182,842,1541,103,104,0.89,2,1.0
1903,186,472,1720,95,93,0.77,3,1.0
1903,187,411,514,116,90,0.90,3,1.0
1903,192,516,515,71,61,0.95,3,1.0
1903,181,463,820,124,95,0.89,3,1.0
1903,191,861,1572,90,81,0.60,2,1.0
1903,193,758,1504,80,80,0.93,3,1.0
1904,171,228,1242,140,138,0.93,3,1.0
1904,175,402,1680,99,98,0.73,3,1.0
1904,182,839,1536,103,105,0.88,2,1.0
1904,186,470,1714,95,93,0.72,3,1.0
1904,187,408,516,116,89,0.90,3,1.0
1904,192,513,517,70,60,0.94,3,1.0
1904,181,459,820,124,94,0.89,3,1.0
1904,191,861,1572,90,81,0.60,2,1.0
1904,193,757,1501,79,79,0.94,3,1.0
1905,171,225,1237,141,138,0.93,3,1.0
1905,175,400,1673,98,95,0.71,3,1.0
1905,182,834,1528,101,108,0.88,2,1.0
1905,186,467,1705,94,92,0.72,3,1.0
1905,187,403,519,115,88,0.90,3,1.0
1905,192,507,519,69,59,0.93,3,1.0
1905,181,452,819,124,97,0.89,3,1.0
1905,193,754,1496,78,79,0.96,3,1.0
1906,171,223,1234,142,137,0.93,3,1.0
1906,175,399,1669,96,93,0.68,3,1.0
1906,182,831,1524,99,109,0.88,2,1.0
1906,186,464,1700,94,90,0.73,3,1.0
1906,187,398,521,115,88,0.89,3,1.0
1906,192,502,520,70,60,0.92,3,1.0
1906,181,447,819,125,98,0.89,3,1.0
1906,193,752,1493,78,78,0.96,3,1.0
1907,171,219,1230,142,137,0.93,3,1.0
1907,175,395,1660,95,94,0.66,3,1.0
1907,182,825,1519,94,109,0.88,2,1.0
1907,186,460,1692,93,89,0.63,3,1.0
1907,187,391,523,115,89,0.89,3,1.0
1907,192,494,522,70,61,0.89,3,1.0
1907,181,438,818,127,100,0.89,3,1.0
1907,193,749,1490,77,77,0.96,3,1.0
1907,194,374,1356,64,71,0.58,3,1.0
1908,171,216,1227,143,137,0.93,3,1.0
1908,175,392,1653,94,96,0.65,3,1.0
1908,182,821,1515,89,110,0.89,2,1.0
1908,186,456,1686,93,88,0.56,3,1.0
1908,187,386,524,115,90,0.90,3,1.0
1908,192,488,523,71,62,0.86,3,1.0
1908,181,432,818,127,103,0.90,3,1.0
1908,193,746,1488,77,76,0.96,3,1.0
1908,194,374,1356,64,71,0.58,3,1.0
1909,171,213,1223,141,136,0.93,3,1.0
1909,175,390,1649,93,96,0.64,3,1.0
1909,182,815,1509,82,111,0.83,2,1.0
1909,186,453,1682,92,87,0.55,3,1.0
1909,187,379,527,114,88,0.90,3,1.0
1909,192,480,525,71,62,0.86,3,1.0
1909,181,423,817,127,105,0.90,3,1.0
1909,193,743,1484,75,76,0.96,3,1.0
1909,194,372,1355,64,69,0.48,3,1.0
1910,171,211,1221,139,135,0.93,3,1.0
1910,175,389,1645,92,98,0.65,3,1.0
1910,182,811,1507,76,109,0.77,2,1.0
1910,186,452,1679,92,89,0.45,3,1.0
1910,187,374,528,113,88,0.90,3,1.0
1910,192,474,526,71,63,0.86,3,1.0
1910,181,417,818,126,103,0.90,3,1.0
1910,193,740,1483,75,75,0.96,3,1.0
1910,194,372,1354,63,69,0.43,3,1.0
1911,171,206,1217,140,134,0.93,3,1.0
1911,175,386,1637,91,103,0.66,3,1.0
1911,182,808,1506,71,107,0.73,2,1.0
1911,186,449,1675,92,89,0.26,3,1.0
1911,187,368,530,112,86,0.90,3,1.0
1911,192,467,527,70,63,0.87,3,1.0
1911,181,409,818,125,102,0.91,3,1.0
1911,193,738,1480,73,73,0.96,3,1.0
1911,194,371,1349,64,71,0.46,3,1.0
1912,171,203,1214,142,133,0.92,3,1.0
1912,175,386,1637,91,103,0.66,3,1.0
1912,182,807,1505,68,107,0.68,2,1.0
1912,186,449,1675,92,89,0.27,3,1.0
1912,187,365,532,111,84,0.90,3,1.0
1912,192,463,528,69,61,0.88,3,1.0
1912,181,405,818,123,101,0.91,3,1.0
1912,193,736,1478,72,72,0.97,3,1.0
1912,194,370,1343,64,73,0.46,3,1.0
1913,171,201,1209,140,132,0.92,3,1.0
1913,175,376,1603,84,94,0.72,3,1.0
1913,182,804,1502,64,107,0.57,2,1.0
1913,187,360,533,109,83,0.90,3,1.0
1913,192,458,529,68,60,0.91,3,1.0
1913,181,399,819,120,97,0.91,3,1.0
1913,193,735,1475,70,71,0.96,3,1.0
1913,194,369,1339,63,72,0.44,6,1.0
1914,171,199,1206,141,131,0.92,3,1.0
1914,175,376,1603,84,94,0.72,3,1.0
1914,182,804,1502,64,107,0.56,2,1.0
1914,187,357,533,110,82,0.90,3,1.0
1914,192,455,530,67,59,0.91,3,1.0
1914,181,396,820,118,95,0.90,3,1.0
1914,193,734,1472,70,71,0.95,3,1.0
1914,194,369,1337,62,70,0.49,6,1.0
1915,171,197,1203,140,128,0.92,3,1.0
1915,175,376,1603,84,94,0.72,3,1.0
1915,187,353,534,109,81,0.90,3,1.0
1915,192,450,531,67,57,0.92,3,1.0
1915,181,389,819,117,94,0.90,3,1.0
1915,193,732,1469,69,70,0.93,3,1.0
1915,194,367,1331,61,71,0.53,3,1.0
1916,171,197,1201,136,127,0.91,3,1.0
1916,175,376,1603,84,94,0.72,3,1.0
1916,187,350,534,109,81,0.90,3,1.0
1916,192,446,531,67,58,0.92,3,1.0
1916,181,385,819,116,94,0.89,3,1.0
1916,193,731,1467,68,70,0.90,3,1.0
1916,194,365,1329,60,71,0.51,3,1.0
1917,171,195,1198,132,124,0.91,3,1.0
1917,175,376,1603,84,94,0.72,3,1.0
1917,187,345,535,107,80,0.91,3,1.0
1917,192,440,532,66,56,0.93,3,1.0
1917,181,377,820,115,91,0.89,3,1.0
1917,193,730,1466,68,70,0.88,3,1.0
1917,194,365,1330,57,68,0.49,6,1.0
1918,171,192,1196,130,122,0.91,3,1.0
1918,175,376,1603,84,94,0.73,3,1.0
1918,187,341,536,106,78,0.92,3,1.0
1918,192,436,532,65,55,0.94,3,1.0
1918,181,372,820,114,90,0.88,3,1.0
1918,193,729,1465,68,70,0.87,3,1.0
1918,194,363,1327,57,70,0.50,6,1.0
1919,171,188,1193,127,119,0.91,3,1.0
1919,187,335,537,105,76,0.92,3,1.0
1919,192,428,532,66,54,0.93,3,1.0
1919,181,363,818,115,90,0.89,3,1.0
1919,193,726,1464,69,70,0.84,3,1.0
1919,194,361,1322,56,74,0.47,3,1.0
1920,171,184,1191,126,117,0.90,3,1.0
1920,187,331,537,103,75,0.91,3,1.0
1920,192,423,532,66,53,0.91,3,1.0
1920,181,358,817,114,90,0.89,3,1.0
1920,193,726,1463,69,71,0.83,3,1.0
1920,194,361,1322,56,74,0.47,3,1.0
1921,171,176,1187,126,116,0.90,3,1.0
1921,187,323,535,103,76,0.91,3,1.0
1921,192,414,530,67,53,0.90,3,1.0
1921,181,348,815,114,89,0.89,3,1.0
1921,195,886,689,192,144,0.90,3,1.0
1922,171,169,1185,126,115,0.89,3,1.0
1922,187,317,532,104,79,0.89,3,1.0
1922,192,408,528,67,54,0.88,3,1.0
1922,181,340,812,116,91,0.90,3,1.0
1922,195,886,689,192,144,0.90,3,1.0
1923,171,160,1180,126,115,0.87,3,1.0
1923,187,309,529,103,81,0.88,3,1.0
1923,192,398,525,68,56,0.83,3,1.0
1923,181,329,808,114,92,0.89,3,1.0
1923,195,870,688,192,145,0.88,3,1.0
1924,171,154,1176,125,115,0.85,3,1.0
1924,187,302,526,103,84,0.86,3,1.0
1924,192,391,523,68,56,0.79,3,1.0
1924,181,321,806,112,91,0.88,3,1.0
1924,195,862,688,192,146,0.87,3,1.0
1925,171,149,1174,124,115,0.84,3,1.0
1925,187,291,523,104,85,0.86,3,1.0
1925,192,380,521,68,57,0.78,3,1.0
1925,181,308,801,112,93,0.88,3,1.0
1925,195,850,688,193,144,0.86,3,1.0
1926,171,146,1172,124,115,0.83,3,1.0
1926,187,283,522,104,84,0.87,3,1.0
1926,192,373,519,67,58,0.76,3,1.0
1926,181,300,798,111,94,0.88,3,1.0
1926,195,833,688,194,143,0.84,3,1.0
1927,171,142,1167,123,116,0.81,3,1.0
1927,187,273,520,104,84,0.87,3,1.0
1927,192,362,518,67,58,0.76,3,1.0
1927,181,288,794,110,94,0.87,3,1.0
1927,195,811,688,192,140,0.83,3,1.0
1928,171,142,1167,123,116,0.81,3,1.0
1928,187,265,520,107,83,0.89,3,1.0
1928,192,354,516,68,60,0.79,3,1.0
1928,181,280,791,112,96,0.87,3,1.0
1928,195,800,687,189,138,0.83,3,1.0
1929,187,255,519,107,82,0.89,3,1.0
1929,192,344,515,68,59,0.81,3,1.0
1929,181,270,789,107,95,0.84,3,1.0
1929,195,782,686,188,136,0.84,3,1.0
1930,187,250,519,106,82,0.88,3,1.0
1930,192,338,515,68,58,0.82,3,1.0
1930,181,263,789,102,93,0.81,3,1.0
1930,195,771,684,186,136,0.86,3,1.0
1931,187,242,519,104,80,0.86,3,1.0
1931,192,329,514,67,57,0.80,3,1.0
1931,181,258,789,99,91,0.79,3,1.0
1931,195,754,683,181,135,0.88,3,1.0
1931,196,684,1339,77,86,0.97,2,1.0
1932,187,237,520,101,78,0.85,3,1.0
1932,192,323,514,66,56,0.77,3,1.0
1932,181,255,789,95,91,0.76,3,1.0
1932,195,742,682,179,135,0.88,3,1.0
1932,196,684,1339,77,86,0.97,2,1.0
1933,187,228,520,99,77,0.84,3,1.0
1933,192,314,514,66,54,0.76,3,1.0
1933,181,250,791,86,87,0.71,3,1.0
1933,195,722,681,179,135,0.89,3,1.0
1933,196,680,1338,77,87,0.96,2,1.0
1933,197,659,1427,56,66,0.90,3,1.0
1934,187,222,520,98,76,0.84,3,1.0
1934,192,307,514,67,54,0.76,3,1.0
1934,181,250,791,86,87,0.72,3,1.0
1934,195,709,680,178,135,0.89,3,1.0
1934,196,678,1338,78,87,0.96,2,1.0
1934,197,659,1426,56,67,0.90,3,1.0
1935,187,214,520,96,75,0.82,3,1.0
1935,192,297,514,67,54,0.74,3,1.0
1935,195,690,680,174,134,0.89,3,1.0
1935,196,674,1337,78,88,0.95,2,1.0
1935,197,657,1426,55,65,0.78,3,1.0
1935,186,359,1482,89,106,0.83,3,1.0
1936,187,208,520,96,74,0.82,3,1.0
1936,192,290,514,68,55,0.74,3,1.0
1936,195,676,680,174,134,0.90,3,1.0
1936,196,669,1337,77,88,0.94,2,1.0
1936,197,656,1426,55,64,0.72,3,1.0
1936,186,359,1482,89,106,0.84,3,1.0
1937,187,198,521,93,73,0.81,3,1.0
1937,192,281,514,68,56,0.74,3,1.0
1937,195,657,681,173,134,0.90,3,1.0
1937,196,661,1336,77,89,0.91,2,1.0
1937,197,653,1425,56,64,0.68,3,1.0
1937,186,356,1481,90,104,0.74,3,1.0
1938,187,193,521,88,73,0.80,3,1.0
1938,192,275,514,68,56,0.72,3,1.0
1938,195,644,683,173,132,0.90,3,1.0
1938,196,655,1337,76,88,0.89,2,1.0
1938,197,650,1425,56,62,0.61,3,1.0
1938,186,354,1481,91,103,0.69,3,1.0
1939,187,185,521,87,74,0.80,3,1.0
1939,192,267,515,68,57,0.75,3,1.0
1939,195,625,683,172,133,0.91,3,1.0
1939,196,647,1336,74,89,0.87,2,1.0
1939,197,648,1424,56,61,0.54,3,1.0
1939,186,353,1479,90,103,0.72,3,1.0
1940,187,180,521,86,75,0.80,3,1.0
1940,192,262,516,68,57,0.79,3,1.0
1940,195,612,682,173,134,0.91,3,1.0
1940,196,641,1336,73,89,0.86,2,1.0
1940,197,647,1424,56,60,0.54,3,1.0
1940,186,351,1478,89,102,0.72,3,1.0
1941,187,171,522,84,76,0.76,3,1.0
1941,192,254,517,67,57,0.80,3,1.0
1941,195,593,682,174,136,0.91,3,1.0
1941,196,632,1336,69,89,0.83,2,1.0
1941,197,644,1424,58,58,0.55,3,1.0
1941,186,348,1475,87,102,0.67,3,1.0
1942,187,166,522,84,78,0.73,3,1.0
1942,192,249,518,66,57,0.82,3,1.0
1942,195,579,681,175,138,0.91,3,1.0
1942,196,626,1336,67,88,0.81,2,1.0
1942,197,645,1423,57,59,0.55,3,1.0
1942,186,347,1473,85,103,0.68,3,1.0
1943,187,163,522,85,80,0.71,3,1.0
1943,192,241,520,66,56,0.84,3,1.0
1943,195,560,681,175,140,0.91,3,1.0
1943,196,622,1336,65,88,0.80,2,1.0
1943,186,344,1470,84,106,0.71,3,1.0
1944,187,160,523,84,80,0.67,3,1.0
1944,192,237,521,65,56,0.83,3,1.0
1944,195,547,683,174,140,0.91,3,1.0
1944,196,620,1336,63,88,0.78,2,1.0
1944,186,341,1469,84,107,0.69,3,1.0
1945,187,149,527,82,78,0.57,3,1.0
1945,192,229,523,65,55,0.78,3,1.0
1945,195,528,686,171,139,0.91,3,1.0
1945,196,615,1336,60,87,0.75,2,1.0
1945,186,336,1467,84,108,0.65,3,1.0
1946,187,142,530,85,76,0.51,3,1.0
1946,192,224,525,65,55,0.72,3,1.0
1946,195,516,689,168,138,0.91,3,1.0
1946,196,615,1336,60,87,0.75,2,1.0
1946,186,333,1466,83,107,0.67,3,1.0
1947,187,131,535,83,76,0.52,3,1.0
1947,192,217,527,65,55,0.70,3,1.0
1947,195,496,692,165,137,0.91,3,1.0
1947,186,329,1465,84,108,0.69,3,1.0
1948,187,130,536,79,77,0.55,3,1.0
1948,192,211,529,65,55,0.68,3,1.0
1948,195,483,695,162,135,0.91,3,1.0
1948,186,328,1465,83,106,0.68,3,1.0
1949,187,130,536,79,77,0.55,3,1.0
1949,192,204,532,64,55,0.67,3,1.0
1949,195,465,702,155,129,0.91,3,1.0
1949,186,326,1464,81,104,0.67,3,1.0
1950,187,128,537,76,78,0.57,3,1.0
1950,192,199,533,63,55,0.71,3,1.0
1950,195,452,706,153,126,0.90,3,1.0
1950,186,326,1464,81,104,0.67,3,1.0
1951,187,125,539,70,79,0.65,3,1.0
1951,192,193,535,62,55,0.78,3,1.0
1951,195,435,711,148,123,0.90,3,1.0
1952,187,125,539,70,79,0.65,3,1.0
1952,192,189,537,62,54,0.81,3,1.0
1952,195,424,715,145,119,0.90,3,1.0
1953,192,183,538,61,53,0.74,3,1.0
1953,195,409,718,141,116,0.89,3,1.0
1954,192,180,538,60,54,0.64,3,1.0
1954,195,399,718,139,116,0.89,3,1.0
1955,192,177,539,61,53,0.59,3,1.0
1955,195,384,718,138,116,0.89,3,1.0
1956,192,176,539,60,53,0.50,3,1.0
1956,195,374,717,138,117,0.89,3,1.0
1957,192,173,539,60,52,0.31,3,1.0
1957,195,358,716,137,116,0.89,3,1.0
1957,198,943,1304,122,133,0.90,1,1.0
1958,192,173,539,60,52,0.30,3,1.0
1958,195,348,715,137,116,0.89,3,1.0
1958,198,943,1304,122,133,0.90,1,1.0
1959,195,333,713,137,116,0.88,3,1.0
1959,198,940,1305,124,134,0.89,1,1.0
1959,199,890,1253,112,110,0.90,1,1.0
1959,200,585,1481,98,86,0.88,2,1.0
1960,195,323,712,136,114,0.87,3,1.0
1960,198,939,1306,124,134,0.89,1,1.0
1960,199,890,1253,112,110,0.90,1,1.0
1960,200,585,1481,98,86,0.88,2,1.0
1961,195,308,711,131,112,0.81,3,1.0
1961,198,937,1308,124,133,0.89,1,1.0
1961,199,886,1254,114,112,0.91,1,1.0
1961,200,583,1482,98,86,0.88,2,1.0
1961,201,808,1345,144,92,0.70,1,1.0
1962,195,300,711,125,110,0.76,3,1.0
1962,198,934,1310,125,134,0.89,1,1.0
1962,199,884,1255,115,112,0.91,1,1.0
1962,200,582,1482,99,87,0.88,2,1.0
1962,201,807,1345,145,92,0.71,1,1.0
1963,195,293,710,122,109,0.73,3,1.0
1963,198,931,1313,125,134,0.89,1,1.0
1963,199,881,1257,117,112,0.92,1,1.0
1963,200,580,1483,99,87,0.89,2,1.0
1963,201,807,1345,145,92,0.71,1,1.0
1964,195,290,710,118,108,0.69,3,1.0
1964,198,929,1316,126,134,0.90,1,1.0
1964,199,877,1259,119,113,0.93,1,1.0
1964,200,577,1484,100,88,0.90,2,1.0
1964,201,807,1345,145,92,0.71,1,1.0
1965,195,282,711,111,106,0.61,3,1.0
1965,198,927,1321,126,134,0.88,1,1.0
1965,199,872,1263,122,114,0.93,1,1.0
1965,200,574,1484,100,91,0.91,2,1.0
1965,201,818,1349,131,93,0.70,1,1.0
1966,195,282,711,111,106,0.65,3,1.0
1966,198,926,1324,125,135,0.87,1,1.0
1966,199,869,1266,123,114,0.94,1,1.0
1966,200,572,1483,100,94,0.92,2,1.0
1966,201,829,1354,117,93,0.70,1,1.0
1967,195,226,721,126,113,0.88,3,1.0
1967,198,925,1329,125,136,0.85,1,1.0
1967,199,866,1271,125,115,0.94,1,1.0
1967,200,569,1486,101,94,0.92,2,1.0
1967,201,822,1354,120,104,0.74,1,1.0
1968,195,226,721,126,113,0.88,3,1.0
1968,198,924,1333,126,137,0.83,1,1.0
1968,199,864,1274,126,116,0.95,1,1.0
1968,200,568,1488,101,95,0.91,2,1.0
1968,201,813,1350,129,111,0.77,1,1.0
1969,195,222,723,126,116,0.87,3,1.0
1969,198,924,1339,126,138,0.81,1,1.0
1969,199,862,1280,127,116,0.94,1,1.0
1969,200,566,1491,101,97,0.90,2,1.0
1969,201,807,1349,135,117,0.76,1,1.0
1970,195,220,724,126,117,0.86,3,1.0
1970,198,923,1344,127,138,0.80,1,1.0
1970,199,862,1285,127,115,0.94,1,1.0
1970,200,565,1495,101,97,0.89,2,1.0
1970,201,796,1347,146,125,0.76,1,1.0
1971,195,215,726,126,118,0.84,3,1.0
1971,198,923,1351,128,139,0.79,1,1.0
1971,199,860,1291,129,116,0.93,1,1.0
1971,200,564,1501,102,96,0.88,2,1.0
1971,201,784,1338,158,143,0.72,1,1.0
1972,195,209,729,126,120,0.82,3,1.0
1972,198,923,1356,128,139,0.78,1,1.0
1972,199,859,1296,130,115,0.91,1,1.0
1972,200,564,1505,101,95,0.89,2,1.0
1972,201,783,1332,160,154,0.65,1,1.0
1973,195,205,731,125,122,0.81,3,1.0
1973,198,922,1365,130,139,0.77,1,1.0
1973,199,857,1302,132,117,0.90,1,1.0
1973,200,562,1511,102,95,0.89,2,1.0
1973,201,782,1329,161,161,0.60,1,1.0
1973,202,223,1510,69,78,0.69,3,1.0
1974,195,202,733,125,122,0.80,3,1.0
1974,198,920,1370,132,140,0.77,1,1.0
1974,199,855,1307,133,118,0.90,1,1.0
1974,200,561,1516,102,94,0.89,2,1.0
1974,201,781,1324,163,168,0.57,1,1.0
1974,202,223,1509,69,79,0.70,3,1.0
1975,195,183,740,121,119,0.80,3,1.0
1975,198,919,1378,132,141,0.76,1,1.0
1975,199,852,1314,136,118,0.90,1,1.0
1975,200,559,1523,102,92,0.90,2,1.0
1975,201,780,1313,165,184,0.50,1,1.0
1975,202,220,1512,69,77,0.56,3,1.0
1975,203,532,1035,91,78,0.73,1,1.0
1976,195,171,745,117,114,0.83,3,1.0
1976,198,917,1383,134,142,0.76,1,1.0
1976,199,850,1319,137,118,0.92,1,1.0
1976,200,557,1528,102,91,0.90,2,1.0
1976,201,779,1337,161,173,0.48,1,1.0
1976,202,219,1513,69,76,0.50,3,1.0
1976,203,532,1035,91,78,0.73,1,1.0
1977,195,147,749,115,113,0.79,3,1.0
1977,198,914,1391,134,143,0.76,1,1.0
1977,199,846,1325,138,121,0.93,1,1.0
1977,200,552,1530,104,96,0.89,2,1.0
1977,201,780,1379,152,153,0.39,1,1.0
1977,202,219,1513,69,76,0.50,3,1.0
1977,203,532,1035,91,78,0.73,1,1.0
1978,195,141,749,116,114,0.75,3,1.0
1978,198,912,1396,135,144,0.75,1,1.0
1978,199,844,1330,138,121,0.93,1,1.0
1978,200,549,1529,105,101,0.89,2,1.0
1978,201,788,1394,143,141,0.51,1,1.0
1978,202,218,1514,68,76,0.43,3,1.0
1978,203,532,1035,91,78,0.73,1,1.0
1979,195,130,751,116,113,0.74,3,1.0
1979,198,908,1404,136,146,0.75,1,1.0
1979,199,839,1338,139,120,0.94,1,1.0
1979,200,543,1532,107,105,0.90,2,1.0
1979,201,783,1396,145,145,0.60,1,1.0
1979,202,215,1517,69,73,0.29,3,1.0
1979,203,532,1035,91,78,0.73,1,1.0
1980,195,115,753,117,114,0.71,3,1.0
1980,198,904,1409,137,148,0.76,1,1.0
1980,199,835,1343,139,121,0.94,1,1.0
1980,200,539,1532,107,110,0.89,2,1.0
1980,201,780,1397,147,148,0.65,1,1.0
1980,202,215,1517,69,73,0.30,3,1.0
1980,203,532,1035,91,78,0.72,1,1.0
1981,195,104,754,118,114,0.68,3,1.0
1981,198,898,1416,139,150,0.78,2,1.0
1981,199,828,1350,140,122,0.93,1,1.0
1981,200,532,1533,108,116,0.90,2,1.0
1981,201,777,1414,144,141,0.72,1,1.0
1982,195,98,756,118,113,0.69,3,1.0
1982,198,894,1421,140,151,0.81,2,1.0
1982,199,822,1355,142,123,0.94,1,1.0
1982,200,526,1537,110,117,0.90,2,1.0
1982,201,773,1424,144,137,0.83,1,1.0
1983,195,84,759,118,112,0.71,3,1.0
1983,198,888,1428,141,154,0.85,1,1.0
1983,199,814,1362,143,124,0.93,1,1.0
1983,200,519,1546,110,116,0.85,2,1.0
1983,201,761,1429,151,142,0.84,1,1.0
1984,195,85,759,118,112,0.72,3,1.0
1984,198,883,1432,143,156,0.87,1,1.0
1984,199,808,1365,145,126,0.93,1,1.0
1984,200,514,1552,111,115,0.79,2,1.0
1984,201,757,1439,150,138,0.84,1,1.0
1985,198,877,1438,144,159,0.89,1,1.0
1985,199,800,1371,148,130,0.93,1,1.0
1985,200,506,1555,114,120,0.79,2,1.0
1985,201,753,1451,148,135,0.83,1,1.0
1986,198,873,1443,146,161,0.89,1,1.0
1986,199,795,1375,150,131,0.92,1,1.0
1986,200,502,1558,115,123,0.78,2,1.0
1986,201,751,1454,147,139,0.83,1,1.0
1987,198,868,1450,148,164,0.88,1,1.0
1987,199,790,1382,150,133,0.92,1,1.0
1987,200,496,1564,116,124,0.75,2,1.0
1987,201,743,1453,152,149,0.84,1,1.0
1988,198,866,1455,148,165,0.86,1,1.0
1988,199,787,1387,151,133,0.93,1,1.0
1988,200,492,1564,118,129,0.77,2,1.0
1988,201,738,1450,155,158,0.86,1,1.0
1989,198,862,1463,150,165,0.81,1,1.0
1989,199,783,1393,152,135,0.93,1,1.0
1989,200,488,1566,121,134,0.80,2,1.0
1989,201,733,1449,157,167,0.87,1,1.0
1990,198,860,1467,150,166,0.78,1,1.0
1990,199,780,1396,154,137,0.94,1,1.0
1990,200,486,1572,123,132,0.77,2,1.0
1990,201,726,1445,162,176,0.89,1,1.0
1991,198,857,1473,152,168,0.78,1,1.0
1991,199,777,1402,154,138,0.93,1,1.0
1991,200,483,1578,126,132,0.77,2,1.0
1991,201,719,1444,165,184,0.91,1,1.0
1992,198,854,1477,153,168,0.80,1,1.0
1992,199,774,1406,155,139,0.93,1,1.0
1992,200,481,1582,129,133,0.81,2,1.0
1992,201,717,1447,165,186,0.90,1,1.0
1993,198,852,1482,154,171,0.78,1,1.0
1993,199,771,1411,156,141,0.92,1,1.0
1993,200,478,1588,134,134,0.84,2,1.0
1993,201,717,1452,161,187,0.85,1,1.0
1994,198,850,1485,155,172,0.78,1,1.0
1994,199,769,1416,156,141,0.92,1,1.0
1994,200,476,1592,136,134,0.87,2,1.0
1994,201,717,1454,160,189,0.81,1,1.0
1995,198,847,1489,157,176,0.77,1,1.0
1995,199,766,1421,156,142,0.92,1,1.0
1995,200,472,1603,130,129,0.87,2,1.0
1995,201,717,1460,157,189,0.80,1,1.0
1996,198,846,1493,158,177,0.74,1,1.0
1996,199,764,1424,156,144,0.93,1,1.0
1996,200,470,1613,122,122,0.85,2,1.0
1996,201,717,1464,156,190,0.79,1,1.0
1997,198,844,1498,159,179,0.72,1,1.0
1997,199,760,1429,157,144,0.93,1,1.0
1997,200,467,1624,119,116,0.83,2,1.0
1997,201,716,1468,155,192,0.79,2,1.0
1998,198,842,1501,160,181,0.74,1,1.0
1998,199,758,1432,158,145,0.93,1,1.0
1998,200,466,1633,115,110,0.81,2,1.0
1998,201,713,1471,156,194,0.84,2,1.0
1999,198,841,1505,161,183,0.78,2,1.0
1999,199,755,1435,159,146,0.93,1,1.0
1999,200,463,1639,109,108,0.79,2,1.0
1999,201,709,1476,159,195,0.88,1,1.0
1999,204,687,1346,127,157,0.63,2,1.0
2000,198,841,1508,161,184,0.82,2,1.0
2000,199,754,1438,160,146,0.93,1,1.0
2000,200,461,1640,111,110,0.80,2,1.0
2000,201,706,1477,161,198,0.90,1,1.0
2000,204,688,1346,127,157,0.60,2,1.0
2001,198,841,1511,162,186,0.85,1,1.0
2001,199,753,1441,161,146,0.93,1,1.0
2001,200,459,1640,116,114,0.81,2,1.0
2001,201,703,1479,163,200,0.90,1,1.0
2001,204,687,1346,129,155,0.58,2,1.0
2002,198,841,1512,163,188,0.86,1,1.0
2002,199,753,1442,161,147,0.93,1,1.0
2002,200,458,1638,117,118,0.82,2,1.0
2002,201,703,1480,163,201,0.88,1,1.0
2002,204,687,1346,129,153,0.54,2,1.0
2003,198,842,1513,164,190,0.87,1,1.0
2003,199,752,1443,163,148,0.94,1,1.0
2003,200,456,1637,118,122,0.84,2,1.0
2003,201,701,1480,166,203,0.88,1,1.0
2003,204,686,1345,129,153,0.57,2,1.0
2004,198,842,1514,165,190,0.87,1,1.0
2004,199,751,1442,164,150,0.94,1,1.0
2004,200,455,1638,122,123,0.85,2,1.0
2004,201,700,1479,168,205,0.88,1,1.0
2004,204,685,1344,130,152,0.58,2,1.0
2005,198,841,1513,167,192,0.87,1,1.0
2005,199,750,1439,165,152,0.93,1,1.0
2005,200,453,1638,126,125,0.87,2,1.0
2005,201,699,1477,169,206,0.86,1,1.0
2005,204,683,1342,132,152,0.63,2,1.0
2005,205,546,1150,104,116,0.67,2,1.0
2006,198,840,1512,169,193,0.86,1,1.0
2006,199,748,1436,167,153,0.93,1,1.0
2006,200,452,1639,125,123,0.89,2,1.0
2006,201,697,1477,171,205,0.86,1,1.0
2006,204,682,1339,132,154,0.67,2,1.0
2006,205,546,1149,104,117,0.67,2,1.0
2007,198,839,1508,170,194,0.86,1,1.0
2007,199,746,1432,169,154,0.93,1,1.0
2007,200,450,1638,125,123,0.91,2,1.0
2007,201,694,1473,173,206,0.86,1,1.0
2007,204,681,1335,131,149,0.74,2,1.0
2007,205,545,1146,105,116,0.70,2,1.0
2008,198,837,1505,172,195,0.85,1,1.0
2008,199,745,1428,169,154,0.93,1,1.0
2008,200,450,1637,124,121,0.92,2,1.0
2008,201,693,1471,174,205,0.84,1,1.0
2008,204,681,1332,131,144,0.77,2,1.0
2008,205,544,1144,106,116,0.71,2,1.0
2009,198,836,1499,172,196,0.86,1,1.0
2009,199,743,1421,170,154,0.93,1,1.0
2009,200,448,1632,123,122,0.90,2,1.0
2009,201,691,1465,174,205,0.84,1,1.0
2009,204,681,1327,130,143,0.75,2,1.0
2009,205,543,1140,106,116,0.74,2,1.0
2010,198,836,1494,172,197,0.87,1,1.0
2010,199,742,1416,170,154,0.94,1,1.0
2010,200,447,1627,122,124,0.87,2,1.0
2010,201,689,1459,175,206,0.86,1,1.0
2010,204,681,1323,128,140,0.70,2,1.0
2010,205,541,1136,107,116,0.77,2,1.0
2011,198,834,1486,173,198,0.85,1,1.0
2011,199,740,1407,169,155,0.95,1,1.0
2011,200,445,1623,118,123,0.84,2,1.0
2011,201,684,1450,178,207,0.87,1,1.0
2011,204,679,1316,129,133,0.69,2,1.0
2011,205,537,1129,109,115,0.81,2,1.0
2012,198,833,1481,173,198,0.84,1,1.0
2012,199,738,1401,169,155,0.95,1,1.0
2012,200,443,1621,114,121,0.80,2,1.0
2012,201,680,1444,181,207,0.89,1,1.0
2012,204,678,1312,128,132,0.67,2,1.0
2012,205,533,1124,111,115,0.82,2,1.0
2013,198,830,1473,173,197,0.85,1,1.0
2013,199,733,1390,171,156,0.94,1,1.0
2013,200,440,1610,114,126,0.73,2,1.0
2013,201,675,1434,183,208,0.88,1,1.0
2013,204,676,1308,129,134,0.64,2,1.0
2013,205,529,1117,112,114,0.84,2,1.0
2014,198,827,1466,174,198,0.83,1,1.0
2014,199,730,1383,171,157,0.94,1,1.0
2014,200,438,1603,114,129,0.68,2,1.0
2014,201,671,1428,185,208,0.84,1,1.0
2014,204,676,1306,128,130,0.67,2,1.0
2014,205,525,1113,113,113,0.84,2,1.0
2015,198,822,1456,175,198,0.83,1,1.0
2015,199,724,1372,172,157,0.94,1,1.0
2015,200,436,1600,114,129,0.66,2,1.0
2015,201,666,1417,186,209,0.83,1,1.0
2015,204,670,1292,124,118,0.67,2,1.0
2015,205,520,1105,114,112,0.82,2,1.0
2016,198,819,1450,174,197,0.86,1,1.0
2016,199,721,1364,171,158,0.94,1,1.0
2016,200,434,1593,118,134,0.63,2,1.0
2016,201,663,1409,187,210,0.82,1,1.0
2016,204,666,1283,120,113,0.63,2,1.0
2016,205,517,1100,114,112,0.81,2,1.0
2017,198,813,1439,174,196,0.88,1,1.0
2017,199,715,1352,171,158,0.94,1,1.0
2017,200,429,1576,109,138,0.60,2,1.0
2017,201,659,1400,185,208,0.82,1,1.0
2017,204,662,1273,116,109,0.59,2,1.0
2017,205,513,1094,114,108,0.82,2,1.0
2018,198,810,1431,173,196,0.90,1,1.0
2018,199,712,1344,170,159,0.95,1,1.0
2018,200,426,1573,95,133,0.62,2,1.0
2018,201,656,1396,185,205,0.85,1,1.0
2018,204,662,1273,116,109,0.59,2,1.0
2018,205,510,1089,113,107,0.82,2,1.0
2019,198,804,1419,174,196,0.89,1,1.0
2019,199,707,1332,170,158,0.96,1,1.0
2019,200,421,1568,79,126,0.70,2,1.0
2019,201,652,1384,184,205,0.87,1,1.0
2019,204,657,1262,114,109,0.61,2,1.0
2019,205,505,1080,114,107,0.80,2,1.0
2019,206,838,1263,106,153,0.82,2,1.0
2020,198,801,1410,174,197,0.88,1,1.0
2020,199,704,1324,170,158,0.96,1,1.0
2020,200,420,1568,77,123,0.73,2,1.0
2020,201,650,1376,182,204,0.86,1,1.0
2020,204,652,1251,111,109,0.64,2,1.0
2020,205,502,1074,114,107,0.79,2,1.0
2020,206,838,1263,106,153,0.82,2,1.0
2021,198,795,1397,175,197,0.87,1,1.0
2021,199,699,1311,169,157,0.96,1,1.0
2021,200,417,1565,78,122,0.71,2,1.0
2021,201,645,1365,181,203,0.81,1,1.0
2021,204,647,1240,109,108,0.66,2,1.0
2021,205,498,1066,113,106,0.81,2,1.0
2021,206,832,1256,109,151,0.84,2,1.0
2022,198,791,1388,176,197,0.85,1,1.0
2022,199,695,1301,170,158,0.95,1,1.0
2022,200,415,1561,75,121,0.70,2,1.0
2022,201,642,1354,182,205,0.76,1,1.0
2022,204,647,1240,109,108,0.66,2,1.0
2022,205,494,1059,115,106,0.83,2,1.0
2022,206,829,1253,111,150,0.86,2,1.0
2023,198,785,1375,177,197,0.83,1,1.0
2023,199,690,1288,168,157,0.95,1,1.0
2023,200,413,1559,74,119,0.72,2,1.0
2023,201,636,1338,183,208,0.68,1,1.0
2023,204,647,1240,109,108,0.66,2,1.0
2023,205,489,1048,115,107,0.84,2,1.0
2023,206,824,1247,112,150,0.87,2,1.0
2024,198,781,1366,177,197,0.83,1,1.0
2024,199,686,1278,168,157,0.95,1,1.0
2024,200,411,1557,75,119,0.69,2,1.0
2024,201,631,1329,185,209,0.63,1,1.0
2024,204,647,1240,109,108,0.66,2,1.0
2024,205,485,1041,115,106,0.87,2,1.0
2024,206,818,1240,114,148,0.89,2,1.0
2025,198,773,1352,178,197,0.82,1,1.0
2025,199,678,1264,168,156,0.95,1,1.0
2025,200,409,1553,74,119,0.63,2,1.0
2025,201,624,1316,185,208,0.61,1,1.0
2025,205,478,1030,116,106,0.91,2,1.0
2025,206,809,1229,117,145,0.91,2,1.0
2026,198,768,1343,178,197,0.82,1,1.0
2026,199,673,1255,167,156,0.95,1,1.0
2026,200,398,1538,75,120,0.56,2,1.0
2026,201,618,1307,186,208,0.63,1,1.0
2026,205,472,1020,117,109,0.91,2,1.0
2026,206,804,1221,117,145,0.91,2,1.0
2027,198,760,1330,178,196,0.81,1,1.0
2027,199,665,1240,166,156,0.96,1,1.0
2027,200,382,1515,103,121,0.55,2,1.0
2027,201,611,1293,186,209,0.64,2,1.0
2027,205,465,1008,117,110,0.91,2,1.0
2027,206,796,1210,118,144,0.92,2,1.0
2028,198,754,1321,178,197,0.80,1,1.0
2028,199,660,1231,166,156,0.96,1,1.0
2028,200,380,1512,113,121,0.58,2,1.0
2028,201,607,1283,184,210,0.66,2,1.0
2028,205,460,1000,117,110,0.91,2,1.0
2028,206,790,1202,120,144,0.91,2,1.0
2029,198,747,1309,177,195,0.78,1,1.0
2029,199,651,1217,166,156,0.96,1,1.0
2029,200,380,1512,113,121,0.58,2,1.0
2029,201,600,1273,183,206,0.72,2,1.0
2029,205,453,987,117,113,0.92,2,1.0
2029,206,784,1190,120,144,0.91,2,1.0
2030,198,742,1302,176,193,0.77,1,1.0
2030,199,646,1208,165,156,0.96,1,1.0
2030,200,380,1512,113,121,0.58,2,1.0
2030,201,596,1266,182,204,0.74,2,1.0
2030,205,449,980,116,113,0.92,2,1.0
2030,206,779,1183,121,143,0.91,2,1.0
2031,198,734,1290,176,193,0.75,1,1.0
2031,199,639,1195,164,157,0.95,1,1.0
2031,200,376,1506,132,122,0.62,2,1.0
2031,201,589,1253,182,205,0.76,2,1.0
2031,205,443,968,115,115,0.92,2,1.0
2031,206,769,1173,124,142,0.91,2,1.0
2032,198,729,1282,176,192,0.73,1,1.0
2032,199,634,1187,164,156,0.95,1,1.0
2032,200,376,1507,132,121,0.64,2,1.0
2032,201,583,1247,183,203,0.79,2,1.0
2032,205,438,961,116,116,0.93,2,1.0
2032,206,764,1166,125,141,0.91,2,1.0
2033,198,722,1271,176,192,0.73,2,1.0
2033,199,625,1175,164,157,0.94,1,1.0
2033,201,575,1240,183,199,0.81,2,1.0
2033,205,431,953,116,116,0.94,2,1.0
2033,206,755,1155,127,144,0.91,2,1.0
2034,198,717,1264,176,192,0.75,2,1.0
2034,199,620,1168,164,157,0.94,1,1.0
2034,201,569,1234,184,198,0.80,2,1.0
2034,205,426,949,116,114,0.94,2,1.0
2034,206,748,1148,130,146,0.91,2,1.0
2035,198,710,1253,175,193,0.77,1,1.0
2035,199,612,1157,164,157,0.94,1,1.0
2035,201,559,1224,187,199,0.78,2,1.0
2035,205,419,943,116,112,0.94,2,1.0
2035,206,737,1139,133,146,0.91,2,1.0
2035,207,66,1413,92,110,0.89,3,1.0
2036,198,705,1247,175,192,0.80,1,1.0
2036,199,606,1150,164,157,0.94,1,1.0
2036,201,554,1220,187,196,0.76,2,1.0
2036,205,414,940,116,111,0.94,2,1.0
2036,206,732,1134,133,145,0.92,2,1.0
2036,207,66,1412,92,111,0.89,3,1.0
2037,198,698,1238,174,192,0.83,1,1.0
2037,199,598,1141,164,157,0.94,1,1.0
2037,201,546,1214,187,193,0.74,1,1.0
2037,205,408,935,115,109,0.94,2,1.0
2037,206,725,1126,132,145,0.92,2,1.0
2037,207,62,1411,94,111,0.87,3,1.0
2037,208,440,1447,87,95,0.92,3,1.0
2037,200,325,1443,136,134,0.68,2,1.0
2037,209,538,1095,123,104,0.55,1,1.0
2038,198,694,1233,173,191,0.84,1,1.0
2038,199,594,1135,163,157,0.94,1,1.0
2038,201,541,1209,187,193,0.73,1,1.0
2038,205,404,930,115,110,0.93,2,1.0
2038,206,720,1121,132,142,0.93,2,1.0
2038,207,60,1410,95,111,0.85,3,1.0
2038,208,440,1447,87,95,0.92,3,1.0
2038,200,325,1443,136,134,0.67,2,1.0
2038,209,538,1095,123,104,0.55,1,1.0
2039,198,687,1226,173,190,0.82,1,1.0
2039,199,586,1127,163,157,0.94,1,1.0
2039,201,535,1202,187,192,0.73,2,1.0
2039,205,397,925,115,110,0.92,2,1.0
2039,206,713,1114,130,140,0.94,2,1.0
2039,207,57,1409,96,111,0.86,3,1.0
2039,208,437,1444,87,96,0.92,3,1.0
2039,200,322,1439,137,137,0.61,2,1.0
2039,209,538,1095,123,104,0.55,1,1.0
2039,210,132,1248,77,73,0.94,2,1.0
2040,198,683,1221,172,189,0.80,1,1.0
2040,199,581,1122,163,157,0.93,1,1.0
2040,201,532,1198,184,191,0.71,2,1.0
2040,205,393,921,115,110,0.92,2,1.0
2040,206,709,1109,130,140,0.93,2,1.0
2040,207,53,1407,97,112,0.85,3,1.0
2040,208,435,1443,88,96,0.92,3,1.0
2040,200,320,1437,138,138,0.57,2,1.0
2040,209,538,1095,123,104,0.55,1,1.0
2040,210,132,1248,76,73,0.93,2,1.0
2041,198,677,1215,171,188,0.77,1,1.0
2041,199,575,1114,162,157,0.93,1,1.0
2041,201,526,1192,183,190,0.67,2,1.0
2041,205,387,916,115,110,0.92,2,1.0
2041,206,703,1103,129,139,0.93,2,1.0
2041,207,47,1405,98,112,0.83,3,1.0
2041,208,433,1442,88,96,0.93,3,1.0
2041,200,320,1437,138,138,0.57,2,1.0
2041,209,538,1095,123,104,0.55,1,1.0
2041,210,129,1244,79,74,0.89,2,1.0
2042,198,673,1211,171,187,0.74,1,1.0
2042,199,570,1109,163,157,0.93,1,1.0
2042,201,521,1187,185,191,0.66,2,1.0
2042,205,384,914,113,109,0.92,2,1.0
2042,206,699,1100,129,137,0.93,2,1.0
2042,207,43,1404,99,112,0.82,3,1.0
2042,208,430,1439,87,97,0.93,3,1.0
2042,200,318,1435,139,139,0.54,2,1.0
2042,209,538,1095,123,103,0.54,1,1.0
2042,210,127,1242,80,75,0.87,2,1.0
2043,198,667,1204,171,186,0.74,1,1.0
2043,199,564,1102,162,157,0.93,1,1.0
2043,201,516,1181,183,190,0.64,1,1.0
2043,205,378,910,113,108,0.92,2,1.0
2043,206,692,1094,129,138,0.93,2,1.0
2043,207,38,1403,99,111,0.76,3,1.0
2043,208,427,1439,85,93,0.87,3,1.0
2043,200,310,1431,138,136,0.53,2,1.0
2043,209,509,1073,115,107,0.59,1,1.0
2043,210,124,1239,81,76,0.86,2,1.0
2044,198,663,1200,171,186,0.75,1,1.0
2044,199,561,1098,161,157,0.93,1,1.0
2044,201,511,1178,184,188,0.61,1,1.0
2044,205,375,908,112,107,0.92,2,1.0
2044,206,688,1091,130,138,0.93,2,1.0
2044,207,35,1404,98,110,0.69,3,1.0
2044,208,426,1440,82,89,0.81,3,1.0
2044,200,305,1430,136,132,0.59,2,1.0
2044,209,510,1073,113,106,0.59,1,1.0
2044,210,120,1235,82,77,0.85,2,1.0
2045,198,657,1194,170,185,0.78,2,1.0
2045,199,555,1091,161,157,0.93,1,1.0
2045,201,506,1174,183,186,0.63,2,1.0
2045,205,369,904,113,107,0.92,2,1.0
2045,206,682,1087,130,136,0.94,2,1.0
2045,207,30,1403,99,109,0.70,3,1.0
2045,208,421,1438,83,87,0.82,3,1.0
2045,200,300,1430,134,127,0.66,2,1.0
2045,209,506,1070,110,101,0.59,1,1.0
2045,210,115,1229,85,78,0.83,2,1.0
2046,198,653,1189,170,186,0.81,2,1.0
2046,199,550,1088,162,156,0.92,1,1.0
2046,201,503,1172,181,183,0.68,2,1.0
2046,205,366,901,113,107,0.91,2,1.0
2046,206,678,1083,129,136,0.94,2,1.0
2046,207,28,1401,99,110,0.73,3,1.0
2046,208,418,1436,83,87,0.83,3,1.0
2046,200,300,1430,134,127,0.66,2,1.0
2046,209,505,1069,108,99,0.60,1,1.0
2046,210,111,1225,86,80,0.84,2,1.0
2047,198,647,1183,170,186,0.85,1,1.0
2047,199,544,1082,161,156,0.92,1,1.0
2047,201,498,1166,180,182,0.70,1,1.0
2047,205,360,898,113,106,0.91,2,1.0
2047,206,672,1079,130,136,0.93,2,1.0
2047,207,23,1400,99,110,0.74,3,1.0
2047,208,413,1433,83,86,0.82,3,1.0
2047,200,295,1425,135,129,0.60,2,1.0
2047,209,505,1069,108,99,0.60,1,1.0
2047,210,105,1221,88,81,0.86,2,1.0
2048,198,644,1180,168,185,0.86,1,1.0
2048,199,539,1078,162,156,0.92,1,1.0
2048,201,495,1161,179,184,0.71,1,1.0
2048,205,357,895,112,107,0.90,2,1.0
2048,206,667,1076,131,135,0.94,2,1.0
2048,207,20,1398,99,110,0.82,3,1.0
2048,208,409,1428,85,90,0.89,3,1.0
2048,200,289,1420,137,131,0.54,2,1.0
2048,209,503,1068,106,96,0.60,1,1.0
2048,210,101,1218,91,82,0.88,2,1.0
2049,198,637,1176,168,183,0.86,1,1.0
2049,199,532,1073,161,155,0.92,1,1.0
2049,201,489,1155,179,184,0.72,2,1.0
2049,205,351,891,112,108,0.89,2,1.0
2049,206,660,1072,131,134,0.94,2,1.0
2049,207,18,1396,99,111,0.89,3,1.0
2049,208,401,1423,88,92,0.95,3,1.0
2049,200,280,1414,137,133,0.61,2,1.0
2049,209,493,1062,105,91,0.55,1,1.0
2049,210,95,1215,91,81,0.89,2,1.0
2050,198,632,1173,167,183,0.84,1,1.0
2050,199,527,1069,161,155,0.92,1,1.0
2050,201,484,1150,179,185,0.69,2,1.0
2050,205,347,889,112,108,0.88,2,1.0
2050,206,654,1069,132,134,0.93,2,1.0
2050,207,17,1397,97,110,0.89,3,1.0
2050,208,398,1422,86,92,0.94,3,1.0
2050,200,278,1413,136,133,0.67,2,1.0
2050,209,486,1058,108,92,0.49,1,1.0
2050,210,90,1214,90,80,0.91,2,1.0
2051,198,623,1168,168,183,0.83,1,1.0
2051,199,519,1064,160,155,0.92,1,1.0
2051,201,475,1146,180,184,0.69,2,1.0
2051,205,340,887,111,107,0.88,2,1.0
2051,206,645,1065,134,135,0.94,2,1.0
2051,207,13,1397,97,109,0.87,3,1.0
2051,208,391,1421,85,90,0.93,3,1.0
2051,200,274,1412,137,133,0.67,2,1.0
2051,209,475,1051,105,94,0.48,1,1.0
2051,210,82,1211,90,80,0.93,2,1.0
2052,198,617,1165,167,183,0.82,1,1.0
2052,199,512,1061,161,155,0.91,1,1.0
2052,201,468,1145,181,181,0.70,2,1.0
2052,205,334,886,112,107,0.88,2,1.0
2052,206,639,1063,134,135,0.94,2,1.0
2052,207,13,1397,97,109,0.87,3,1.0
2052,208,386,1421,84,88,0.93,3,1.0
2052,200,269,1410,137,133,0.71,2,1.0
2052,209,473,1051,101,93,0.49,1,1.0
2052,210,77,1210,89,79,0.94,2,1.0
2053,198,607,1161,167,182,0.80,1,1.0
2053,199,501,1057,162,154,0.89,1,1.0
2053,201,459,1143,180,178,0.75,2,1.0
2053,205,326,883,111,107,0.87,2,1.0
2053,206,629,1059,135,137,0.93,2,1.0
2053,208,378,1422,81,84,0.84,3,1.0
2053,200,261,1407,136,134,0.75,2,1.0
2053,209,473,1051,101,93,0.49,1,1.0
2053,210,68,1207,90,79,0.94,2,1.0
2054,198,600,1158,168,181,0.81,1,1.0
2054,199,494,1053,162,155,0.88,1,1.0
2054,201,452,1142,179,176,0.79,2,1.0
2054,205,320,882,110,106,0.87,2,1.0
2054,206,623,1057,134,136,0.93,2,1.0
2054,208,373,1424,78,80,0.76,3,1.0
2054,200,255,1405,137,134,0.72,2,1.0
2054,209,471,1050,98,93,0.51,1,1.0
2054,210,61,1203,92,81,0.93,2,1.0
2055,198,590,1153,167,181,0.80,2,1.0
2055,199,483,1049,162,155,0.88,1,1.0
2055,201,441,1141,180,173,0.83,2,1.0
2055,205,310,879,110,106,0.87,2,1.0
2055,206,613,1054,134,136,0.93,2,1.0
2055,208,366,1424,77,78,0.75,3,1.0
2055,200,251,1404,137,134,0.69,2,1.0
2055,209,466,1048,93,94,0.56,1,1.0
2055,210,51,1199,93,83,0.93,2,1.0
2056,198,583,1151,167,180,0.77,2,1.0
2056,199,476,1045,162,156,0.88,1,1.0
2056,201,433,1138,180,174,0.84,2,1.0
2056,205,304,877,110,105,0.86,2,1.0
2056,206,607,1052,133,135,0.92,2,1.0
2056,208,360,1422,78,79,0.74,3,1.0
2056,200,249,1403,137,134,0.70,2,1.0
2056,209,466,1048,93,94,0.53,1,1.0
2056,210,44,1196,94,84,0.92,2,1.0
2057,198,572,1147,166,180,0.75,2,1.0
2057,199,465,1041,161,156,0.89,1,1.0
2057,201,422,1134,180,175,0.86,2,1.0
2057,205,294,874,110,105,0.86,2,1.0
2057,206,596,1049,133,134,0.92,2,1.0
2057,208,352,1421,77,78,0.67,3,1.0
2057,200,244,1401,136,135,0.70,2,1.0
2057,210,32,1192,97,86,0.89,2,1.0
2058,198,565,1145,165,179,0.73,2,1.0
2058,199,458,1038,161,157,0.91,1,1.0
2058,201,414,1132,180,176,0.85,2,1.0
2058,205,287,872,110,105,0.87,2,1.0
2058,206,588,1048,133,130,0.92,2,1.0
2058,208,345,1417,80,81,0.69,3,1.0
2058,200,244,1401,136,135,0.71,2,1.0
2058,210,23,1191,98,85,0.86,2,1.0
2059,198,553,1142,165,178,0.72,2,1.0
2059,199,446,1035,160,157,0.93,1,1.0
2059,201,402,1129,181,176,0.81,2,1.0
2059,205,275,871,111,104,0.85,2,1.0
2059,206,576,1045,133,130,0.92,2,1.0
2059,208,335,1412,83,84,0.77,3,1.0
2059,200,242,1406,92,122,0.64,2,1.0
2059,210,17,1189,99,86,0.86,2,1.0
2060,198,545,1140,165,178,0.73,1,1.0
2060,199,437,1033,161,157,0.94,1,1.0
2060,201,394,1127,181,177,0.78,2,1.0
2060,205,268,871,110,103,0.83,2,1.0
2060,206,569,1044,133,129,0.91,2,1.0
2060,208,328,1410,84,85,0.77,3,1.0
2060,200,242,1406,92,122,0.64,2,1.0
2060,210,13,1189,100,86,0.83,2,1.0
2061,198,533,1138,165,178,0.76,2,1.0
2061,199,424,1031,161,156,0.95,1,1.0
2061,201,381,1125,181,177,0.76,2,1.0
2061,205,256,870,110,103,0.84,2,1.0
2061,206,557,1043,133,128,0.91,2,1.0
2061,208,318,1408,84,86,0.73,3,1.0
2061,200,234,1407,93,122,0.62,2,1.0
2061,210,5,1187,103,87,0.79,2,1.0
2061,211,379,1260,103,109,0.70,3,1.0
2062,198,525,1137,165,177,0.80,2,1.0
2062,199,415,1030,161,156,0.94,1,1.0
2062,201,373,1124,180,177,0.74,2,1.0
2062,205,248,870,110,103,0.84,2,1.0
2062,206,549,1042,133,127,0.91,2,1.0
2062,208,312,1407,85,87,0.76,3,1.0
2062,200,231,1408,93,121,0.61,2,1.0
2062,210,5,1187,103,87,0.79,2,1.0
2062,211,379,1260,103,109,0.70,3,1.0
2063,198,512,1136,165,176,0.81,2,1.0
2063,199,402,1029,161,155,0.94,1,1.0
2063,201,359,1124,182,175,0.71,2,1.0
2063,205,236,869,109,103,0.82,2,1.0
2063,206,537,1041,133,127,0.91,2,1.0
2063,208,302,1406,86,88,0.73,3,1.0
2063,200,225,1414,92,116,0.62,2,1.0
2063,211,379,1260,103,109,0.70,3,1.0
2064,198,503,1135,165,176,0.81,2,1.0
2064,199,393,1028,161,155,0.94,1,1.0
2064,201,350,1124,182,174,0.73,2,1.0
2064,205,228,868,109,104,0.82,2,1.0
2064,206,528,1040,134,127,0.92,2,1.0
2064,208,295,1406,87,88,0.63,3,1.0
2064,200,217,1420,92,111,0.63,2,1.0
2064,211,379,1260,103,109,0.70,3,1.0
2065,198,490,1134,165,175,0.79,1,1.0
2065,199,379,1028,162,154,0.94,1,1.0
2065,201,337,1124,182,173,0.73,2,1.0
2065,205,216,868,109,104,0.81,2,1.0
2065,206,517,1039,133,127,0.92,2,1.0
2065,208,285,1405,86,89,0.60,3,1.0
2065,200,203,1420,95,112,0.67,2,1.0
2065,211,362,1260,106,109,0.69,3,1.0
2066,198,481,1133,165,176,0.74,1,1.0
2066,199,370,1027,162,155,0.94,1,1.0
2066,201,328,1124,183,172,0.71,2,1.0
2066,205,208,869,110,103,0.77,2,1.0
2066,206,509,1039,133,127,0.91,2,1.0
2066,208,278,1405,86,90,0.62,3,1.0
2066,200,194,1420,97,114,0.71,2,1.0
2066,211,346,1260,107,109,0.67,3,1.0
2067,198,467,1132,165,176,0.70,2,1.0
2067,199,356,1027,163,155,0.94,1,1.0
2067,201,314,1125,184,171,0.71,2,1.0
2067,205,196,869,109,103,0.76,2,1.0
2067,206,496,1038,134,128,0.91,2,1.0
2067,208,266,1406,87,89,0.58,3,1.0
2067,200,180,1419,100,117,0.77,2,1.0
2067,211,320,1260,112,109,0.62,3,1.0
2068,198,459,1132,165,176,0.70,2,1.0
2068,199,347,1027,163,155,0.93,1,1.0
2068,201,305,1126,184,170,0.70,2,1.0
2068,205,188,871,109,102,0.78,2,1.0
2068,206,488,1038,133,128,0.91,2,1.0
2068,208,258,1407,88,89,0.60,3,1.0
2068,200,169,1413,105,124,0.81,2,1.0
2068,211,316,1260,112,109,0.58,3,1.0
2069,198,446,1133,164,176,0.69,2,1.0
2069,199,333,1028,163,155,0.90,1,1.0
2069,201,291,1128,185,169,0.72,2,1.0
2069,205,175,872,110,102,0.74,2,1.0
2069,206,475,1038,134,128,0.90,2,1.0
2069,208,246,1407,89,91,0.65,3,1.0
2069,200,154,1409,109,130,0.85,2,1.0
2069,211,308,1260,113,109,0.58,3,1.0
2070,198,438,1134,164,175,0.71,2,1.0
2070,199,324,1028,163,156,0.87,1,1.0
2070,201,282,1130,185,169,0.77,2,1.0
2070,205,167,873,110,102,0.72,2,1.0
2070,206,465,1039,136,128,0.89,2,1.0
2070,208,237,1408,91,92,0.62,3,1.0
2070,200,144,1411,111,130,0.86,2,1.0
2070,211,297,1260,114,110,0.57,3,1.0
2071,198,425,1135,164,175,0.73,1,1.0
2071,199,311,1030,164,156,0.85,1,1.0
2071,201,268,1133,186,169,0.82,2,1.0
2071,205,155,874,109,102,0.75,2,1.0
2071,206,451,1040,137,128,0.89,2,1.0
2071,208,231,1409,91,91,0.57,3,1.0
2071,200,129,1413,115,130,0.88,2,1.0
2071,211,281,1261,116,110,0.60,3,1.0
2072,198,416,1136,164,175,0.72,1,1.0
2072,199,303,1031,163,156,0.84,1,1.0
2072,201,259,1135,186,169,0.85,2,1.0
2072,205,146,876,110,101,0.74,2,1.0
2072,206,441,1042,139,126,0.88,2,1.0
2072,208,227,1407,92,94,0.59,3,1.0
2072,200,119,1415,117,130,0.90,2,1.0
2072,211,271,1262,116,111,0.65,3,1.0
2073,198,404,1138,164,175,0.73,1,1.0
2073,199,290,1033,163,156,0.84,2,1.0
2073,201,246,1137,188,170,0.88,2,1.0
2073,205,134,877,111,102,0.73,2,1.0
2073,206,430,1043,138,126,0.88,2,1.0
2073,208,219,1405,94,98,0.63,3,1.0
2073,200,106,1418,119,130,0.90,2,1.0
2073,211,256,1264,118,112,0.73,3,1.0
2074,198,396,1139,164,175,0.74,1,1.0
2074,199,281,1034,164,157,0.86,2,1.0
2074,201,238,1138,188,170,0.88,2,1.0
2074,205,127,877,111,104,0.78,2,1.0
2074,206,423,1045,138,126,0.88,2,1.0
2074,208,205,1415,86,91,0.57,3,1.0
2074,200,97,1420,121,130,0.90,2,1.0
2074,211,246,1265,120,114,0.78,3,1.0
2075,198,385,1141,164,176,0.73,1,1.0
2075,199,269,1036,164,157,0.86,1,1.0
2075,201,226,1140,189,169,0.87,2,1.0
2075,205,115,878,112,106,0.82,2,1.0
2075,206,412,1046,138,128,0.89,2,1.0
2075,208,185,1428,77,83,0.57,3,1.0
2075,200,85,1422,123,132,0.92,2,1.0
2075,211,232,1268,120,113,0.84,3,1.0
2076,198,377,1143,164,176,0.74,1,1.0
2076,199,261,1038,164,157,0.85,1,1.0
2076,201,218,1142,190,168,0.86,2,1.0
2076,205,107,877,113,109,0.83,2,1.0
2076,206,405,1047,137,129,0.90,2,1.0
2076,208,182,1429,77,82,0.59,3,1.0
2076,200,78,1424,123,133,0.91,2,1.0
2076,211,223,1270,119,112,0.86,3,1.0
2077,198,366,1146,164,175,0.76,1,1.0
2077,199,249,1041,163,157,0.83,1,1.0
2077,201,206,1145,190,168,0.85,2,1.0
2077,205,95,879,114,111,0.79,2,1.0
2077,206,394,1049,138,130,0.91,2,1.0
2077,208,175,1429,79,84,0.64,3,1.0
2077,200,66,1428,125,133,0.92,2,1.0
2077,211,208,1273,120,113,0.88,3,1.0
2078,198,359,1148,163,175,0.77,1,1.0
2078,199,242,1044,163,156,0.81,1,1.0
2078,201,198,1146,190,169,0.85,2,1.0
2078,205,88,881,113,111,0.75,2,1.0
2078,206,386,1051,139,129,0.92,2,1.0
2078,208,170,1428,81,87,0.66,3,1.0
2078,200,57,1429,127,135,0.93,2,1.0
2078,211,199,1276,119,112,0.89,3,1.0
2079,198,348,1150,163,176,0.79,1,1.0
2079,199,230,1047,163,157,0.79,2,1.0
2079,201,185,1149,192,169,0.85,2,1.0
2079,205,76,883,113,111,0.75,2,1.0
2079,206,374,1054,140,130,0.92,2,1.0
2079,208,159,1430,84,89,0.74,3,1.0
2079,200,44,1434,130,134,0.94,2,1.0
2079,211,185,1281,118,110,0.92,3,1.0
2080,198,340,1152,164,176,0.82,1,1.0
2080,199,222,1050,164,156,0.78,2,1.0
2080,201,177,1150,193,171,0.84,2,1.0
2080,205,69,886,112,110,0.74,2,1.0
2080,206,367,1056,141,132,0.92,2,1.0
2080,208,151,1430,86,92,0.80,3,1.0
2080,200,36,1437,130,134,0.94,2,1.0
2080,211,176,1283,118,111,0.93,3,1.0
2081,198,330,1156,162,175,0.84,1,1.0
2081,199,211,1054,163,155,0.78,1,1.0
2081,201,165,1153,194,174,0.85,2,1.0
2081,205,58,890,112,109,0.70,1,1.0
2081,206,359,1059,138,131,0.92,2,1.0
2081,208,139,1434,89,93,0.84,3,1.0
2081,200,24,1441,132,135,0.94,2,1.0
2081,211,162,1288,119,112,0.93,3,1.0
2082,198,322,1158,163,175,0.84,1,1.0
2082,199,203,1056,164,155,0.78,1,1.0
2082,201,157,1156,195,173,0.86,2,1.0
2082,205,51,891,112,110,0.71,2,1.0
2082,206,355,1061,135,131,0.91,2,1.0
2082,208,133,1438,89,91,0.85,3,1.0
2082,200,16,1445,133,133,0.94,2,1.0
2082,211,154,1291,117,112,0.94,3,1.0
2083,198,311,1162,163,174,0.86,1,1.0
2083,199,191,1059,164,156,0.79,1,1.0
2083,201,145,1159,196,174,0.86,2,1.0
2083,205,39,895,113,109,0.74,2,1.0
2083,206,347,1064,133,132,0.91,2,1.0
2083,208,125,1449,84,83,0.86,3,1.0
2083,200,8,1450,131,133,0.93,2,1.0
2083,211,141,1296,116,111,0.94,3,1.0
2084,198,303,1164,164,175,0.86,1,1.0
2084,199,183,1062,165,156,0.79,1,1.0
2084,201,137,1161,195,176,0.87,2,1.0
2084,205,31,897,114,109,0.73,2,1.0
2084,206,343,1066,130,131,0.91,2,1.0
2084,208,121,1458,78,76,0.84,3,1.0
2084,200,4,1451,129,135,0.93,2,1.0
2084,211,132,1299,117,111,0.94,3,1.0
2085,198,293,1167,163,175,0.87,1,1.0
2085,199,172,1065,165,157,0.79,2,1.0
2085,201,125,1166,196,175,0.87,2,1.0
2085,205,21,901,112,109,0.73,2,1.0
2085,206,336,1070,127,129,0.89,2,1.0
2085,208,112,1470,72,68,0.81,3,1.0
2085,200,1,1452,127,136,0.93,2,1.0
2085,211,119,1304,118,112,0.93,3,1.0
2086,198,286,1169,163,176,0.89,1,1.0
2086,199,163,1067,167,158,0.80,2,1.0
2086,201,117,1169,198,175,0.86,2,1.0
2086,205,13,903,112,110,0.76,2,1.0
2086,206,330,1072,126,129,0.88,2,1.0
2086,208,107,1478,67,63,0.80,3,1.0
2086,200,0,1453,126,137,0.93,2,1.0
2086,211,111,1307,117,112,0.93,3,1.0
2087,198,275,1173,163,175,0.91,1,1.0
2087,199,152,1072,167,157,0.81,1,1.0
2087,201,104,1172,199,176,0.80,2,1.0
2087,205,8,905,111,110,0.79,2,1.0
2087,206,323,1075,122,129,0.89,2,1.0
2087,208,99,1486,61,59,0.78,3,1.0
2087,200,0,1455,121,137,0.92,2,1.0
2087,211,98,1312,118,111,0.93,3,1.0
2088,198,268,1176,162,173,0.91,1,1.0
2088,199,144,1075,167,156,0.82,1,1.0
2088,201,97,1176,198,174,0.75,2,1.0
2088,205,5,906,111,111,0.80,2,1.0
2088,206,320,1078,118,127,0.89,2,1.0
2088,208,92,1488,61,59,0.76,3,1.0
2088,200,0,1455,121,137,0.92,2,1.0
2088,211,90,1316,117,110,0.94,3,1.0
2089,198,258,1179,161,173,0.92,1,1.0
2089,199,133,1079,166,155,0.83,2,1.0
2089,201,85,1179,199,175,0.74,2,1.0
2089,205,0,907,109,113,0.82,2,1.0
2089,206,312,1081,115,127,0.88,2,1.0
2089,208,80,1491,64,60,0.71,3,1.0
2089,211,76,1321,118,110,0.94,3,1.0
2090,198,251,1181,161,173,0.92,1,1.0
2090,199,126,1083,165,153,0.84,2,1.0
2090,201,76,1180,200,176,0.73,2,1.0
2090,205,0,907,110,113,0.82,2,1.0
2090,206,307,1083,113,126,0.89,2,1.0
2090,208,74,1492,63,61,0.66,3,1.0
2090,211,68,1325,117,108,0.94,3,1.0
2091,198,240,1184,160,172,0.92,1,1.0
2091,199,114,1087,164,152,0.86,1,1.0
2091,201,64,1182,200,176,0.68,1,1.0
2091,206,298,1085,111,126,0.90,2,1.0
2091,208,62,1488,70,68,0.70,3,1.0
2091,211,54,1329,119,108,0.94,3,1.0
2092,198,233,1185,160,173,0.92,1,1.0
2092,199,106,1090,164,151,0.87,1,1.0
2092,201,55,1185,202,175,0.68,2,1.0
2092,206,290,1087,112,125,0.89,2,1.0
2092,208,54,1483,76,75,0.74,3,1.0
2092,211,45,1331,120,109,0.93,3,1.0
2093,198,221,1187,161,173,0.91,1,1.0
2093,199,94,1092,164,152,0.89,1,1.0
2093,201,43,1187,203,176,0.68,2,1.0
2093,206,277,1088,114,127,0.89,2,1.0
2093,208,43,1479,82,82,0.77,3,1.0
2093,211,31,1334,121,109,0.93,3,1.0
2094,198,214,1188,160,173,0.90,1,1.0
2094,199,86,1094,165,150,0.90,1,1.0
2094,201,36,1191,202,173,0.62,2,1.0
2094,206,270,1089,114,127,0.90,2,1.0
2094,208,36,1474,86,88,0.83,3,1.0
2094,211,23,1335,121,110,0.92,3,1.0
2095,198,203,1190,160,172,0.90,1,1.0
2095,199,74,1096,165,150,0.92,1,1.0
2095,201,25,1194,201,171,0.60,1,1.0
2095,206,257,1090,117,128,0.90,2,1.0
2095,208,29,1467,93,96,0.91,3,1.0
2095,211,16,1336,122,111,0.92,3,1.0
2096,198,196,1191,159,171,0.91,1,1.0
2096,199,67,1096,165,151,0.93,1,1.0
2096,201,18,1196,200,169,0.62,1,1.0
2096,206,248,1091,118,128,0.90,2,1.0
2096,208,27,1468,92,95,0.89,3,1.0
2096,211,13,1337,121,110,0.92,3,1.0
2097,198,184,1191,160,172,0.91,1,1.0
2097,199,54,1097,167,152,0.94,1,1.0
2097,201,10,1197,197,169,0.63,1,1.0
2097,206,236,1091,120,130,0.91,2,1.0
2097,208,22,1470,92,94,0.87,3,1.0
2097,211,7,1339,119,109,0.93,3,1.0
2098,198,175,1191,162,173,0.91,1,1.0
2098,199,45,1097,168,153,0.95,1,1.0
2098,201,5,1197,196,170,0.64,1,1.0
2098,206,229,1091,120,130,0.91,2,1.0
2098,208,22,1470,92,94,0.88,3,1.0
2098,211,7,1339,119,109,0.93,3,1.0
2099,198,163,1191,163,173,0.93,1,1.0
2099,199,32,1097,169,155,0.95,1,1.0
2099,201,1,1197,188,171,0.68,1,1.0
2099,206,217,1090,121,132,0.91,2,1.0
2100,198,155,1190,164,175,0.92,1,1.0
2100,199,23,1097,171,155,0.94,1,1.0
2100,201,0,1197,182,172,0.69,1,1.0
2100,206,211,1090,120,132,0.91,2,1.0
2101,198,142,1190,166,176,0.92,1,1.0
2101,199,12,1097,169,156,0.93,1,1.0
2101,201,0,1191,170,179,0.66,2,1.0
2101,206,199,1089,121,133,0.90,2,1.0
2102,198,134,1190,166,175,0.93,1,1.0
2102,199,7,1098,165,155,0.93,1,1.0
2102,201,0,1185,162,185,0.63,2,1.0
2102,206,189,1088,124,133,0.89,2,1.0
2103,198,121,1191,166,174,0.94,1,1.0
2103,199,1,1098,157,155,0.90,1,1.0
2103,201,0,1183,149,187,0.63,1,1.0
2103,206,176,1088,124,132,0.86,2,1.0
2104,198,112,1192,167,172,0.93,1,1.0
2104,199,0,1098,148,155,0.88,1,1.0
2104,201,0,1181,141,190,0.61,1,1.0
2104,206,166,1088,125,132,0.84,2,1.0
2105,198,98,1192,166,171,0.92,1,1.0
2105,199,0,1098,140,155,0.87,1,1.0
2105,201,0,1177,135,194,0.58,2,1.0
2105,206,155,1087,123,132,0.82,2,1.0
2106,198,88,1192,166,171,0.90,1,1.0
2106,199,0,1097,136,156,0.86,1,1.0
2106,201,0,1179,131,192,0.60,1,1.0
2106,206,149,1087,120,131,0.81,2,1.0
2107,198,72,1191,167,171,0.90,1,1.0
2107,199,0,1097,128,156,0.83,1,1.0
2107,201,0,1185,124,186,0.64,2,1.0
2107,206,136,1086,120,132,0.81,2,1.0
2108,198,61,1189,169,173,0.90,1,1.0
2108,199,0,1097,128,156,0.83,1,1.0
2108,201,0,1185,124,186,0.64,2,1.0
2108,206,127,1085,120,132,0.83,2,1.0
2109,198,44,1187,170,175,0.89,1,1.0
2109,206,112,1084,119,133,0.83,2,1.0
2110,198,31,1186,173,176,0.90,1,1.0
2110,206,101,1083,119,134,0.81,2,1.0
2111,198,17,1184,171,177,0.90,1,1.0
2111,206,80,1081,121,136,0.78,2,1.0
2112,198,10,1183,166,177,0.90,1,1.0
2112,206,65,1081,121,136,0.75,2,1.0
2113,198,3,1182,154,177,0.85,1,1.0
2113,206,55,1081,120,136,0.72,2,1.0
2114,198,1,1182,143,176,0.81,1,1.0
2114,206,47,1080,122,136,0.71,2,1.0
2115,198,0,1181,135,176,0.79,1,1.0
2115,206,32,1080,125,135,0.69,2,1.0
2116,198,0,1181,129,176,0.76,1,1.0
2116,206,32,1079,125,136,0.69,2,1.0
2117,198,0,1180,117,176,0.69,1,1.0
2118,198,0,1180,117,176,0.69,1,1.0
2181,212,935,665,93,74,0.74,3,1.0
2182,212,935,667,93,72,0.75,3,1.0
2183,212,930,665,93,75,0.76,3,1.0
2184,212,927,665,93,75,0.77,3,1.0
2185,212,922,663,93,77,0.78,3,1.0
2186,212,915,662,94,78,0.80,3,1.0
2187,212,905,660,95,81,0.81,3,1.0
2187,213,879,547,121,101,0.76,3,1.0
2188,212,899,659,95,82,0.82,3,1.0
2188,213,880,548,120,100,0.74,3,1.0
2189,212,890,656,95,85,0.84,3,1.0
2189,213,872,545,120,104,0.79,3,1.0
2190,212,884,654,95,87,0.85,3,1.0
2190,213,869,544,119,105,0.82,3,1.0
2191,212,876,655,94,86,0.85,3,1.0
2191,213,865,545,119,104,0.80,3,1.0
2191,214,881,568,87,81,0.66,3,1.0
2192,212,870,655,94,86,0.84,3,1.0
2192,213,859,545,119,105,0.80,3,1.0
2192,214,881,568,87,81,0.65,3,1.0
2193,212,861,656,94,86,0.84,3,1.0
2193,213,848,543,119,107,0.82,3,1.0
2193,214,880,569,83,79,0.65,3,1.0
2193,215,663,1430,71,67,0.84,3,1.0
2194,212,855,656,94,86,0.83,3,1.0
2194,213,842,543,119,107,0.81,3,1.0
2194,214,880,570,80,78,0.64,3,1.0
2194,215,663,1430,71,67,0.85,3,1.0
2195,212,846,656,94,86,0.82,3,1.0
2195,213,835,545,119,105,0.77,3,1.0
2195,214,874,570,81,78,0.65,3,1.0
2195,215,659,1429,71,68,0.77,3,1.0
2196,212,840,656,93,85,0.83,3,1.0
2196,213,830,546,117,103,0.76,3,1.0
2196,214,869,570,80,77,0.66,3,1.0
2196,215,657,1429,71,68,0.70,3,1.0
2197,212,830,655,94,86,0.84,3,1.0
2197,213,819,544,119,106,0.78,3,1.0
2197,214,861,570,78,77,0.62,3,1.0
2197,215,653,1429,70,68,0.68,3,1.0
2198,212,824,653,93,88,0.84,3,1.0
2198,213,813,544,120,107,0.78,3,1.0
2198,214,854,570,79,77,0.57,3,1.0
2198,215,648,1429,69,67,0.64,3,1.0
2199,212,815,656,92,84,0.84,3,1.0
2199,213,804,544,121,108,0.77,3,1.0
2199,214,848,569,80,78,0.56,3,1.0
2199,215,640,1428,70,68,0.57,3,1.0
2200,212,809,659,91,80,0.85,3,1.0
2200,213,795,541,125,113,0.79,3,1.0
2200,214,847,570,79,76,0.52,3,1.0
2200,215,634,1427,70,69,0.54,3,1.0
2201,212,799,660,92,78,0.84,3,1.0
2201,213,783,537,127,120,0.82,3,1.0
2201,214,843,570,77,76,0.42,3,1.0
2201,215,626,1426,70,69,0.52,3,1.0
2202,212,793,661,91,76,0.83,3,1.0
2202,213,777,536,127,122,0.82,3,1.0
2202,214,844,570,76,76,0.42,3,1.0
2202,215,620,1425,71,70,0.48,3,1.0
2203,212,784,660,90,75,0.83,3,1.0
2203,213,768,536,126,123,0.79,3,1.0
2203,215,611,1423,72,71,0.43,3,1.0
2204,212,777,659,91,76,0.82,3,1.0
2204,213,761,535,127,124,0.78,3,1.0
2204,215,606,1423,71,71,0.40,3,1.0
2205,212,767,657,91,77,0.82,3,1.0
2205,213,752,535,125,121,0.80,3,1.0
2205,215,597,1422,71,71,0.39,3,1.0
2206,212,761,655,91,79,0.83,3,1.0
2206,213,746,535,124,115,0.80,3,1.0
2206,215,592,1422,70,71,0.40,3,1.0
2206,214,785,566,71,74,0.45,3,1.0
2207,212,752,653,91,81,0.85,3,1.0
2207,213,737,535,124,110,0.77,3,1.0
2207,215,588,1421,70,71,0.39,3,1.0
2207,214,775,566,74,73,0.45,3,1.0
2207,216,720,535,100,83,0.87,3,1.0
2208,212,746,654,91,80,0.86,3,1.0
2208,213,731,535,124,106,0.77,3,1.0
2208,215,586,1421,70,71,0.40,3,1.0
2208,214,773,565,74,74,0.46,3,1.0
2208,216,720,535,101,83,0.87,3,1.0
2209,212,736,652,93,82,0.86,3,1.0
2209,213,722,534,123,103,0.80,3,1.0
2209,215,573,1421,70,71,0.51,3,1.0
2209,214,767,565,76,74,0.50,3,1.0
2209,216,715,534,101,85,0.69,3,1.0
2210,212,730,651,94,83,0.86,3,1.0
2210,213,716,533,124,105,0.79,3,1.0
2210,215,564,1422,72,69,0.61,3,1.0
2210,214,764,564,76,75,0.49,3,1.0
2210,216,715,534,101,85,0.69,3,1.0
2211,212,721,651,95,82,0.87,3,1.0
2211,213,708,533,124,106,0.79,3,1.0
2211,215,552,1422,71,69,0.67,3,1.0
2211,214,755,564,76,74,0.53,3,1.0
2211,216,710,534,99,84,0.73,3,1.0
2212,212,716,650,94,82,0.87,3,1.0
2212,213,703,533,123,105,0.81,3,1.0
2212,215,550,1423,71,69,0.65,3,1.0
2212,214,749,564,76,74,0.57,3,1.0
2212,216,703,534,100,84,0.73,3,1.0
2213,212,707,648,94,83,0.86,3,1.0
2213,213,694,532,122,106,0.83,3,1.0
2213,215,546,1422,71,70,0.67,3,1.0
2213,214,740,563,77,75,0.63,3,1.0
2213,216,692,533,100,84,0.72,3,1.0
2214,212,701,647,94,84,0.87,3,1.0
2214,213,689,532,121,106,0.81,3,1.0
2214,215,541,1422,70,70,0.68,3,1.0
2214,214,733,564,77,74,0.66,3,1.0
2214,216,685,534,99,82,0.86,3,1.0
2215,212,692,648,94,83,0.87,3,1.0
2215,213,685,533,120,104,0.80,3,1.0
2215,215,533,1422,71,70,0.69,3,1.0
2215,214,725,563,77,74,0.74,3,1.0
2215,216,680,533,98,83,0.87,3,1.0
2216,212,687,647,94,84,0.87,3,1.0
2216,213,681,532,121,105,0.80,3,1.0
2216,215,528,1421,71,71,0.71,3,1.0
2216,214,719,563,77,74,0.78,3,1.0
2216,216,674,532,96,84,0.88,3,1.0
2217,212,677,648,95,83,0.86,3,1.0
2217,213,676,531,120,106,0.78,3,1.0
2217,215,520,1421,71,70,0.72,3,1.0
2217,214,710,563,77,74,0.83,3,1.0
2217,216,665,532,94,83,0.89,3,1.0
2218,212,672,650,94,80,0.86,3,1.0
2218,213,675,531,121,103,0.78,3,1.0
2218,215,515,1421,71,70,0.70,3,1.0
2218,214,704,563,76,74,0.85,3,1.0
2218,216,660,532,91,82,0.90,3,1.0
2219,212,663,650,93,80,0.87,3,1.0
2219,213,636,536,114,98,0.74,3,1.0
2219,215,507,1421,71,69,0.67,3,1.0
2219,214,695,563,76,73,0.83,3,1.0
2219,216,651,532,91,82,0.91,3,1.0
2220,212,656,650,93,80,0.87,3,1.0
2220,213,635,535,115,100,0.76,3,1.0
2220,215,501,1421,71,69,0.63,3,1.0
2220,214,688,563,76,73,0.79,3,1.0
2220,216,645,532,93,82,0.90,3,1.0
2221,212,647,651,93,78,0.87,3,1.0
2221,213,636,538,110,97,0.73,3,1.0
2221,215,493,1421,70,69,0.57,3,1.0
2221,214,678,563,76,73,0.79,3,1.0
2221,216,636,531,96,84,0.89,3,1.0
2222,212,640,651,95,78,0.87,3,1.0
2222,213,636,539,107,97,0.72,3,1.0
2222,215,487,1421,71,69,0.53,3,1.0
2222,214,672,563,77,74,0.79,3,1.0
2222,216,629,531,100,86,0.88,3,1.0
2223,212,632,651,93,78,0.88,3,1.0
2223,213,636,539,107,97,0.72,3,1.0
2223,215,479,1421,71,69,0.52,3,1.0
2223,214,664,562,76,74,0.74,3,1.0
2223,216,621,530,99,86,0.87,3,1.0
2224,212,626,653,93,75,0.88,3,1.0
2224,213,637,540,104,96,0.71,3,1.0
2224,215,474,1420,70,69,0.52,3,1.0
2224,214,658,560,76,75,0.75,3,1.0
2224,216,615,530,97,85,0.86,3,1.0
2225,212,617,654,93,74,0.87,3,1.0
2225,213,638,543,99,94,0.68,3,1.0
2225,215,466,1418,71,71,0.55,3,1.0
2225,214,649,558,76,76,0.80,3,1.0
2225,216,606,528,94,85,0.86,3,1.0
2225,217,942,1436,138,176,0.77,1,1.0
2226,212,612,654,92,73,0.87,3,1.0
2226,213,637,542,100,95,0.70,3,1.0
2226,215,461,1416,70,72,0.60,3,1.0
2226,214,642,556,77,77,0.81,3,1.0
2226,216,601,527,90,83,0.86,3,1.0
2226,217,942,1436,138,176,0.78,1,1.0
2227,212,603,654,91,71,0.87,3,1.0
2227,215,453,1414,70,73,0.65,3,1.0
2227,214,634,555,75,77,0.79,3,1.0
2227,216,592,527,87,80,0.88,3,1.0
2227,217,938,1436,142,175,0.82,1,1.0
2227,218,934,1306,141,147,0.85,2,1.0
2228,212,597,652,91,73,0.87,3,1.0
2228,215,447,1413,71,73,0.67,3,1.0
2228,214,627,554,76,77,0.82,3,1.0
2228,216,586,526,87,80,0.89,3,1.0
2228,217,936,1435,144,176,0.85,1,1.0
2228,218,934,1306,141,147,0.85,2,1.0
2229,212,588,651,92,73,0.87,3,1.0
2229,215,443,1413,71,73,0.70,3,1.0
2229,214,617,553,78,77,0.86,3,1.0
2229,216,577,524,88,82,0.90,3,1.0
2229,217,931,1433,149,178,0.86,1,1.0
2229,218,930,1305,142,150,0.87,2,1.0
2230,212,582,649,92,75,0.88,3,1.0
2230,215,441,1412,71,73,0.70,3,1.0
2230,214,611,553,78,77,0.86,3,1.0
2230,216,570,524,89,82,0.90,3,1.0
2230,217,926,1431,154,180,0.88,1,1.0
2230,218,927,1305,144,150,0.88,2,1.0
2231,212,573,647,92,76,0.88,3,1.0
2231,215,428,1412,71,73,0.62,3,1.0
2231,214,603,552,78,76,0.82,3,1.0
2231,216,561,523,90,82,0.92,3,1.0
2231,217,918,1430,159,180,0.91,1,1.0
2231,218,924,1304,143,152,0.89,2,1.0
2232,212,567,646,93,76,0.88,3,1.0
2232,215,419,1412,71,73,0.53,3,1.0
2232,214,598,552,77,75,0.80,3,1.0
2232,216,555,522,90,83,0.92,3,1.0
2232,217,912,1429,163,181,0.92,1,1.0
2232,218,920,1304,141,152,0.91,2,1.0
2233,212,557,645,94,76,0.88,3,1.0
2233,215,406,1411,71,73,0.47,3,1.0
2233,214,589,551,78,75,0.82,3,1.0
2233,216,545,520,93,85,0.92,3,1.0
2233,217,903,1426,167,184,0.92,1,1.0
2233,218,912,1302,142,154,0.92,2,1.0
2234,212,551,643,95,78,0.88,3,1.0
2234,215,404,1410,71,74,0.48,3,1.0
2234,214,584,550,77,75,0.82,3,1.0
2234,216,539,519,93,85,0.92,3,1.0
2234,217,897,1426,168,183,0.91,1,1.0
2234,218,907,1302,141,154,0.92,2,1.0
2235,212,543,640,95,79,0.88,3,1.0
2235,215,400,1410,72,73,0.52,3,1.0
2235,214,575,550,77,74,0.81,3,1.0
2235,216,531,517,94,87,0.90,3,1.0
2235,217,890,1425,167,182,0.91,1,1.0
2235,218,900,1301,139,154,0.93,2,1.0
2236,212,537,638,96,81,0.88,3,1.0
2236,215,396,1410,71,73,0.57,3,1.0
2236,214,569,549,78,75,0.83,3,1.0
2236,216,526,516,95,89,0.86,3,1.0
2236,217,884,1424,167,183,0.89,1,1.0
2236,218,895,1301,139,153,0.93,2,1.0
2237,212,529,636,95,82,0.88,3,1.0
2237,215,389,1410,72,71,0.59,3,1.0
2237,214,560,548,79,76,0.88,3,1.0
2237,216,517,515,96,91,0.84,3,1.0
2237,217,876,1422,167,184,0.88,1,1.0
2237,218,887,1299,138,152,0.92,2,1.0
2238,212,524,635,95,82,0.88,3,1.0
2238,215,384,1410,72,70,0.59,3,1.0
2238,214,555,547,78,77,0.89,3,1.0
2238,216,512,514,96,93,0.82,3,1.0
2238,217,871,1421,166,184,0.88,1,1.0
2238,218,882,1299,137,150,0.91,2,1.0
2239,212,517,631,93,84,0.89,3,1.0
2239,215,377,1409,72,70,0.61,3,1.0
2239,214,546,546,79,76,0.87,3,1.0
2239,216,504,514,94,91,0.81,3,1.0
2239,217,865,1421,162,181,0.87,1,1.0
2239,218,875,1299,135,147,0.92,2,1.0
2240,212,513,629,92,84,0.90,3,1.0
2240,215,372,1408,72,70,0.60,3,1.0
2240,214,540,546,79,74,0.88,3,1.0
2240,216,499,514,91,88,0.84,3,1.0
2240,217,860,1420,161,180,0.86,1,1.0
2240,218,871,1298,133,146,0.91,2,1.0
2241,212,506,627,90,85,0.91,3,1.0
2241,215,365,1406,72,71,0.60,3,1.0
2241,214,534,544,77,74,0.89,3,1.0
2241,216,492,512,89,87,0.87,3,1.0
2241,217,853,1419,161,179,0.83,1,1.0
2241,218,864,1297,132,144,0.91,2,1.0
2242,212,501,626,90,84,0.92,3,1.0
2242,215,360,1404,72,72,0.63,3,1.0
2242,214,531,543,74,73,0.87,3,1.0
2242,216,487,511,88,84,0.88,3,1.0
2242,217,849,1418,161,178,0.80,1,1.0
2242,218,861,1296,130,144,0.92,2,1.0
2243,212,493,625,91,84,0.93,3,1.0
2243,215,353,1402,71,72,0.69,3,1.0
2243,214,523,541,75,72,0.87,3,1.0
2243,216,480,509,86,82,0.90,3,1.0
2243,217,842,1416,160,178,0.77,1,1.0
2243,218,855,1294,129,144,0.93,2,1.0
2243,219,944,1330,136,155,0.96,1,1.0
2244,212,488,626,91,82,0.93,3,1.0
2244,215,348,1399,72,74,0.72,3,1.0
2244,214,519,539,74,73,0.89,3,1.0
2244,216,476,507,85,83,0.91,3,1.0
2244,217,837,1415,161,178,0.76,1,1.0
2244,218,849,1292,131,145,0.94,2,1.0
2244,219,944,1330,136,155,0.96,1,1.0
2245,212,481,628,90,78,0.92,3,1.0
2245,215,341,1398,72,72,0.74,3,1.0
2245,214,512,536,74,75,0.90,3,1.0
2245,216,468,504,85,84,0.92,3,1.0
2245,217,830,1413,161,178,0.76,2,1.0
2245,218,842,1290,131,145,0.94,2,1.0
2245,219,941,1330,139,152,0.96,1,1.0
2246,212,475,628,91,76,0.91,3,1.0
2246,215,337,1397,71,72,0.75,3,1.0
2246,214,505,535,75,75,0.91,3,1.0
2246,216,463,503,85,84,0.92,3,1.0
2246,217,825,1412,160,178,0.78,2,1.0
2246,218,838,1289,129,144,0.94,2,1.0
2246,219,939,1330,141,151,0.96,1,1.0
2247,212,467,627,92,75,0.90,3,1.0
2247,215,330,1396,71,71,0.76,3,1.0
2247,214,496,532,77,76,0.93,3,1.0
2247,216,455,500,84,85,0.92,3,1.0
2247,217,817,1411,160,177,0.81,1,1.0
2247,218,830,1288,131,143,0.94,2,1.0
2247,219,935,1329,144,151,0.96,1,1.0
2247,220,937,1417,143,173,0.63,2,1.0
2248,212,461,626,92,75,0.89,3,1.0
2248,215,325,1395,72,70,0.75,3,1.0
2248,214,490,530,78,77,0.93,3,1.0
2248,216,449,498,85,86,0.91,3,1.0
2248,217,812,1409,160,178,0.83,1,1.0
2248,218,825,1287,131,143,0.94,2,1.0
2248,219,930,1328,149,150,0.96,1,1.0
2248,220,937,1417,143,173,0.63,2,1.0
2249,212,452,625,93,74,0.88,3,1.0
2249,215,317,1395,72,69,0.76,3,1.0
2249,214,482,527,77,79,0.93,3,1.0
2249,216,440,495,85,87,0.90,3,1.0
2249,217,804,1407,160,179,0.84,1,1.0
2249,218,818,1285,130,144,0.93,2,1.0
2249,219,922,1326,155,150,0.96,1,1.0
2249,220,932,1416,148,175,0.74,2,1.0
2250,212,447,624,92,74,0.88,3,1.0
2250,215,312,1393,72,71,0.77,3,1.0
2250,214,476,525,78,80,0.93,3,1.0
2250,216,433,494,85,87,0.90,3,1.0
2250,217,798,1405,162,181,0.83,1,1.0
2250,218,813,1284,131,145,0.93,2,1.0
2250,219,916,1324,159,152,0.96,1,1.0
2250,220,930,1415,150,177,0.79,2,1.0
2251,212,438,623,93,74,0.88,3,1.0
2251,215,304,1392,73,71,0.78,3,1.0
2251,214,467,524,78,79,0.93,3,1.0
2251,216,424,493,86,86,0.90,3,1.0
2251,217,790,1403,163,182,0.84,2,1.0
2251,218,805,1283,132,145,0.93,2,1.0
2251,219,907,1323,163,153,0.96,1,1.0
2251,220,926,1414,154,176,0.81,2,1.0
2252,212,433,623,91,73,0.88,3,1.0
2252,215,299,1393,72,70,0.80,3,1.0
2252,214,461,523,79,80,0.93,3,1.0
2252,216,418,493,87,85,0.91,3,1.0
2252,217,785,1402,163,182,0.84,2,1.0
2252,218,800,1283,132,144,0.93,2,1.0
2252,219,902,1322,163,153,0.96,1,1.0
2252,220,921,1414,159,174,0.86,2,1.0
2253,212,424,623,91,72,0.89,3,1.0
2253,215,291,1393,72,69,0.80,3,1.0
2253,214,452,523,79,78,0.93,3,1.0
2253,216,410,492,86,85,0.92,3,1.0
2253,217,778,1400,163,182,0.84,2,1.0
2253,218,793,1283,132,143,0.93,2,1.0
2253,219,894,1321,163,152,0.96,1,1.0
2253,220,914,1413,165,173,0.92,1,1.0
2254,212,418,622,91,72,0.89,3,1.0
2254,215,286,1393,72,68,0.77,3,1.0
2254,214,446,523,79,78,0.93,3,1.0
2254,216,404,492,87,84,0.92,3,1.0
2254,217,774,1400,162,180,0.85,2,1.0
2254,218,788,1282,131,143,0.93,2,1.0
2254,219,889,1321,161,150,0.96,1,1.0
2254,220,909,1413,170,170,0.92,1,1.0
2255,212,410,620,90,73,0.89,3,1.0
2255,215,278,1391,72,69,0.69,3,1.0
2255,214,438,522,78,78,0.94,3,1.0
2255,216,396,492,87,83,0.92,3,1.0
2255,217,766,1399,163,179,0.87,2,1.0
2255,218,781,1281,131,143,0.93,2,1.0
2255,219,881,1320,161,150,0.96,1,1.0
2255,220,902,1414,174,166,0.91,1,1.0
2256,212,404,619,91,74,0.90,3,1.0
2256,215,273,1388,72,71,0.62,3,1.0
2256,214,431,522,80,78,0.94,3,1.0
2256,216,390,491,87,84,0.92,3,1.0
2256,217,761,1398,163,180,0.87,2,1.0
2256,218,776,1280,130,144,0.93,2,1.0
2256,219,875,1318,162,151,0.96,1,1.0
2256,220,897,1414,176,164,0.91,1,1.0
2257,212,395,617,91,75,0.89,3,1.0
2257,215,265,1386,72,72,0.51,3,1.0
2257,214,423,521,79,78,0.93,3,1.0
2257,216,381,490,88,84,0.92,3,1.0
2257,217,753,1397,164,179,0.87,2,1.0
2257,218,768,1279,130,144,0.93,2,1.0
2257,219,867,1317,162,150,0.96,1,1.0
2257,220,889,1414,178,163,0.90,1,1.0
2258,212,389,616,92,75,0.89,3,1.0
2258,215,260,1384,72,72,0.42,3,1.0
2258,214,417,520,80,78,0.92,3,1.0
2258,216,376,489,87,84,0.92,3,1.0
2258,217,748,1396,165,179,0.88,2,1.0
2258,218,763,1277,129,144,0.93,2,1.0
2258,219,862,1316,162,150,0.96,1,1.0
2258,220,884,1414,178,162,0.88,1,1.0
2259,212,380,615,92,74,0.88,3,1.0
2259,215,252,1381,72,74,0.34,3,1.0
2259,214,408,519,80,78,0.90,3,1.0
2259,216,367,488,88,85,0.90,3,1.0
2259,217,740,1395,166,178,0.89,2,1.0
2259,218,756,1276,127,144,0.93,2,1.0
2259,219,854,1314,162,151,0.96,1,1.0
2259,220,876,1412,177,163,0.88,1,1.0
2260,212,374,614,92,74,0.88,3,1.0
2260,215,247,1382,72,71,0.32,3,1.0
2260,214,403,519,78,76,0.89,3,1.0
2260,216,361,488,88,84,0.89,3,1.0
2260,217,735,1394,165,178,0.89,2,1.0
2260,218,751,1276,126,143,0.93,2,1.0
2260,219,849,1314,161,150,0.96,1,1.0
2260,220,871,1410,176,165,0.89,1,1.0
2261,212,365,612,92,74,0.87,3,1.0
2261,215,240,1382,71,70,0.31,3,1.0
2261,214,394,517,78,77,0.89,3,1.0
2261,216,352,486,87,85,0.89,3,1.0
2261,217,727,1393,166,177,0.89,2,1.0
2261,218,744,1275,125,142,0.93,2,1.0
2261,219,840,1313,161,150,0.96,1,1.0
2261,220,863,1409,175,164,0.87,1,1.0
2262,212,358,611,93,74,0.87,3,1.0
2262,215,234,1381,72,70,0.33,3,1.0
2262,214,388,516,78,77,0.90,3,1.0
2262,216,346,485,86,85,0.89,3,1.0
2262,217,722,1392,166,178,0.89,2,1.0
2262,218,738,1274,126,143,0.93,2,1.0
2262,219,834,1312,161,150,0.97,1,1.0
2262,220,857,1408,175,165,0.87,1,1.0
2263,212,349,610,92,73,0.88,3,1.0
2263,215,230,1381,73,70,0.34,3,1.0
2263,214,379,514,77,77,0.91,3,1.0
2263,216,336,484,86,84,0.89,3,1.0
2263,217,714,1391,164,177,0.88,2,1.0
2263,218,731,1274,124,141,0.93,2,1.0
2263,219,826,1311,160,150,0.97,1,1.0
2263,220,849,1405,175,166,0.89,1,1.0
2263,221,854,1560,91,96,0.82,3,1.0
2264,212,343,609,92,73,0.89,3,1.0
2264,215,228,1381,73,70,0.36,3,1.0
2264,214,372,513,77,77,0.93,3,1.0
2264,216,330,482,85,85,0.90,3,1.0
2264,217,709,1390,164,176,0.86,2,1.0
2264,218,726,1273,123,140,0.93,2,1.0
2264,219,820,1310,160,149,0.97,1,1.0
2264,220,843,1403,175,166,0.89,1,1.0
2264,221,854,1560,91,96,0.83,3,1.0
2265,212,334,607,92,74,0.89,3,1.0
2265,215,214,1380,74,69,0.50,3,1.0
2265,214,363,511,78,78,0.94,3,1.0
2265,216,321,481,85,83,0.92,3,1.0
2265,217,701,1388,164,177,0.85,2,1.0
2265,218,718,1272,124,140,0.93,2,1.0
2265,219,812,1308,160,150,0.97,1,1.0
2265,220,835,1402,175,165,0.88,1,1.0
2265,221,848,1558,92,98,0.77,3,1.0
2266,212,329,607,91,73,0.89,3,1.0
2266,215,205,1379,74,69,0.62,3,1.0
2266,214,357,510,78,79,0.94,3,1.0
2266,216,315,480,85,83,0.93,3,1.0
2266,217,695,1387,165,177,0.85,2,1.0
2266,218,713,1271,123,140,0.93,2,1.0
2266,219,806,1307,161,150,0.97,1,1.0
2266,220,830,1401,174,164,0.90,1,1.0
2266,221,845,1557,92,99,0.73,3,1.0
2267,212,320,607,90,72,0.90,3,1.0
2267,215,192,1379,73,66,0.66,3,1.0
2267,214,348,509,77,78,0.95,3,1.0
2267,216,306,479,85,82,0.93,3,1.0
2267,217,688,1387,162,175,0.83,2,1.0
2267,218,706,1270,123,139,0.93,2,1.0
2267,219,799,1307,159,148,0.97,1,1.0
2267,220,822,1399,174,164,0.89,1,1.0
2267,221,841,1557,92,97,0.74,3,1.0
2267,222,883,1277,135,125,0.45,1,1.0
2268,212,314,606,90,72,0.90,3,1.0
2268,215,191,1379,72,66,0.62,3,1.0
2268,214,342,509,77,77,0.95,3,1.0
2268,216,301,479,85,81,0.93,3,1.0
2268,217,683,1386,161,176,0.84,2,1.0
2268,218,701,1269,124,140,0.93,2,1.0
2268,219,795,1306,158,148,0.96,1,1.0
2268,220,817,1399,173,163,0.85,1,1.0
2268,221,836,1556,91,97,0.74,3,1.0
2268,222,883,1277,135,125,0.44,1,1.0
2269,212,305,604,91,73,0.90,3,1.0
2269,215,191,1379,72,66,0.62,3,1.0
2269,214,333,508,78,77,0.93,3,1.0
2269,216,292,477,86,82,0.93,3,1.0
2269,217,676,1384,161,177,0.85,2,1.0
2269,218,694,1267,125,142,0.93,2,1.0
2269,219,787,1304,158,149,0.96,1,1.0
2269,220,809,1398,175,164,0.82,1,1.0
2269,221,826,1555,92,97,0.68,3,1.0
2269,222,881,1275,131,125,0.49,1,1.0
2270,212,299,603,91,74,0.90,3,1.0
2270,215,189,1379,71,66,0.59,3,1.0
2270,214,327,507,79,78,0.92,3,1.0
2270,216,287,477,86,82,0.92,3,1.0
2270,217,671,1384,161,176,0.86,2,1.0
2270,218,689,1266,125,142,0.94,2,1.0
2270,219,782,1303,158,149,0.96,1,1.0
2270,220,804,1397,176,166,0.79,1,1.0
2270,221,821,1555,91,96,0.67,3,1.0
2270,222,880,1275,129,124,0.52,1,1.0
2271,212,291,602,91,73,0.90,3,1.0
2271,215,177,1377,70,65,0.48,3,1.0
2271,214,318,507,79,77,0.92,3,1.0
2271,216,279,476,86,82,0.92,3,1.0
2271,217,664,1383,159,176,0.87,2,1.0
2271,218,683,1265,124,141,0.94,2,1.0
2271,219,775,1303,157,147,0.96,1,1.0
2271,220,797,1396,175,165,0.75,1,1.0
2271,221,817,1555,91,95,0.69,3,1.0
2271,222,876,1275,127,125,0.55,1,1.0
2272,212,285,602,92,73,0.89,3,1.0
2272,215,169,1374,70,65,0.44,3,1.0
2272,214,313,506,79,77,0.92,3,1.0
2272,216,273,475,87,83,0.93,3,1.0
2272,217,660,1382,159,176,0.88,2,1.0
2272,218,679,1264,122,141,0.94,2,1.0
2272,219,770,1302,157,147,0.96,1,1.0
2272,220,792,1395,175,165,0.75,1,1.0
2272,221,813,1555,93,96,0.65,3,1.0
2272,222,872,1274,123,125,0.59,1,1.0
2273,212,277,600,91,74,0.88,3,1.0
2273,215,157,1374,70,62,0.53,3,1.0
2273,214,305,505,79,77,0.90,3,1.0
2273,216,265,474,87,83,0.93,3,1.0
2273,217,653,1382,158,174,0.88,2,1.0
2273,218,672,1264,120,138,0.94,2,1.0
2273,219,763,1301,156,146,0.96,1,1.0
2273,220,786,1394,173,163,0.76,1,1.0
2273,221,806,1554,95,98,0.58,3,1.0
2273,222,866,1273,118,126,0.65,1,1.0
2274,212,272,599,91,73,0.88,3,1.0
2274,215,156,1375,69,61,0.60,3,1.0
2274,214,300,505,77,75,0.90,3,1.0
2274,216,260,473,87,83,0.93,3,1.0
2274,217,649,1381,156,173,0.86,2,1.0
2274,218,668,1263,118,137,0.94,2,1.0
2274,219,758,1301,155,144,0.96,1,1.0
2274,220,782,1394,170,159,0.77,1,1.0
2274,221,806,1554,95,98,0.59,3,1.0
2274,222,861,1273,115,127,0.69,1,1.0
2275,212,264,598,90,72,0.87,3,1.0
2275,215,156,1375,69,61,0.60,3,1.0
2275,214,292,504,76,74,0.90,3,1.0
2275,216,252,472,85,82,0.93,3,1.0
2275,217,643,1381,153,170,0.86,2,1.0
2275,218,663,1262,115,135,0.93,2,1.0
2275,219,752,1301,153,141,0.96,1,1.0
2275,220,776,1393,166,156,0.76,2,1.0
2275,222,851,1272,116,128,0.74,1,1.0
2276,212,259,598,90,70,0.86,3,1.0
2276,215,154,1376,69,60,0.65,3,1.0
2276,214,287,503,75,73,0.89,3,1.0
2276,216,247,471,84,81,0.93,3,1.0
2276,217,639,1380,152,169,0.85,2,1.0
2276,218,659,1262,114,133,0.93,2,1.0
2276,219,747,1300,152,140,0.96,1,1.0
2276,220,772,1393,165,154,0.76,2,1.0
2276,222,845,1271,118,129,0.77,1,1.0
2277,212,252,597,88,69,0.86,3,1.0
2277,215,142,1376,69,57,0.71,3,1.0
2277,214,281,500,72,74,0.88,3,1.0
2277,216,239,470,82,80,0.93,3,1.0
2277,217,633,1379,150,166,0.85,2,1.0
2277,218,653,1261,112,132,0.93,2,1.0
2277,219,741,1299,150,139,0.96,1,1.0
2277,220,766,1393,164,152,0.76,2,1.0
2277,222,837,1270,117,130,0.79,1,1.0
2278,212,247,597,88,67,0.87,3,1.0
2278,215,134,1373,69,57,0.64,3,1.0
2278,214,277,498,71,74,0.88,3,1.0
2278,216,234,468,80,79,0.93,3,1.0
2278,217,629,1377,149,166,0.87,2,1.0
2278,218,648,1260,113,131,0.92,2,1.0
2278,219,736,1298,150,138,0.96,1,1.0
2278,220,761,1392,164,152,0.73,2,1.0
2278,222,831,1269,118,130,0.79,1,1.0
2279,212,238,594,88,68,0.87,3,1.0
2279,215,126,1370,68,58,0.57,3,1.0
2279,214,269,495,70,74,0.87,3,1.0
2279,216,225,466,81,79,0.92,3,1.0
2279,217,621,1375,151,166,0.84,1,1.0
2279,218,642,1258,112,131,0.92,2,1.0
2279,219,729,1295,149,138,0.96,1,1.0
2279,220,754,1391,162,152,0.68,1,1.0
2279,222,822,1267,121,132,0.75,1,1.0
2280,212,232,592,89,68,0.88,3,1.0
2280,215,126,1370,68,58,0.57,3,1.0
2280,214,265,494,69,73,0.86,3,1.0
2280,216,220,464,81,80,0.92,3,1.0
2280,217,616,1374,152,166,0.81,1,1.0
2280,218,637,1257,112,131,0.92,2,1.0
2280,219,724,1293,148,138,0.96,1,1.0
2280,220,750,1391,160,151,0.66,1,1.0
2280,222,818,1265,120,135,0.70,1,1.0
2281,212,223,587,90,72,0.88,3,1.0
2281,215,117,1367,70,59,0.59,3,1.0
2281,214,256,491,70,74,0.86,3,1.0
2281,216,211,461,83,81,0.90,3,1.0
2281,217,608,1371,154,168,0.78,1,1.0
2281,218,629,1254,114,134,0.93,2,1.0
2281,219,716,1290,149,140,0.93,1,1.0
2281,220,741,1388,162,153,0.69,2,1.0
2281,222,811,1262,122,136,0.71,1,1.0
2282,212,216,583,92,75,0.88,3,1.0
2282,215,108,1363,71,62,0.61,3,1.0
2282,214,249,489,72,76,0.85,3,1.0
2282,216,204,459,86,82,0.87,3,1.0
2282,217,601,1368,157,171,0.75,1,1.0
2282,218,623,1252,117,136,0.93,2,1.0
2282,219,709,1287,152,143,0.90,1,1.0
2282,220,734,1385,165,156,0.72,2,1.0
2282,222,805,1259,127,138,0.72,1,1.0
2283,212,206,580,93,76,0.89,3,1.0
2283,215,99,1359,72,64,0.63,3,1.0
2283,214,240,486,73,77,0.85,3,1.0
2283,216,195,457,86,83,0.88,3,1.0
2283,217,593,1365,159,173,0.74,2,1.0
2283,218,616,1250,118,136,0.93,2,1.0
2283,219,701,1284,153,145,0.90,1,1.0
2283,220,726,1381,164,158,0.72,2,1.0
2283,222,797,1256,129,138,0.72,1,1.0
2284,212,200,580,93,75,0.90,3,1.0
2284,215,99,1359,72,64,0.63,3,1.0
2284,214,234,484,73,77,0.87,3,1.0
2284,216,189,455,85,83,0.89,3,1.0
2284,217,588,1363,158,173,0.76,1,1.0
2284,218,611,1248,119,137,0.93,2,1.0
2284,219,695,1282,155,146,0.90,1,1.0
2284,220,720,1378,166,159,0.74,2,1.0
2284,222,793,1255,129,137,0.76,1,1.0
2285,212,191,576,94,77,0.90,3,1.0
2285,215,91,1354,73,67,0.65,3,1.0
2285,214,223,481,75,79,0.88,3,1.0
2285,216,179,452,86,84,0.89,3,1.0
2285,217,579,1359,161,176,0.78,2,1.0
2285,218,603,1245,123,140,0.93,2,1.0
2285,219,686,1279,157,148,0.89,2,1.0
2285,220,710,1374,171,162,0.78,2,1.0
2285,222,784,1252,133,136,0.75,1,1.0
2286,212,185,575,93,76,0.91,3,1.0
2286,215,82,1349,74,69,0.67,3,1.0
2286,214,216,479,76,79,0.89,3,1.0
2286,216,173,450,84,84,0.92,3,1.0
2286,217,574,1358,162,176,0.79,1,1.0
2286,218,598,1244,124,139,0.93,2,1.0
2286,219,681,1277,157,149,0.90,2,1.0
2286,220,704,1373,174,162,0.76,2,1.0
2286,222,779,1251,133,136,0.69,1,1.0
2287,212,176,573,93,75,0.91,3,1.0
2287,215,69,1344,74,69,0.69,3,1.0
2287,214,206,477,76,78,0.88,3,1.0
2287,216,164,448,82,82,0.94,3,1.0
2287,217,567,1356,161,174,0.80,1,1.0
2287,218,591,1242,124,137,0.92,2,1.0
2287,219,673,1275,156,147,0.93,1,1.0
2287,220,696,1371,178,162,0.73,1,1.0
2287,222,773,1249,129,135,0.65,1,1.0
2287,223,940,1078,110,114,0.58,1,1.0
2288,212,170,570,92,75,0.90,3,1.0
2288,215,67,1344,74,67,0.69,3,1.0
2288,214,198,476,78,78,0.86,3,1.0
2288,216,157,446,83,82,0.94,3,1.0
2288,217,562,1355,161,174,0.81,1,1.0
2288,218,586,1240,125,137,0.91,2,1.0
2288,219,668,1274,156,146,0.93,1,1.0
2288,220,690,1369,186,163,0.73,1,1.0
2288,222,769,1248,128,133,0.63,1,1.0
2288,223,940,1078,110,114,0.59,1,1.0
2289,212,160,567,93,76,0.89,3,1.0
2289,215,63,1343,74,67,0.69,3,1.0
2289,214,187,473,79,79,0.86,3,1.0
2289,216,147,442,84,82,0.95,3,1.0
2289,217,553,1352,164,175,0.81,2,1.0
2289,218,577,1237,129,139,0.92,2,1.0
2289,219,659,1271,158,147,0.93,1,1.0
2289,220,681,1365,192,167,0.75,2,1.0
2289,222,762,1245,128,134,0.63,1,1.0
2289,223,934,1076,111,114,0.64,1,1.0
2290,212,153,566,94,75,0.89,3,1.0
2290,215,58,1341,73,68,0.69,3,1.0
2290,214,180,470,80,79,0.85,3,1.0
2290,216,141,440,83,82,0.95,3,1.0
2290,217,548,1350,164,175,0.82,2,1.0
2290,218,573,1236,127,139,0.91,2,1.0
2290,219,654,1269,157,148,0.94,1,1.0
2290,220,675,1362,196,169,0.75,2,1.0
2290,222,759,1244,125,132,0.67,1,1.0
2290,223,932,1076,111,114,0.66,1,1.0
2291,212,144,563,93,74,0.89,3,1.0
2291,215,50,1340,73,66,0.68,3,1.0
2291,214,171,467,79,79,0.85,3,1.0
2291,216,131,437,84,81,0.94,3,1.0
2291,217,540,1347,163,175,0.82,1,1.0
2291,218,566,1234,126,138,0.91,2,1.0
2291,219,647,1267,156,147,0.94,1,1.0
2291,220,668,1360,196,168,0.74,1,1.0
2291,222,750,1242,125,132,0.68,1,1.0
2291,223,928,1074,110,114,0.69,1,1.0
2292,212,137,561,94,74,0.90,3,1.0
2292,215,45,1338,73,66,0.68,3,1.0
2292,214,165,464,79,80,0.87,3,1.0
2292,216,124,434,84,82,0.94,3,1.0
2292,217,534,1344,163,176,0.81,1,1.0
2292,218,560,1232,128,138,0.92,2,1.0
2292,219,641,1264,156,148,0.92,1,1.0
2292,220,663,1358,194,169,0.76,1,1.0
2292,222,742,1239,128,136,0.68,1,1.0
2292,223,923,1072,110,115,0.73,1,1.0
2293,212,127,557,96,76,0.90,3,1.0
2293,215,41,1336,74,67,0.68,3,1.0
2293,214,155,460,80,81,0.89,3,1.0
2293,216,115,431,84,82,0.94,3,1.0
2293,217,526,1340,165,178,0.79,2,1.0
2293,218,552,1229,128,140,0.93,2,1.0
2293,219,633,1260,157,150,0.88,1,1.0
2293,220,655,1357,192,168,0.79,1,1.0
2293,222,736,1238,130,137,0.69,1,1.0
2293,223,915,1070,109,114,0.74,1,1.0
2293,224,851,1653,57,92,0.64,3,1.0
2294,212,121,553,96,78,0.90,3,1.0
2294,215,38,1336,74,66,0.67,3,1.0
2294,214,149,459,80,80,0.90,3,1.0
2294,216,109,429,84,83,0.93,3,1.0
2294,217,521,1338,166,179,0.77,2,1.0
2294,218,547,1228,127,140,0.93,2,1.0
2294,219,628,1258,157,149,0.85,1,1.0
2294,220,650,1357,190,165,0.80,1,1.0
2294,222,731,1237,133,139,0.66,1,1.0
2294,223,910,1069,108,113,0.70,1,1.0
2294,224,851,1653,57,92,0.64,3,1.0
2295,212,112,551,96,76,0.90,3,1.0
2295,215,34,1335,74,65,0.66,3,1.0
2295,214,141,456,79,80,0.91,3,1.0
2295,216,101,427,83,82,0.92,3,1.0
2295,217,514,1336,164,178,0.76,1,1.0
2295,218,542,1225,125,139,0.93,2,1.0
2295,219,621,1256,156,148,0.84,2,1.0
2295,220,644,1355,186,162,0.78,2,1.0
2295,222,719,1233,131,139,0.66,1,1.0
2295,223,904,1070,104,110,0.69,1,1.0
2295,224,847,1652,56,91,0.61,3,1.0
2295,225,932,1700,125,106,0.96,2,1.0
2296,212,106,549,96,76,0.91,3,1.0
2296,215,34,1335,74,65,0.67,3,1.0
2296,214,136,455,78,79,0.91,3,1.0
2296,216,95,425,83,82,0.91,3,1.0
2296,217,510,1335,164,177,0.76,1,1.0
2296,218,538,1224,124,138,0.93,2,1.0
2296,219,616,1255,156,147,0.84,2,1.0
2296,220,639,1354,185,160,0.77,2,1.0
2296,222,716,1231,126,135,0.68,1,1.0
2296,223,899,1071,101,107,0.65,1,1.0
2296,224,844,1651,57,92,0.60,3,1.0
2296,225,932,1700,125,106,0.96,2,1.0
2297,212,98,546,97,77,0.90,3,1.0
2297,214,128,452,77,79,0.92,3,1.0
2297,216,87,423,82,81,0.92,3,1.0
2297,217,503,1333,165,177,0.76,2,1.0
2297,218,532,1221,124,140,0.93,2,1.0
2297,219,608,1252,157,148,0.85,2,1.0
2297,220,631,1350,187,161,0.77,2,1.0
2297,222,709,1227,120,134,0.71,1,1.0
2297,223,892,1070,99,106,0.65,1,1.0
2297,224,840,1649,58,92,0.63,3,1.0
2297,225,927,1692,128,115,0.94,2,1.0
2298,212,92,546,97,76,0.90,3,1.0
2298,214,123,450,76,79,0.93,3,1.0
2298,216,81,421,83,81,0.93,3,1.0
2298,217,498,1332,164,176,0.78,2,1.0
2298,218,528,1219,125,141,0.92,2,1.0
2298,219,603,1251,157,148,0.89,2,1.0
2298,220,626,1347,188,163,0.76,2,1.0
2298,222,707,1227,119,135,0.71,1,1.0
2298,223,887,1069,99,105,0.67,1,1.0
2298,224,835,1647,59,93,0.65,3,1.0
2298,225,924,1688,130,119,0.93,2,1.0
2299,212,84,544,96,75,0.91,3,1.0
2299,214,114,448,77,78,0.93,3,1.0
2299,216,73,419,82,81,0.93,3,1.0
2299,217,492,1330,163,176,0.80,2,1.0
2299,218,522,1217,126,140,0.92,2,1.0
2299,219,596,1249,156,148,0.90,1,1.0
2299,220,620,1343,189,164,0.76,2,1.0
2299,222,703,1225,122,136,0.62,1,1.0
2299,223,881,1069,96,103,0.69,2,1.0
2299,224,828,1644,59,93,0.65,3,1.0
2299,225,919,1686,131,120,0.93,2,1.0
2299,226,943,1481,82,78,0.95,3,1.0
2300,212,79,542,96,76,0.90,3,1.0
2300,214,108,447,78,78,0.93,3,1.0
2300,216,68,417,82,81,0.93,3,1.0
2300,217,487,1328,165,177,0.82,2,1.0
2300,218,517,1215,127,142,0.92,2,1.0
2300,219,591,1247,157,149,0.90,1,1.0
2300,220,615,1340,192,167,0.77,2,1.0
2300,222,698,1223,125,138,0.53,1,1.0
2300,223,876,1068,96,103,0.70,2,1.0
2300,224,823,1641,59,94,0.67,3,1.0
2300,225,913,1681,133,124,0.93,2,1.0
2300,226,943,1481,82,78,0.95,3,1.0
2301,212,71,539,97,78,0.89,3,1.0
2301,214,100,444,79,80,0.92,3,1.0
2301,216,60,415,83,81,0.94,3,1.0
2301,217,479,1326,166,177,0.84,1,1.0
2301,218,510,1213,127,143,0.92,2,1.0
2301,219,584,1245,157,149,0.89,1,1.0
2301,220,607,1338,196,169,0.78,1,1.0
2301,222,691,1221,126,139,0.48,1,1.0
2301,223,869,1065,96,105,0.71,2,1.0
2301,224,816,1639,59,93,0.73,3,1.0
2301,225,905,1671,135,133,0.92,2,1.0
2301,226,939,1479,83,80,0.94,3,1.0
2302,212,66,537,96,78,0.88,3,1.0
2302,214,95,443,79,81,0.91,3,1.0
2302,216,54,413,84,82,0.94,3,1.0
2302,217,475,1325,165,177,0.85,1,1.0
2302,218,506,1212,126,142,0.92,2,1.0
2302,219,580,1244,157,149,0.88,1,1.0
2302,220,603,1337,195,169,0.79,1,1.0
2302,222,686,1220,128,139,0.43,1,1.0
2302,223,865,1066,94,103,0.70,2,1.0
2302,224,812,1638,58,93,0.76,3,1.0
2302,225,900,1667,135,134,0.92,2,1.0
2302,226,937,1479,83,79,0.93,3,1.0
2303,212,59,536,95,77,0.87,3,1.0
2303,214,87,441,79,81,0.89,3,1.0
2303,216,46,411,84,82,0.93,3,1.0
2303,217,469,1323,164,176,0.85,2,1.0
2303,218,500,1211,126,140,0.92,2,1.0
2303,219,574,1242,156,149,0.87,2,1.0
2303,220,598,1335,194,168,0.76,2,1.0
2303,222,680,1218,128,139,0.43,1,1.0
2303,223,859,1065,92,102,0.66,2,1.0
2303,224,806,1636,57,92,0.75,3,1.0
2303,225,892,1662,135,137,0.93,2,1.0
2303,226,933,1477,84,80,0.89,3,1.0
2303,227,948,1636,79,66,0.64,3,1.0
2304,212,54,535,95,77,0.86,3,1.0
2304,214,83,439,78,83,0.89,3,1.0
2304,216,41,409,84,83,0.93,3,1.0
2304,217,465,1321,163,177,0.84,2,1.0
2304,218,496,1210,125,140,0.91,2,1.0
2304,219,569,1241,157,149,0.88,2,1.0
2304,220,594,1333,194,170,0.72,2,1.0
2304,222,676,1218,126,139,0.51,1,1.0
2304,223,854,1063,92,103,0.65,2,1.0
2304,224,802,1636,57,90,0.76,3,1.0
2304,225,887,1657,137,140,0.93,2,1.0
2304,226,928,1475,85,81,0.86,3,1.0
2304,227,948,1636,79,66,0.64,3,1.0
2305,212,47,534,95,76,0.86,3,1.0
2305,214,76,437,78,82,0.89,3,1.0
2305,216,37,408,84,83,0.94,3,1.0
2305,217,459,1320,162,175,0.84,2,1.0
2305,218,490,1209,125,139,0.91,2,1.0
2305,219,563,1240,156,148,0.89,2,1.0
2305,220,588,1331,194,172,0.67,2,1.0
2305,222,672,1217,125,139,0.57,1,1.0
2305,223,849,1062,90,102,0.66,1,1.0
2305,224,796,1635,55,89,0.77,3,1.0
2305,225,881,1651,136,144,0.93,2,1.0
2305,226,921,1473,85,81,0.85,3,1.0
2305,227,945,1635,78,65,0.68,3,1.0
2306,212,42,533,94,75,0.87,3,1.0
2306,214,72,436,77,80,0.90,3,1.0
2306,216,36,407,83,84,0.94,3,1.0
2306,217,456,1319,162,175,0.84,2,1.0
2306,218,486,1208,126,138,0.91,2,1.0
2306,219,560,1239,155,147,0.88,2,1.0
2306,220,584,1329,194,173,0.61,2,1.0
2306,222,671,1217,123,139,0.61,1,1.0
2306,223,845,1061,89,101,0.67,1,1.0
2306,224,793,1634,53,88,0.73,3,1.0
2306,225,876,1649,137,145,0.94,2,1.0
2306,226,916,1471,87,81,0.85,3,1.0
2306,227,943,1635,78,64,0.70,3,1.0
2307,212,35,530,94,77,0.88,3,1.0
2307,214,64,434,77,79,0.90,3,1.0
2307,216,32,405,83,86,0.94,3,1.0
2307,217,450,1316,162,176,0.84,2,1.0
2307,218,481,1206,125,138,0.91,2,1.0
2307,219,554,1237,154,147,0.90,1,1.0
2307,220,578,1327,193,174,0.57,2,1.0
2307,222,661,1215,123,138,0.72,1,1.0
2307,223,839,1060,88,100,0.66,2,1.0
2307,224,787,1632,53,88,0.74,3,1.0
2307,225,870,1650,137,142,0.94,2,1.0
2307,226,909,1469,87,81,0.87,3,1.0
2307,227,939,1634,79,64,0.70,3,1.0
2307,228,902,1398,142,129,0.82,3,1.0
2308,212,30,528,94,78,0.89,3,1.0
2308,214,59,432,77,80,0.90,3,1.0
2308,216,32,405,83,86,0.94,3,1.0
2308,217,446,1315,162,175,0.85,2,1.0
2308,218,477,1205,125,139,0.91,2,1.0
2308,219,550,1236,154,146,0.90,1,1.0
2308,220,573,1326,193,174,0.57,2,1.0
2308,222,654,1214,125,137,0.76,1,1.0
2308,223,835,1061,87,98,0.66,2,1.0
2308,224,783,1630,52,89,0.77,3,1.0
2308,225,865,1652,138,139,0.93,2,1.0
2308,226,904,1468,87,81,0.91,3,1.0
2308,227,933,1633,81,64,0.70,3,1.0
2308,228,902,1398,142,129,0.82,3,1.0
2309,212,26,527,95,78,0.90,3,1.0
2309,214,52,431,77,78,0.92,3,1.0
2309,217,440,1313,163,175,0.84,1,1.0
2309,218,472,1204,124,138,0.91,2,1.0
2309,219,544,1234,154,146,0.88,1,1.0
2309,220,567,1326,192,173,0.59,1,1.0
2309,222,643,1211,126,138,0.69,1,1.0
2309,223,829,1061,87,96,0.67,2,1.0
2309,224,777,1628,52,89,0.78,3,1.0
2309,225,859,1649,138,139,0.94,2,1.0
2309,226,897,1466,87,81,0.93,3,1.0
2309,227,929,1631,79,63,0.70,3,1.0
2309,228,908,1401,131,124,0.77,3,1.0
2310,212,24,526,95,78,0.89,3,1.0
2310,214,47,430,77,78,0.92,3,1.0
2310,217,435,1311,164,177,0.82,1,1.0
2310,218,468,1203,124,137,0.90,2,1.0
2310,219,540,1232,154,147,0.87,1,1.0
2310,220,563,1326,191,171,0.63,1,1.0
2310,222,642,1210,125,138,0.65,1,1.0
2310,223,826,1060,86,96,0.65,2,1.0
2310,224,773,1626,53,91,0.78,3,1.0
2310,225,854,1647,139,140,0.94,2,1.0
2310,226,892,1465,87,81,0.92,3,1.0
2310,227,928,1629,76,64,0.68,3,1.0
2310,228,910,1402,126,122,0.75,3,1.0
2311,212,19,523,96,81,0.88,3,1.0
2311,214,43,429,78,78,0.92,3,1.0
2311,217,429,1309,165,177,0.81,1,1.0
2311,218,462,1201,124,137,0.90,2,1.0
2311,219,533,1230,155,147,0.86,1,1.0
2311,220,557,1326,190,168,0.65,2,1.0
2311,222,642,1210,125,138,0.65,1,1.0
2311,223,820,1059,84,95,0.66,1,1.0
2311,224,767,1624,53,90,0.74,3,1.0
2311,225,847,1646,140,139,0.94,2,1.0
2311,226,885,1462,87,82,0.91,3,1.0
2311,227,921,1626,77,66,0.64,3,1.0
2311,228,906,1402,127,122,0.75,3,1.0
2312,212,19,523,96,81,0.88,3,1.0
2312,214,41,429,78,78,0.93,3,1.0
2312,217,425,1308,167,176,0.81,1,1.0
2312,218,458,1200,124,136,0.91,2,1.0
2312,219,530,1229,154,146,0.83,1,1.0
2312,220,554,1326,188,165,0.66,2,1.0
2312,222,640,1210,125,138,0.60,1,1.0
2312,223,816,1058,83,95,0.68,1,1.0
2312,224,763,1623,52,89,0.67,3,1.0
2312,225,843,1642,140,141,0.94,2,1.0
2312,226,881,1459,87,83,0.89,3,1.0
2312,227,918,1625,76,65,0.61,3,1.0
2312,228,904,1402,125,120,0.73,3,1.0
2313,214,38,429,77,77,0.94,3,1.0
2313,217,419,1306,168,176,0.81,1,1.0
2313,218,453,1198,122,136,0.91,2,1.0
2313,219,523,1226,155,147,0.81,2,1.0
2313,220,548,1325,188,163,0.69,2,1.0
2313,222,637,1208,124,139,0.50,1,1.0
2313,223,811,1057,80,93,0.69,2,1.0
2313,224,757,1622,51,87,0.60,3,1.0
2313,225,836,1635,141,146,0.95,2,1.0
2313,226,874,1457,88,83,0.89,3,1.0
2313,227,912,1623,76,66,0.59,3,1.0
2313,228,906,1405,116,114,0.69,3,1.0
2314,214,38,429,77,77,0.94,3,1.0
2314,217,415,1305,168,176,0.82,1,1.0
2314,218,450,1197,120,136,0.91,2,1.0
2314,219,519,1225,154,147,0.80,2,1.0
2314,220,543,1323,189,163,0.69,2,1.0
2314,222,637,1208,124,139,0.50,1,1.0
2314,223,807,1056,78,93,0.69,2,1.0
2314,224,753,1621,50,85,0.56,3,1.0
2314,225,832,1634,140,145,0.94,2,1.0
2314,226,869,1455,89,83,0.90,3,1.0
2314,227,904,1622,80,67,0.58,3,1.0
2314,228,904,1406,114,111,0.69,3,1.0
2315,217,410,1304,165,173,0.82,1,1.0
2315,218,445,1196,119,134,0.91,2,1.0
2315,219,514,1223,152,146,0.81,2,1.0
2315,220,538,1320,188,160,0.70,1,1.0
2315,223,802,1054,75,93,0.71,2,1.0
2315,224,751,1620,48,84,0.52,3,1.0
2315,225,826,1633,139,143,0.94,2,1.0
2315,226,863,1453,88,83,0.92,3,1.0
2315,227,893,1620,84,68,0.53,3,1.0
2315,228,893,1404,119,111,0.67,3,1.0
2316,217,407,1304,161,171,0.81,1,1.0
2316,218,442,1195,118,134,0.91,2,1.0
2316,219,510,1222,152,146,0.81,2,1.0
2316,220,534,1317,188,159,0.73,1,1.0
2316,223,798,1052,75,93,0.70,2,1.0
2316,224,749,1620,47,83,0.52,3,1.0
2316,225,821,1632,140,142,0.94,2,1.0
2316,226,858,1453,88,81,0.93,3,1.0
2316,227,888,1620,85,67,0.52,3,1.0
2316,228,887,1403,120,110,0.65,3,1.0
2317,217,401,1302,161,171,0.80,1,1.0
2317,218,436,1193,119,134,0.91,2,1.0
2317,219,504,1220,152,146,0.80,2,1.0
2317,220,528,1314,188,157,0.75,1,1.0
2317,223,792,1050,74,93,0.73,2,1.0
2317,224,745,1619,47,83,0.52,3,1.0
2317,225,814,1629,141,143,0.94,2,1.0
2317,226,851,1452,88,80,0.93,3,1.0
2317,227,879,1619,88,67,0.52,3,1.0
2317,228,879,1402,122,109,0.67,3,1.0
2318,217,397,1301,161,171,0.79,1,1.0
2318,218,432,1191,120,134,0.90,2,1.0
2318,219,499,1219,153,146,0.79,2,1.0
2318,220,526,1311,187,156,0.75,1,1.0
2318,223,787,1048,75,94,0.76,2,1.0
2318,224,745,1620,47,82,0.51,3,1.0
2318,225,810,1628,141,143,0.94,2,1.0
2318,226,847,1450,87,81,0.92,3,1.0
2318,227,875,1619,88,65,0.51,3,1.0
2318,228,868,1398,129,113,0.70,3,1.0
2319,217,392,1299,159,171,0.77,1,1.0
2319,218,426,1189,121,134,0.90,2,1.0
2319,219,493,1217,152,146,0.82,2,1.0
2319,220,520,1308,187,154,0.73,2,1.0
2319,223,782,1045,73,96,0.73,2,1.0
2319,225,804,1626,140,142,0.94,2,1.0
2319,226,840,1448,87,81,0.90,3,1.0
2319,227,870,1617,87,65,0.54,3,1.0
2319,228,854,1390,137,119,0.73,3,1.0
2319,229,889,1620,58,56,0.61,3,1.0
2320,217,388,1297,160,172,0.76,1,1.0
2320,218,422,1187,122,135,0.90,2,1.0
2320,219,489,1216,153,145,0.84,2,1.0
2320,220,515,1307,188,154,0.70,2,1.0
2320,223,778,1043,73,97,0.70,2,1.0
2320,225,800,1625,140,142,0.94,2,1.0
2320,226,835,1447,89,81,0.89,3,1.0
2320,227,867,1616,87,66,0.59,3,1.0
2320,228,852,1387,135,121,0.76,3,1.0
2320,229,890,1620,58,56,0.60,3,1.0
2321,217,381,1295,163,173,0.77,2,1.0
2321,218,416,1184,123,136,0.90,2,1.0
2321,219,482,1214,154,146,0.84,2,1.0
2321,220,508,1305,190,156,0.71,2,1.0
2321,223,773,1042,71,96,0.69,2,1.0
2321,225,793,1622,142,144,0.94,2,1.0
2321,226,828,1445,90,81,0.89,3,1.0
2321,227,865,1612,84,68,0.66,3,1.0
2321,228,844,1384,137,123,0.81,3,1.0
2321,229,890,1620,58,56,0.60,3,1.0
2322,217,377,1294,163,172,0.78,2,1.0
2322,218,412,1183,123,135,0.90,2,1.0
2322,219,478,1213,154,146,0.84,1,1.0
2322,220,504,1303,191,158,0.73,2,1.0
2322,223,769,1041,71,96,0.66,2,1.0
2322,225,789,1621,142,144,0.94,2,1.0
2322,226,824,1443,90,82,0.89,3,1.0
2322,227,864,1608,81,70,0.71,3,1.0
2322,228,839,1382,138,124,0.82,3,1.0
2322,229,890,1620,58,56,0.60,3,1.0
2323,217,372,1292,162,172,0.79,2,1.0
2323,218,407,1182,122,134,0.90,2,1.0
2323,219,473,1212,153,145,0.86,1,1.0
2323,220,498,1302,191,159,0.70,1,1.0
2323,223,764,1039,69,95,0.60,2,1.0
2323,225,784,1620,141,143,0.94,2,1.0
2323,226,818,1441,89,82,0.91,3,1.0
2323,227,858,1605,82,72,0.74,3,1.0
2323,228,832,1379,140,125,0.84,3,1.0
2323,229,884,1618,58,56,0.64,3,1.0
2324,217,368,1291,163,172,0.82,2,1.0
2324,218,404,1182,120,132,0.90,2,1.0
2324,219,469,1211,152,145,0.84,1,1.0
2324,220,495,1302,191,160,0.68,1,1.0
2324,223,760,1039,67,94,0.60,2,1.0
2324,225,780,1619,141,143,0.95,2,1.0
2324,226,814,1440,89,82,0.93,3,1.0
2324,227,855,1602,82,74,0.75,3,1.0
2324,228,827,1379,141,124,0.86,3,1.0
2324,229,879,1616,57,57,0.69,3,1.0
2325,217,363,1290,162,170,0.82,2,1.0
2325,218,399,1181,120,131,0.91,2,1.0
2325,219,464,1209,151,144,0.83,1,1.0
2325,220,491,1301,189,161,0.68,2,1.0
2325,223,756,1038,65,92,0.61,2,1.0
2325,225,775,1619,141,141,0.95,2,1.0
2325,226,808,1439,89,81,0.96,3,1.0
2325,227,849,1598,83,77,0.72,3,1.0
2325,228,821,1378,141,123,0.88,3,1.0
2325,229,868,1612,59,59,0.68,3,1.0
2325,222,566,1192,115,126,0.56,1,1.0
2326,217,360,1290,160,168,0.80,2,1.0
2326,218,397,1181,119,131,0.92,2,1.0
2326,219,461,1209,149,142,0.85,1,1.0
2326,220,487,1301,188,159,0.64,2,1.0
2326,223,753,1037,65,91,0.59,2,1.0
2326,225,772,1620,140,138,0.95,2,1.0
2326,226,805,1439,88,80,0.96,3,1.0
2326,227,844,1598,84,76,0.66,3,1.0
2326,228,819,1377,139,122,0.88,3,1.0
2326,229,866,1611,60,59,0.64,3,1.0
2326,222,566,1192,115,126,0.57,1,1.0
2327,217,355,1288,159,169,0.80,2,1.0
2327,218,392,1180,120,131,0.92,2,1.0
2327,219,456,1208,149,141,0.86,2,1.0
2327,220,482,1300,187,157,0.63,2,1.0
2327,223,749,1035,63,91,0.55,2,1.0
2327,225,767,1619,140,137,0.95,2,1.0
2327,226,799,1438,89,79,0.96,3,1.0
2327,227,836,1597,88,76,0.61,3,1.0
2327,228,814,1376,139,121,0.90,3,1.0
2327,229,865,1612,59,58,0.62,3,1.0
2327,222,560,1190,119,129,0.51,1,1.0
2328,217,352,1287,159,169,0.78,2,1.0
2328,218,389,1179,122,132,0.92,2,1.0
2328,219,453,1207,149,141,0.85,2,1.0
2328,220,480,1299,185,156,0.67,2,1.0
2328,223,747,1034,62,92,0.55,2,1.0
2328,225,764,1618,140,137,0.95,2,1.0
2328,226,795,1437,90,79,0.96,3,1.0
2328,227,832,1596,89,77,0.59,3,1.0
2328,228,811,1375,138,121,0.90,3,1.0
2328,229,862,1612,59,57,0.59,3,1.0
2328,222,557,1189,120,130,0.49,1,1.0
2329,217,347,1286,159,169,0.77,1,1.0
2329,218,385,1178,120,131,0.92,2,1.0
2329,219,449,1205,148,141,0.86,2,1.0
2329,220,475,1298,184,154,0.70,1,1.0
2329,223,745,1033,62,92,0.55,2,1.0
2329,225,759,1620,141,133,0.94,2,1.0
2329,226,790,1436,90,79,0.95,3,1.0
2329,227,829,1594,88,76,0.58,3,1.0
2329,228,807,1376,137,118,0.90,3,1.0
2329,229,858,1611,59,56,0.52,3,1.0
2329,222,557,1189,120,130,0.49,1,1.0
2330,217,343,1285,160,169,0.78,1,1.0
2330,218,382,1177,119,130,0.91,2,1.0
2330,219,445,1204,149,141,0.85,2,1.0
2330,220,472,1298,183,152,0.71,1,1.0
2330,223,744,1031,61,94,0.53,2,1.0
2330,225,756,1621,141,132,0.94,2,1.0
2330,226,786,1435,91,79,0.95,3,1.0
2330,227,831,1594,83,75,0.60,3,1.0
2330,228,806,1379,135,115,0.89,3,1.0
2330,229,857,1610,57,56,0.47,3,1.0
2330,222,554,1189,122,130,0.46,1,1.0
2331,217,339,1283,162,170,0.81,2,1.0
2331,218,377,1175,118,130,0.91,2,1.0
2331,219,441,1202,149,142,0.86,2,1.0
2331,220,468,1297,183,153,0.75,2,1.0
2331,223,736,1029,60,94,0.49,2,1.0
2331,225,752,1620,140,131,0.94,2,1.0
2331,226,781,1434,90,78,0.95,3,1.0
2331,227,824,1591,86,77,0.64,3,1.0
2331,228,801,1377,135,116,0.89,3,1.0
2331,229,854,1607,56,57,0.47,3,1.0
2331,222,549,1187,124,133,0.40,1,1.0
2331,230,835,1013,64,51,0.54,3,1.0
2332,217,337,1283,162,168,0.83,2,1.0
2332,218,375,1174,116,128,0.91,2,1.0
2332,219,439,1202,147,140,0.87,2,1.0
2332,220,466,1297,182,152,0.76,2,1.0
2332,223,731,1030,59,90,0.47,2,1.0
2332,225,749,1621,140,129,0.94,2,1.0
2332,226,778,1433,90,78,0.94,3,1.0
2332,227,820,1589,87,77,0.66,3,1.0
2332,228,800,1376,133,116,0.89,3,1.0
2332,229,851,1604,56,59,0.45,3,1.0
2332,222,549,1187,124,133,0.40,1,1.0
2332,230,835,1013,64,51,0.54,3,1.0
2333,217,332,1281,164,168,0.83,2,1.0
2333,218,371,1173,113,126,0.91,2,1.0
2333,219,434,1200,148,140,0.86,2,1.0
2333,220,461,1296,183,150,0.72,2,1.0
2333,223,724,1030,58,88,0.42,2,1.0
2333,225,745,1621,139,128,0.94,2,1.0
2333,226,773,1431,90,79,0.93,3,1.0
2333,227,816,1587,87,77,0.60,3,1.0
2333,228,797,1375,132,116,0.87,3,1.0
2333,229,847,1601,55,60,0.46,3,1.0
2333,230,832,1011,64,53,0.45,3,1.0
2334,217,329,1280,166,169,0.83,2,1.0
2334,218,368,1172,113,127,0.92,2,1.0
2334,219,430,1199,149,141,0.84,2,1.0
2334,220,457,1296,185,147,0.69,2,1.0
2334,223,724,1030,58,88,0.42,2,1.0
2334,225,742,1619,139,129,0.93,2,1.0
2334,226,770,1430,90,79,0.92,3,1.0
2334,227,815,1588,85,76,0.61,3,1.0
2334,228,793,1372,132,118,0.87,3,1.0
2334,229,845,1600,55,61,0.50,3,1.0
2334,230,831,1011,64,53,0.41,3,1.0
2335,217,324,1278,167,170,0.83,2,1.0
2335,218,364,1171,113,126,0.92,2,1.0
2335,219,426,1197,149,142,0.83,2,1.0
2335,220,453,1294,185,146,0.69,2,1.0
2335,223,721,1030,57,86,0.42,2,1.0
2335,225,738,1616,139,131,0.93,2,1.0
2335,226,765,1428,90,80,0.92,3,1.0
2335,227,806,1587,90,77,0.63,3,1.0
2335,228,794,1371,127,117,0.86,3,1.0
2335,229,840,1597,55,63,0.57,3,1.0
2335,230,828,1009,65,55,0.50,3,1.0
2336,217,321,1276,165,171,0.81,2,1.0
2336,218,361,1170,113,126,0.91,2,1.0
2336,219,422,1195,150,144,0.82,2,1.0
2336,220,449,1292,187,144,0.65,2,1.0
2336,223,718,1030,55,85,0.41,2,1.0
2336,225,735,1614,139,133,0.93,2,1.0
2336,226,762,1427,90,80,0.92,3,1.0
2336,227,803,1587,90,77,0.66,3,1.0
2336,228,798,1373,119,113,0.86,3,1.0
2336,229,837,1597,56,63,0.61,3,1.0
2336,230,824,1007,66,56,0.57,3,1.0
2337,217,316,1275,165,171,0.82,2,1.0
2337,218,356,1168,113,127,0.91,2,1.0
2337,219,417,1192,151,146,0.81,2,1.0
2337,220,444,1289,188,144,0.66,2,1.0
2337,223,715,1029,55,84,0.40,2,1.0
2337,225,730,1611,140,135,0.93,2,1.0
2337,226,757,1425,90,81,0.92,3,1.0
2337,227,803,1587,88,76,0.65,3,1.0
2337,228,801,1377,111,108,0.86,3,1.0
2337,229,833,1594,56,65,0.68,3,1.0
2337,230,819,1005,66,57,0.60,3,1.0
2338,217,313,1274,164,170,0.84,2,1.0
2338,218,353,1167,113,127,0.91,2,1.0
2338,219,414,1192,150,144,0.83,2,1.0
2338,220,441,1286,187,147,0.70,2,1.0
2338,223,713,1030,52,81,0.42,2,1.0
2338,225,727,1609,140,135,0.94,2,1.0
2338,226,753,1424,90,81,0.92,3,1.0
2338,227,803,1589,86,74,0.77,3,1.0
2338,228,806,1381,102,103,0.86,3,1.0
2338,229,830,1592,56,66,0.72,3,1.0
2338,230,815,1004,67,57,0.68,3,1.0
2339,217,308,1273,164,169,0.86,2,1.0
2339,218,349,1165,114,128,0.91,2,1.0
2339,219,409,1191,150,144,0.85,2,1.0
2339,220,437,1283,187,149,0.73,2,1.0
2339,223,713,1030,52,81,0.42,2,1.0
2339,225,723,1606,140,137,0.94,2,1.0
2339,226,748,1424,90,79,0.93,3,1.0
2339,227,792,1584,90,77,0.78,3,1.0
2339,228,808,1385,95,98,0.85,3,1.0
2339,229,824,1590,58,67,0.77,3,1.0
2339,230,813,1003,66,58,0.78,3,1.0
2340,217,305,1273,165,168,0.89,2,1.0
2340,218,346,1163,115,130,0.92,2,1.0
2340,219,406,1191,150,143,0.85,2,1.0
2340,220,433,1281,187,151,0.74,2,1.0
2340,223,713,1030,52,81,0.42,2,1.0
2340,225,720,1605,139,137,0.95,2,1.0
2340,226,745,1423,90,79,0.93,3,1.0
2340,227,794,1584,84,76,0.75,3,1.0
2340,228,805,1385,95,97,0.84,3,1.0
2340,229,822,1589,58,67,0.79,3,1.0
2340,230,811,1003,67,57,0.74,3,1.0
2341,217,300,1272,164,167,0.91,2,1.0
2341,218,341,1162,116,130,0.92,2,1.0
2341,219,401,1189,149,144,0.87,2,1.0
2341,220,428,1278,187,155,0.77,2,1.0
2341,225,715,1604,140,137,0.93,2,1.0
2341,226,739,1422,91,78,0.93,3,1.0
2341,227,792,1584,79,72,0.74,3,1.0
2341,228,801,1385,94,96,0.83,3,1.0
2341,229,818,1589,57,66,0.78,3,1.0
2341,230,802,1002,66,55,0.71,3,1.0
2341,231,946,1389,75,98,0.93,2,1.0
2342,217,297,1270,163,168,0.91,2,1.0
2342,218,338,1160,116,131,0.92,2,1.0
2342,219,397,1188,150,145,0.87,2,1.0
2342,220,423,1277,189,156,0.76,2,1.0
2342,225,712,1603,140,137,0.91,2,1.0
2342,226,736,1421,91,79,0.93,3,1.0
2342,227,790,1584,80,70,0.74,3,1.0
2342,228,797,1385,95,95,0.81,3,1.0
2342,229,814,1590,59,64,0.75,3,1.0
2342,230,796,1001,64,54,0.74,3,1.0
2342,231,946,1389,75,98,0.93,2,1.0
2343,217,293,1269,161,167,0.90,2,1.0
2343,218,334,1159,116,129,0.92,2,1.0
2343,219,393,1187,149,144,0.85,2,1.0
2343,220,419,1276,188,156,0.78,2,1.0
2343,225,708,1602,139,136,0.91,2,1.0
2343,226,731,1420,90,78,0.92,3,1.0
2343,227,791,1584,77,69,0.69,3,1.0
2343,228,785,1378,103,101,0.80,3,1.0
2343,229,810,1592,58,60,0.75,3,1.0
2343,230,787,999,62,54,0.72,3,1.0
2343,231,942,1390,75,96,0.90,2,1.0
2344,217,290,1269,159,165,0.88,2,1.0
2344,218,332,1159,115,127,0.91,2,1.0
2344,219,391,1187,147,142,0.85,2,1.0
2344,220,417,1275,186,157,0.82,2,1.0
2344,225,705,1601,138,136,0.91,2,1.0
2344,226,728,1419,90,78,0.92,3,1.0
2344,227,792,1583,73,68,0.65,3,1.0
2344,228,775,1371,112,107,0.80,3,1.0
2344,229,807,1593,58,58,0.73,3,1.0
2344,230,786,999,61,53,0.70,3,1.0
2344,231,940,1390,75,95,0.89,2,1.0
2345,217,285,1266,159,166,0.86,2,1.0
2345,218,327,1158,115,126,0.90,2,1.0
2345,219,386,1185,147,142,0.85,2,1.0
2345,220,412,1274,186,156,0.79,2,1.0
2345,225,700,1600,139,135,0.91,2,1.0
2345,226,722,1417,90,78,0.91,3,1.0
2345,227,786,1579,75,70,0.67,3,1.0
2345,228,763,1364,120,114,0.80,3,1.0
2345,229,802,1593,59,56,0.70,3,1.0
2345,230,783,998,63,54,0.62,3,1.0
2345,231,937,1389,76,95,0.90,2,1.0
2346,217,282,1265,160,166,0.85,2,1.0
2346,218,324,1157,115,125,0.89,2,1.0
2346,219,382,1184,148,141,0.85,2,1.0
2346,220,410,1274,185,153,0.76,2,1.0
2346,225,697,1599,139,135,0.92,2,1.0
2346,226,719,1416,89,78,0.91,3,1.0
2346,227,784,1575,74,74,0.67,3,1.0
2346,228,753,1359,128,119,0.82,3,1.0
2346,229,799,1592,58,56,0.71,3,1.0
2346,230,779,996,64,55,0.53,3,1.0
2346,231,934,1388,75,95,0.89,2,1.0
2347,217,278,1263,158,165,0.82,2,1.0
2347,218,320,1157,114,123,0.89,2,1.0
2347,219,377,1183,148,139,0.86,2,1.0
2347,220,406,1273,182,151,0.71,2,1.0
2347,225,693,1598,137,134,0.94,2,1.0
2347,226,714,1414,89,78,0.91,3,1.0
2347,227,777,1571,76,77,0.68,3,1.0
2347,228,746,1353,130,123,0.82,3,1.0
2347,229,792,1588,61,59,0.70,3,1.0
2347,230,773,995,62,54,0.49,3,1.0
2347,231,928,1388,75,93,0.88,2,1.0
2348,217,274,1262,159,165,0.80,2,1.0
2348,218,317,1156,113,123,0.89,2,1.0
2348,219,373,1182,148,139,0.88,2,1.0
2348,220,402,1273,183,149,0.63,2,1.0
2348,225,689,1597,138,133,0.94,2,1.0
2348,226,710,1412,89,79,0.91,3,1.0
2348,227,769,1568,81,80,0.74,3,1.0
2348,228,749,1354,123,120,0.80,3,1.0
2348,229,786,1584,64,62,0.66,3,1.0
2348,230,769,994,60,54,0.48,3,1.0
2348,231,925,1388,75,92,0.89,2,1.0
2349,217,268,1259,161,167,0.79,2,1.0
2349,218,311,1153,115,125,0.89,2,1.0
2349,219,367,1179,150,141,0.88,1,1.0
2349,220,396,1270,185,150,0.60,1,1.0
2349,225,684,1595,139,135,0.94,2,1.0
2349,226,704,1410,90,79,0.92,3,1.0
2349,227,762,1566,84,81,0.71,3,1.0
2349,228,749,1355,118,118,0.81,3,1.0
2349,229,782,1581,64,64,0.65,3,1.0
2349,230,762,992,61,54,0.43,3,1.0
2349,231,918,1386,77,93,0.89,2,1.0
2350,217,263,1256,163,169,0.76,2,1.0
2350,218,307,1151,116,126,0.89,2,1.0
2350,219,363,1177,151,142,0.87,1,1.0
2350,220,392,1268,186,151,0.62,1,1.0
2350,225,680,1594,139,135,0.94,2,1.0
2350,226,700,1409,90,79,0.93,3,1.0
2350,227,759,1566,84,80,0.62,3,1.0
2350,228,751,1354,113,117,0.81,3,1.0
2350,229,779,1578,64,66,0.64,3,1.0
2350,230,760,991,59,54,0.46,3,1.0
2350,231,913,1385,78,93,0.88,2,1.0
2351,217,257,1254,163,170,0.72,1,1.0
2351,218,302,1149,115,127,0.89,2,1.0
2351,219,357,1173,152,144,0.88,1,1.0
2351,220,386,1267,186,151,0.65,1,1.0
2351,225,675,1591,140,136,0.95,2,1.0
2351,226,695,1407,90,79,0.93,3,1.0
2351,227,756,1566,83,79,0.58,3,1.0
2351,228,746,1352,112,117,0.81,3,1.0
2351,229,777,1575,64,68,0.64,3,1.0
2351,230,756,991,55,52,0.50,3,1.0
2351,231,906,1383,80,93,0.87,2,1.0
2352,217,252,1252,166,171,0.69,1,1.0
2352,218,298,1147,116,129,0.88,2,1.0
2352,219,352,1171,154,145,0.88,1,1.0
2352,220,382,1266,187,152,0.69,1,1.0
2352,225,670,1588,143,139,0.95,2,1.0
2352,226,691,1406,91,80,0.92,3,1.0
2352,227,755,1566,81,78,0.54,3,1.0
2352,228,738,1350,117,118,0.83,3,1.0
2352,229,777,1576,63,67,0.65,3,1.0
2352,230,754,990,57,53,0.47,3,1.0
2352,231,901,1380,82,96,0.87,2,1.0
2353,217,245,1248,171,174,0.71,1,1.0
2353,218,291,1144,117,130,0.88,2,1.0
2353,219,346,1167,154,148,0.85,2,1.0
2353,220,376,1264,189,152,0.69,2,1.0
2353,225,665,1587,143,139,0.95,2,1.0
2353,226,685,1403,92,82,0.91,3,1.0
2353,227,755,1565,76,76,0.53,3,1.0
2353,228,727,1346,123,122,0.84,3,1.0
2353,229,777,1576,61,66,0.67,3,1.0
2353,230,737,984,64,55,0.47,3,1.0
2353,231,894,1377,83,98,0.86,2,1.0
2354,217,242,1247,171,174,0.73,1,1.0
2354,218,287,1144,115,128,0.87,2,1.0
2354,219,341,1165,155,149,0.84,2,1.0
2354,220,372,1263,189,152,0.64,2,1.0
2354,225,661,1586,143,139,0.96,2,1.0
2354,226,681,1401,92,83,0.90,3,1.0
2354,227,754,1564,74,76,0.59,3,1.0
2354,228,718,1344,127,123,0.85,3,1.0
2354,229,776,1576,62,67,0.66,3,1.0
2354,230,726,980,66,57,0.57,3,1.0
2354,231,889,1374,84,100,0.85,2,1.0
2355,217,236,1246,171,173,0.72,2,1.0
2355,218,282,1142,115,128,0.88,2,1.0
2355,219,335,1163,156,150,0.85,2,1.0
2355,220,366,1261,190,152,0.65,2,1.0
2355,225,656,1584,144,140,0.96,2,1.0
2355,226,675,1399,92,83,0.88,3,1.0
2355,227,751,1562,72,76,0.68,3,1.0
2355,228,713,1345,125,121,0.85,3,1.0
2355,230,723,978,68,58,0.60,3,1.0
2355,231,883,1372,84,101,0.85,2,1.0
2356,217,233,1244,170,174,0.74,2,1.0
2356,218,279,1140,115,127,0.89,2,1.0
2356,219,331,1161,156,151,0.85,2,1.0
2356,220,362,1258,191,154,0.65,2,1.0
2356,225,653,1584,144,139,0.95,2,1.0
2356,226,672,1398,91,83,0.87,3,1.0
2356,227,751,1561,70,76,0.70,3,1.0
2356,228,714,1347,120,118,0.85,3,1.0
2356,230,722,977,69,59,0.62,3,1.0
2356,231,879,1371,85,101,0.85,2,1.0
2357,217,227,1243,171,173,0.75,1,1.0
2357,218,274,1139,114,126,0.90,2,1.0
2357,219,326,1159,155,151,0.81,2,1.0
2357,220,357,1254,192,156,0.65,2,1.0
2357,225,648,1583,144,139,0.95,2,1.0
2357,226,666,1396,92,84,0.87,3,1.0
2357,227,741,1558,75,78,0.75,3,1.0
2357,228,714,1350,113,113,0.86,3,1.0
2357,230,718,974,72,61,0.55,3,1.0
2357,231,872,1370,85,101,0.85,2,1.0
2358,217,224,1242,169,173,0.73,1,1.0
2358,218,271,1138,114,126,0.89,2,1.0
2358,219,322,1158,156,151,0.81,2,1.0
2358,220,354,1251,193,161,0.71,2,1.0
2358,225,645,1581,144,140,0.94,2,1.0
2358,226,662,1395,92,84,0.87,3,1.0
2358,227,735,1557,77,78,0.77,3,1.0
2358,228,716,1353,107,109,0.87,3,1.0
2358,230,714,971,75,63,0.50,3,1.0
2358,231,868,1369,86,101,0.87,2,1.0
2359,217,218,1241,169,172,0.73,2,1.0
2359,218,267,1136,112,127,0.89,2,1.0
2359,219,317,1157,156,151,0.84,2,1.0
2359,220,348,1248,194,164,0.78,2,1.0
2359,225,640,1579,145,142,0.94,2,1.0
2359,226,657,1394,92,85,0.86,3,1.0
2359,227,723,1555,83,80,0.82,3,1.0
2359,228,717,1356,99,104,0.88,3,1.0
2359,230,708,967,79,65,0.48,3,1.0
2359,231,862,1368,86,101,0.88,2,1.0
2360,217,214,1241,170,171,0.75,2,1.0
2360,218,263,1136,112,127,0.88,2,1.0
2360,219,313,1157,156,150,0.84,2,1.0
2360,220,346,1247,192,165,0.79,2,1.0
2360,225,637,1578,145,142,0.94,2,1.0
2360,226,652,1393,93,85,0.87,3,1.0
2360,227,712,1552,90,83,0.83,3,1.0
2360,228,713,1356,97,103,0.88,3,1.0
2360,230,704,965,82,67,0.43,3,1.0
2360,231,858,1368,85,101,0.88,2,1.0
2361,217,208,1240,170,171,0.77,1,1.0
2361,218,257,1134,113,129,0.87,2,1.0
2361,219,306,1156,157,149,0.85,2,1.0
2361,220,340,1246,192,166,0.77,2,1.0
2361,225,632,1578,144,142,0.94,2,1.0
2361,226,646,1392,93,86,0.88,3,1.0
2361,227,712,1552,87,83,0.82,3,1.0
2361,228,707,1356,96,102,0.89,3,1.0
2361,230,697,961,83,70,0.47,3,1.0
2361,231,851,1367,86,101,0.88,2,1.0
2362,217,204,1240,169,171,0.79,1,1.0
2362,218,254,1133,113,129,0.88,2,1.0
2362,219,302,1156,157,149,0.89,2,1.0
2362,220,336,1246,191,165,0.73,2,1.0
2362,225,629,1578,143,141,0.94,2,1.0
2362,226,643,1392,91,84,0.90,3,1.0
2362,227,711,1552,85,81,0.82,3,1.0
2362,228,703,1356,95,101,0.88,3,1.0
2362,230,692,958,83,72,0.58,3,1.0
2362,231,846,1367,87,101,0.88,2,1.0
2363,217,198,1239,169,171,0.82,2,1.0
2363,218,248,1132,114,129,0.88,2,1.0
2363,219,295,1155,157,149,0.92,1,1.0
2363,220,331,1246,190,164,0.70,2,1.0
2363,225,623,1578,144,139,0.94,2,1.0
2363,226,637,1392,91,83,0.90,3,1.0
2363,227,709,1552,82,81,0.82,3,1.0
2363,228,697,1356,94,101,0.88,3,1.0
2363,230,685,958,82,71,0.67,3,1.0
2363,231,839,1366,88,101,0.88,2,1.0
2364,217,194,1238,168,171,0.82,2,1.0
2364,218,244,1132,113,128,0.88,2,1.0
2364,219,292,1155,156,148,0.91,1,1.0
2364,220,327,1246,191,163,0.67,2,1.0
2364,225,620,1579,143,137,0.94,2,1.0
2364,226,633,1392,91,81,0.90,3,1.0
2364,227,710,1552,77,80,0.79,3,1.0
2364,228,693,1356,93,100,0.88,3,1.0
2364,230,681,959,78,69,0.73,3,1.0
2364,231,834,1366,89,100,0.87,2,1.0
2365,217,188,1237,168,170,0.82,2,1.0
2365,218,239,1131,113,128,0.88,2,1.0
2365,219,286,1154,155,147,0.90,1,1.0
2365,220,321,1245,191,165,0.62,2,1.0
2365,225,614,1578,143,137,0.94,2,1.0
2365,226,627,1391,91,81,0.90,3,1.0
2365,227,711,1554,71,77,0.72,3,1.0
2365,228,687,1356,91,98,0.89,3,1.0
2365,230,674,959,76,68,0.74,3,1.0
2365,231,827,1364,90,102,0.87,2,1.0
2366,217,184,1237,169,169,0.82,2,1.0
2366,218,235,1131,111,127,0.87,2,1.0
2366,219,282,1153,155,147,0.89,1,1.0
2366,220,317,1244,192,167,0.62,2,1.0
2366,225,610,1577,143,137,0.94,2,1.0
2366,226,623,1391,91,80,0.88,3,1.0
2366,227,710,1557,68,73,0.69,3,1.0
2366,228,683,1355,90,99,0.90,3,1.0
2366,230,670,962,75,65,0.68,3,1.0
2366,231,822,1363,91,102,0.87,2,1.0
2367,217,178,1236,168,169,0.80,2,1.0
2367,218,229,1131,110,125,0.85,2,1.0
2367,219,276,1152,154,147,0.87,1,1.0
2367,220,311,1243,192,168,0.64,2,1.0
2367,225,605,1575,142,138,0.94,2,1.0
2367,226,616,1391,92,79,0.87,3,1.0
2367,227,706,1557,67,72,0.71,3,1.0
2367,228,677,1355,89,98,0.90,3,1.0
2367,230,663,964,74,62,0.65,3,1.0
2367,231,814,1363,92,101,0.87,2,1.0
2367,232,630,997,66,93,0.88,2,1.0
2368,217,173,1235,168,169,0.77,2,1.0
2368,218,225,1129,110,126,0.85,2,1.0
2368,219,271,1152,155,147,0.87,1,1.0
2368,220,305,1243,192,169,0.65,2,1.0
2368,225,601,1575,142,137,0.94,2,1.0
2368,226,611,1390,92,80,0.87,3,1.0
2368,227,701,1556,68,73,0.74,3,1.0
2368,228,673,1354,88,99,0.91,3,1.0
2368,230,658,963,75,62,0.65,3,1.0
2368,231,809,1364,93,100,0.88,2,1.0
2368,232,630,997,66,93,0.88,2,1.0
2369,217,167,1234,167,169,0.76,2,1.0
2369,218,219,1128,110,125,0.82,2,1.0
2369,219,264,1151,155,147,0.89,1,1.0
2369,220,297,1243,190,170,0.66,1,1.0
2369,225,595,1574,142,138,0.94,2,1.0
2369,226,603,1390,93,80,0.87,3,1.0
2369,227,696,1557,68,71,0.76,3,1.0
2369,228,666,1354,88,99,0.90,3,1.0
2369,230,651,962,75,63,0.60,3,1.0
2369,231,800,1363,96,102,0.88,2,1.0
2369,232,626,996,67,94,0.83,2,1.0
2370,217,162,1233,168,169,0.76,2,1.0
2370,218,215,1127,109,126,0.79,2,1.0
2370,219,258,1150,157,148,0.90,1,1.0
2370,220,292,1243,187,170,0.69,2,1.0
2370,225,591,1575,142,137,0.94,2,1.0
2370,226,599,1390,92,80,0.87,3,1.0
2370,227,691,1556,69,72,0.82,3,1.0
2370,228,660,1353,89,100,0.89,3,1.0
2370,230,645,961,77,63,0.58,3,1.0
2370,231,794,1362,98,103,0.89,2,1.0
2370,232,623,995,68,95,0.80,2,1.0
2371,217,155,1232,167,170,0.75,2,1.0
2371,218,208,1126,109,125,0.78,2,1.0
2371,219,251,1149,157,149,0.90,1,1.0
2371,220,284,1244,187,168,0.70,2,1.0
2371,225,585,1575,142,136,0.94,2,1.0
2371,226,592,1389,92,81,0.87,3,1.0
2371,227,684,1552,70,76,0.88,3,1.0
2371,228,653,1353,88,100,0.88,3,1.0
2371,230,638,960,77,63,0.65,3,1.0
2371,231,786,1362,99,102,0.89,2,1.0
2371,232,619,995,69,95,0.79,2,1.0
2371,233,533,1571,75,81,0.78,3,1.0
2372,217,150,1231,167,170,0.76,2,1.0
2372,218,204,1125,107,125,0.77,2,1.0
2372,219,246,1149,157,148,0.91,1,1.0
2372,220,279,1243,187,169,0.68,2,1.0
2372,225,581,1574,142,137,0.94,2,1.0
2372,226,587,1388,92,82,0.87,3,1.0
2372,227,681,1551,70,77,0.89,3,1.0
2372,228,649,1352,86,100,0.87,3,1.0
2372,230,632,958,78,65,0.68,3,1.0
2372,231,780,1361,101,103,0.89,2,1.0
2372,232,614,995,70,94,0.77,2,1.0
2372,233,533,1571,75,82,0.79,3,1.0
2373,217,143,1230,168,170,0.78,2,1.0
2373,218,198,1125,106,125,0.76,2,1.0
2373,219,238,1148,157,148,0.92,1,1.0
2373,220,272,1243,186,169,0.70,1,1.0
2373,225,575,1574,142,137,0.94,2,1.0
2373,226,580,1388,92,81,0.86,3,1.0
2373,227,674,1550,71,78,0.89,3,1.0
2373,228,642,1351,85,101,0.84,3,1.0
2373,230,625,957,78,65,0.62,3,1.0
2373,231,772,1360,103,104,0.89,2,1.0
2373,232,606,994,72,94,0.74,2,1.0
2373,233,529,1572,77,81,0.79,3,1.0
2374,217,138,1229,168,171,0.78,2,1.0
2374,218,194,1124,106,126,0.78,2,1.0
2374,219,234,1147,157,149,0.91,1,1.0
2374,220,267,1241,188,170,0.71,1,1.0
2374,225,571,1573,142,138,0.95,2,1.0
2374,226,575,1388,93,81,0.86,3,1.0
2374,227,667,1548,75,80,0.90,3,1.0
2374,228,638,1351,83,101,0.82,3,1.0
2374,230,619,957,80,64,0.62,3,1.0
2374,231,766,1362,104,102,0.89,2,1.0
2374,232,600,993,73,95,0.74,2,1.0
2374,233,527,1571,78,82,0.79,3,1.0
2375,217,131,1229,168,170,0.77,2,1.0
2375,218,187,1124,108,125,0.80,2,1.0
2375,219,227,1147,157,149,0.88,1,1.0
2375,220,259,1241,189,170,0.69,2,1.0
2375,225,564,1573,143,138,0.95,2,1.0
2375,226,568,1387,93,82,0.86,3,1.0
2375,227,656,1545,80,84,0.90,3,1.0
2375,228,629,1349,85,103,0.78,3,1.0
2375,230,615,955,80,65,0.67,3,1.0
2375,231,758,1363,104,101,0.89,2,1.0
2375,232,592,993,75,94,0.72,2,1.0
2375,233,523,1570,78,83,0.81,3,1.0
2376,217,127,1229,168,170,0.76,2,1.0
2376,218,183,1124,109,126,0.81,2,1.0
2376,219,222,1147,157,149,0.87,1,1.0
2376,220,254,1242,186,169,0.68,2,1.0
2376,225,560,1574,143,137,0.95,2,1.0
2376,226,563,1387,93,82,0.86,3,1.0
2376,227,649,1545,84,84,0.88,3,1.0
2376,228,621,1348,88,104,0.74,3,1.0
2376,230,613,956,80,64,0.60,3,1.0
2376,231,753,1362,104,102,0.89,2,1.0
2376,232,585,992,77,95,0.70,2,1.0
2376,233,518,1569,79,84,0.82,3,1.0
2377,217,119,1228,169,170,0.76,2,1.0
2377,218,177,1124,109,126,0.83,2,1.0
2377,219,215,1147,156,149,0.85,1,1.0
2377,220,245,1241,189,170,0.74,1,1.0
2377,225,554,1575,142,136,0.94,2,1.0
2377,226,556,1387,92,81,0.86,3,1.0
2377,227,643,1545,83,84,0.88,3,1.0
2377,228,612,1347,88,105,0.71,3,1.0
2377,230,598,957,77,62,0.52,3,1.0
2377,231,745,1362,103,101,0.88,2,1.0
2377,232,576,992,79,95,0.68,2,1.0
2377,233,511,1569,80,84,0.85,3,1.0
2378,217,114,1228,168,170,0.74,2,1.0
2378,218,173,1123,108,126,0.84,2,1.0
2378,219,211,1146,156,150,0.82,1,1.0
2378,220,239,1240,191,172,0.77,1,1.0
2378,225,549,1575,143,136,0.94,2,1.0
2378,226,551,1387,92,81,0.86,3,1.0
2378,227,641,1545,81,83,0.88,3,1.0
2378,228,605,1346,90,106,0.70,3,1.0
2378,230,588,957,74,62,0.57,3,1.0
2378,231,739,1362,102,101,0.87,2,1.0
2378,232,570,991,80,96,0.67,2,1.0
2378,233,506,1567,81,86,0.87,3,1.0
2379,217,107,1228,167,170,0.75,2,1.0
2379,218,166,1123,108,126,0.83,2,1.0
2379,219,203,1146,157,149,0.79,1,1.0
2379,220,231,1241,192,170,0.79,1,1.0
2379,225,542,1576,143,134,0.94,2,1.0
2379,226,542,1386,93,81,0.86,3,1.0
2379,227,637,1547,79,80,0.87,3,1.0
2379,228,599,1345,92,107,0.69,3,1.0
2379,230,578,958,70,60,0.62,3,1.0
2379,231,732,1360,100,102,0.86,2,1.0
2379,232,561,990,83,97,0.67,2,1.0
2379,233,497,1563,83,89,0.90,3,1.0
2380,217,102,1227,167,171,0.79,2,1.0
2380,218,161,1123,108,125,0.81,2,1.0
2380,219,197,1145,158,150,0.78,1,1.0
2380,220,226,1240,194,171,0.84,1,1.0
2380,225,538,1576,142,134,0.94,2,1.0
2380,226,537,1385,93,82,0.86,3,1.0
2380,227,636,1548,75,78,0.88,3,1.0
2380,228,597,1345,91,106,0.70,3,1.0
2380,230,578,958,70,60,0.62,3,1.0
2380,231,727,1359,99,102,0.86,2,1.0
2380,232,554,989,85,98,0.68,2,1.0
2380,233,491,1559,85,93,0.91,3,1.0
2381,217,94,1227,166,170,0.82,1,1.0
2381,218,154,1122,106,125,0.81,2,1.0
2381,219,190,1144,157,149,0.81,1,1.0
2381,220,218,1238,197,172,0.89,1,1.0
2381,225,531,1575,142,134,0.94,2,1.0
2381,226,529,1384,92,82,0.86,3,1.0
2381,227,634,1548,70,77,0.88,3,1.0
2381,228,593,1346,88,104,0.72,3,1.0
2381,230,567,957,70,60,0.59,3,1.0
2381,231,719,1358,97,101,0.82,2,1.0
2381,232,545,988,87,99,0.70,2,1.0
2381,233,483,1558,87,93,0.91,3,1.0
2382,217,89,1226,164,170,0.84,1,1.0
2382,218,149,1121,105,125,0.80,2,1.0
2382,219,185,1144,157,148,0.84,1,1.0
2382,220,212,1238,196,171,0.88,1,1.0
2382,225,526,1576,142,132,0.93,2,1.0
2382,226,524,1383,92,82,0.85,3,1.0
2382,227,629,1548,72,77,0.87,3,1.0
2382,228,593,1346,88,104,0.73,3,1.0
2382,230,557,956,68,59,0.56,3,1.0
2382,231,715,1357,96,101,0.79,2,1.0
2382,232,539,987,88,99,0.73,2,1.0
2382,233,478,1556,87,94,0.91,3,1.0
2383,217,82,1225,163,170,0.86,1,1.0
2383,218,141,1121,105,125,0.78,2,1.0
2383,219,176,1142,158,149,0.84,1,1.0
2383,220,204,1237,196,171,0.86,1,1.0
2383,225,520,1576,141,132,0.93,2,1.0
2383,226,516,1381,91,83,0.84,3,1.0
2383,227,620,1546,75,78,0.84,3,1.0
2383,230,546,955,68,59,0.54,3,1.0
2383,231,708,1354,96,103,0.78,2,1.0
2383,232,530,986,91,100,0.75,2,1.0
2383,233,469,1552,90,98,0.91,3,1.0
2384,217,76,1225,163,168,0.84,1,1.0
2384,218,136,1120,103,125,0.77,2,1.0
2384,219,171,1141,158,149,0.84,1,1.0
2384,220,199,1236,197,171,0.84,1,1.0
2384,225,515,1576,142,131,0.93,2,1.0
2384,226,511,1381,91,82,0.83,3,1.0
2384,227,614,1542,76,82,0.81,3,1.0
2384,230,539,946,74,68,0.54,3,1.0
2384,231,702,1354,98,102,0.77,2,1.0
2384,232,524,987,92,98,0.77,2,1.0
2384,233,464,1552,90,97,0.91,3,1.0
2385,217,68,1224,162,168,0.81,1,1.0
2385,218,130,1119,98,125,0.78,2,1.0
2385,219,164,1140,157,149,0.85,1,1.0
2385,220,190,1234,197,172,0.82,1,1.0
2385,225,509,1575,141,131,0.93,2,1.0
2385,226,503,1380,90,82,0.83,3,1.0
2385,227,608,1538,76,85,0.80,3,1.0
2385,230,532,943,77,70,0.47,3,1.0
2385,231,695,1351,96,103,0.72,2,1.0
2385,232,514,985,95,99,0.78,2,1.0
2385,233,457,1551,91,97,0.91,3,1.0
2386,217,63,1223,162,168,0.79,1,1.0
2386,218,125,1119,97,124,0.78,2,1.0
2386,219,158,1139,157,149,0.84,1,1.0
2386,220,185,1234,197,171,0.80,1,1.0
2386,225,504,1574,141,132,0.92,2,1.0
2386,226,498,1379,90,81,0.83,3,1.0
2386,227,603,1537,76,84,0.81,3,1.0
2386,230,523,937,82,76,0.41,3,1.0
2386,231,689,1347,98,107,0.71,2,1.0
2386,232,508,983,97,100,0.77,2,1.0
2386,233,451,1548,93,100,0.92,3,1.0
2387,217,56,1221,162,170,0.77,1,1.0
2387,218,118,1119,97,124,0.75,2,1.0
2387,219,151,1137,156,150,0.83,2,1.0
2387,220,178,1233,197,170,0.77,1,1.0
2387,225,498,1573,141,132,0.92,2,1.0
2387,226,490,1377,91,82,0.85,3,1.0
2387,227,597,1535,76,85,0.82,3,1.0
2387,230,515,931,88,81,0.37,3,1.0
2387,231,681,1348,97,105,0.72,2,1.0
2387,232,499,982,99,100,0.78,2,1.0
2387,233,443,1544,95,103,0.93,3,1.0
2388,217,51,1220,162,171,0.78,2,1.0
2388,218,114,1118,97,124,0.73,2,1.0
2388,219,146,1136,156,150,0.86,2,1.0
2388,220,174,1233,196,169,0.75,1,1.0
2388,225,494,1571,140,133,0.91,2,1.0
2388,226,485,1377,92,81,0.86,3,1.0
2388,227,594,1535,75,85,0.86,3,1.0
2388,230,515,931,88,81,0.37,3,1.0
2388,231,677,1351,93,101,0.70,2,1.0
2388,232,493,980,101,101,0.79,2,1.0
2388,233,439,1543,95,104,0.93,3,1.0
2389,217,44,1219,162,171,0.80,1,1.0
2389,218,108,1117,96,124,0.68,2,1.0
2389,219,138,1135,157,150,0.90,1,1.0
2389,220,167,1233,194,167,0.77,1,1.0
2389,225,488,1569,140,134,0.91,2,1.0
2389,226,477,1375,94,82,0.86,3,1.0
2389,227,590,1534,74,85,0.89,3,1.0
2389,230,511,933,87,79,0.28,3,1.0
2389,231,670,1353,88,97,0.66,2,1.0
2389,232,484,973,104,107,0.80,2,1.0
2389,233,432,1542,97,104,0.93,3,1.0
2390,217,40,1219,161,170,0.82,1,1.0
2390,218,103,1116,100,124,0.61,2,1.0
2390,219,133,1135,157,149,0.92,1,1.0
2390,220,163,1234,192,166,0.79,1,1.0
2390,225,485,1568,139,134,0.92,2,1.0
2390,226,473,1375,94,82,0.87,3,1.0
2390,227,587,1534,74,84,0.90,3,1.0
2390,230,511,932,87,80,0.29,3,1.0
2390,231,666,1358,84,92,0.64,2,1.0
2390,232,479,967,105,113,0.83,2,1.0
2390,233,428,1542,97,103,0.94,3,1.0
2391,217,33,1218,161,171,0.82,1,1.0
2391,218,97,1114,101,124,0.56,2,1.0
2391,219,126,1134,158,149,0.95,1,1.0
2391,220,156,1234,193,166,0.80,1,1.0
2391,225,479,1567,140,134,0.92,2,1.0
2391,226,466,1374,95,82,0.87,3,1.0
2391,227,582,1533,74,85,0.92,3,1.0
2391,231,660,1364,80,85,0.67,2,1.0
2391,232,471,960,107,119,0.85,2,1.0
2391,233,421,1541,99,103,0.95,3,1.0
2391,234,905,384,171,145,0.89,3,1.0
2392,217,29,1217,161,171,0.81,1,1.0
2392,218,94,1111,99,125,0.54,2,1.0
2392,219,121,1133,158,150,0.95,1,1.0
2392,220,151,1234,193,166,0.83,1,1.0
2392,225,475,1567,140,133,0.92,2,1.0
2392,226,461,1373,95,82,0.86,3,1.0
2392,227,579,1533,74,84,0.93,3,1.0
2392,231,656,1364,78,84,0.68,2,1.0
2392,232,466,952,108,126,0.86,2,1.0
2392,233,417,1541,99,102,0.95,3,1.0
2392,234,905,384,171,145,0.89,3,1.0
2393,217,22,1216,162,171,0.81,1,1.0
2393,218,88,1110,98,122,0.52,2,1.0
2393,219,115,1131,157,152,0.95,1,1.0
2393,220,143,1234,192,164,0.85,1,1.0
2393,225,469,1567,141,132,0.92,2,1.0
2393,226,454,1372,95,83,0.83,3,1.0
2393,227,574,1532,74,85,0.92,3,1.0
2393,231,649,1365,75,82,0.67,2,1.0
2393,232,458,948,111,130,0.86,2,1.0
2393,233,412,1540,99,103,0.95,3,1.0
2393,234,901,384,169,145,0.90,3,1.0
2394,217,18,1216,163,170,0.80,1,1.0
2394,218,85,1109,95,120,0.52,2,1.0
2394,219,111,1131,156,151,0.94,1,1.0
2394,220,139,1233,192,164,0.83,1,1.0
2394,225,465,1566,142,133,0.92,2,1.0
2394,226,450,1371,95,84,0.82,3,1.0
2394,227,570,1532,74,85,0.92,3,1.0
2394,231,644,1365,74,81,0.69,2,1.0
2394,232,453,949,112,128,0.85,2,1.0
2394,233,408,1540,99,102,0.95,3,1.0
2394,234,898,384,170,145,0.91,3,1.0
2395,217,12,1215,164,171,0.75,1,1.0
2395,218,79,1108,93,119,0.55,2,1.0
2395,219,104,1130,157,152,0.94,1,1.0
2395,220,132,1232,192,165,0.82,1,1.0
2395,225,459,1565,143,134,0.92,2,1.0
2395,226,443,1371,96,84,0.81,3,1.0
2395,227,565,1532,74,85,0.93,3,1.0
2395,231,638,1364,72,82,0.74,2,1.0
2395,232,445,946,114,131,0.85,2,1.0
2395,233,403,1539,100,103,0.95,3,1.0
2395,234,892,383,170,145,0.90,3,1.0
2396,217,8,1215,164,171,0.73,1,1.0
2396,218,75,1109,92,116,0.55,2,1.0
2396,219,99,1129,157,153,0.94,1,1.0
2396,220,127,1232,191,165,0.81,1,1.0
2396,225,456,1563,142,136,0.93,2,1.0
2396,226,438,1370,96,85,0.81,3,1.0
2396,227,561,1532,75,85,0.92,3,1.0
2396,231,633,1364,72,81,0.75,2,1.0
2396,232,439,945,116,132,0.86,2,1.0
2396,233,400,1539,99,103,0.96,3,1.0
2396,234,885,382,170,145,0.90,3,1.0
2397,217,4,1214,162,171,0.75,1,1.0
2397,218,68,1109,92,115,0.56,2,1.0
2397,219,92,1129,157,153,0.94,1,1.0
2397,220,120,1232,189,164,0.80,1,1.0
2397,225,450,1565,142,134,0.93,2,1.0
2397,226,431,1370,95,85,0.79,3,1.0
2397,227,556,1532,74,85,0.92,3,1.0
2397,231,630,1364,70,81,0.75,2,1.0
2397,232,431,941,117,136,0.85,2,1.0
2397,233,395,1538,99,105,0.96,3,1.0
2397,234,874,380,170,146,0.91,3,1.0
2397,230,432,914,92,94,0.37,3,1.0
2398,217,2,1214,160,171,0.76,1,1.0
2398,218,64,1108,92,116,0.57,2,1.0
2398,219,86,1129,159,153,0.95,1,1.0
2398,220,115,1232,190,164,0.80,1,1.0
2398,225,446,1568,141,131,0.93,2,1.0
2398,226,426,1369,94,86,0.79,3,1.0
2398,227,552,1533,74,84,0.94,3,1.0
2398,231,624,1364,68,80,0.69,2,1.0
2398,232,425,934,119,143,0.84,2,1.0
2398,233,390,1538,101,105,0.95,3,1.0
2398,234,865,379,171,147,0.91,3,1.0
2398,230,432,914,92,94,0.37,3,1.0
2399,217,0,1214,153,171,0.75,1,1.0
2399,218,60,1108,93,116,0.58,2,1.0
2399,219,78,1129,159,153,0.96,1,1.0
2399,220,106,1233,191,163,0.79,1,1.0
2399,225,439,1569,142,131,0.93,2,1.0
2399,226,418,1369,94,86,0.77,3,1.0
2399,227,545,1533,75,84,0.94,3,1.0
2399,231,621,1364,67,79,0.69,2,1.0
2399,232,416,931,121,146,0.87,2,1.0
2399,233,384,1538,101,105,0.95,3,1.0
2399,234,851,378,172,147,0.91,3,1.0
2399,230,432,914,92,94,0.37,3,1.0
2400,217,0,1215,146,169,0.77,1,1.0
2400,218,58,1107,92,117,0.58,2,1.0
2400,219,72,1129,159,153,0.96,1,1.0
2400,220,100,1234,192,162,0.77,1,1.0
2400,225,434,1570,141,130,0.93,2,1.0
2400,226,412,1370,93,85,0.75,3,1.0
2400,227,540,1534,76,84,0.94,3,1.0
2400,231,619,1364,65,78,0.63,2,1.0
2400,232,411,932,121,145,0.88,2,1.0
2400,233,380,1539,100,105,0.95,3,1.0
2400,234,843,378,170,147,0.92,3,1.0
2400,230,432,914,92,94,0.37,3,1.0
2401,217,0,1215,139,170,0.78,1,1.0
2401,218,54,1106,92,119,0.57,2,1.0
2401,219,62,1130,160,153,0.95,1,1.0
2401,220,92,1234,192,159,0.71,1,1.0
2401,225,427,1575,140,126,0.93,2,1.0
2401,226,404,1369,95,87,0.71,3,1.0
2401,227,533,1534,76,85,0.93,3,1.0
2401,231,612,1365,61,75,0.42,2,1.0
2401,232,403,937,121,140,0.88,2,1.0
2401,233,373,1539,100,106,0.96,3,1.0
2401,234,829,378,170,146,0.93,3,1.0
2401,230,415,923,90,84,0.50,3,1.0
2402,217,0,1216,134,170,0.76,1,1.0
2402,218,54,1106,91,119,0.56,2,1.0
2402,219,56,1131,161,152,0.95,1,1.0
2402,220,88,1235,191,155,0.64,1,1.0
2402,225,423,1577,139,125,0.94,2,1.0
2402,226,397,1369,99,88,0.69,3,1.0
2402,227,528,1535,76,85,0.91,3,1.0
2402,231,612,1365,61,75,0.42,2,1.0
2402,232,397,945,121,133,0.90,2,1.0
2402,233,369,1540,98,105,0.96,3,1.0
2402,234,820,378,169,145,0.93,3,1.0
2402,230,398,932,88,73,0.62,3,1.0
2403,217,0,1217,127,171,0.75,1,1.0
2403,219,44,1132,164,152,0.94,1,1.0
2403,220,82,1237,188,154,0.55,1,1.0
2403,225,415,1576,140,128,0.94,2,1.0
2403,226,388,1370,97,88,0.60,3,1.0
2403,227,520,1535,77,87,0.88,3,1.0
2403,232,389,952,121,127,0.92,2,1.0
2403,233,361,1541,98,105,0.97,3,1.0
2403,234,805,379,169,144,0.93,3,1.0
2403,230,392,933,89,73,0.59,3,1.0
2404,217,0,1218,124,171,0.76,1,1.0
2404,219,36,1133,166,152,0.94,1,1.0
2404,220,79,1238,185,153,0.47,1,1.0
2404,225,409,1577,141,128,0.93,2,1.0
2404,226,382,1372,95,88,0.52,3,1.0
2404,227,515,1536,77,88,0.86,3,1.0
2404,232,383,956,120,123,0.91,2,1.0
2404,233,356,1541,98,106,0.97,3,1.0
2404,234,795,379,169,145,0.92,3,1.0
2404,230,390,933,88,73,0.57,3,1.0
2405,217,0,1218,122,173,0.76,1,1.0
2405,219,25,1134,167,152,0.93,1,1.0
2405,220,73,1240,182,153,0.44,2,1.0
2405,225,402,1579,140,127,0.94,2,1.0
2405,226,373,1374,91,87,0.49,3,1.0
2405,227,509,1538,74,87,0.86,3,1.0
2405,232,375,962,119,118,0.91,2,1.0
2405,233,348,1543,98,106,0.97,3,1.0
2405,234,780,381,168,143,0.87,3,1.0
2405,230,385,934,88,72,0.63,3,1.0
2406,217,0,1218,120,173,0.78,1,1.0
2406,219,18,1135,167,152,0.93,1,1.0
2406,220,69,1242,179,155,0.45,2,1.0
2406,225,396,1576,141,130,0.94,2,1.0
2406,226,367,1378,84,83,0.48,3,1.0
2406,227,504,1540,73,86,0.87,3,1.0
2406,232,370,965,117,115,0.92,2,1.0
2406,233,343,1545,98,105,0.97,3,1.0
2406,234,769,383,168,141,0.83,3,1.0
2406,230,378,936,87,71,0.69,3,1.0
2407,217,0,1218,116,172,0.81,1,1.0
2407,219,9,1138,166,150,0.93,1,1.0
2407,220,64,1243,174,158,0.43,1,1.0
2407,225,388,1577,141,130,0.93,2,1.0
2407,226,358,1382,76,80,0.46,3,1.0
2407,227,497,1542,70,85,0.87,3,1.0
2407,232,361,968,117,113,0.93,2,1.0
2407,233,336,1547,97,104,0.97,3,1.0
2407,234,753,386,167,141,0.79,3,1.0
2407,230,368,937,86,72,0.75,3,1.0
2408,217,0,1218,116,172,0.81,1,1.0
2408,219,6,1140,162,148,0.94,1,1.0
2408,220,59,1243,172,160,0.45,1,1.0
2408,225,384,1581,138,126,0.94,2,1.0
2408,226,351,1383,74,80,0.52,3,1.0
2408,227,492,1544,68,83,0.88,3,1.0
2408,232,356,970,116,112,0.93,2,1.0
2408,233,331,1549,97,103,0.97,3,1.0
2408,234,742,388,167,141,0.77,3,1.0
2408,230,362,938,84,72,0.84,3,1.0
2409,219,2,1141,158,149,0.94,1,1.0
2409,220,48,1244,173,161,0.52,1,1.0
2409,225,376,1583,137,125,0.94,2,1.0
2409,226,342,1385,71,79,0.59,3,1.0
2409,227,484,1545,66,83,0.90,3,1.0
2409,232,348,974,115,109,0.95,2,1.0
2409,233,323,1550,99,103,0.97,3,1.0
2409,234,725,389,169,142,0.73,3,1.0
2409,230,351,937,84,75,0.92,3,1.0
2410,219,1,1143,154,148,0.95,1,1.0
2410,220,40,1243,175,164,0.54,1,1.0
2410,225,371,1585,137,124,0.93,2,1.0
2410,226,335,1386,71,79,0.61,3,1.0
2410,227,477,1545,66,84,0.89,3,1.0
2410,232,341,974,116,110,0.94,2,1.0
2410,233,318,1550,101,105,0.95,3,1.0
2410,234,714,390,170,144,0.72,3,1.0
2410,230,343,935,85,78,0.94,3,1.0
2411,219,0,1142,148,150,0.94,1,1.0
2411,220,30,1243,175,164,0.50,1,1.0
2411,225,363,1588,137,122,0.93,2,1.0
2411,226,325,1385,73,81,0.64,3,1.0
2411,227,468,1546,64,84,0.86,3,1.0
2411,232,333,975,116,110,0.93,2,1.0
2411,233,310,1550,103,106,0.95,3,1.0
2411,234,698,389,172,146,0.72,3,1.0
2411,230,332,933,85,81,0.95,3,1.0
2412,219,0,1139,144,153,0.93,1,1.0
2412,220,22,1243,177,164,0.50,1,1.0
2412,225,357,1587,138,124,0.94,2,1.0
2412,226,319,1385,75,81,0.66,3,1.0
2412,227,463,1545,62,85,0.84,3,1.0
2412,232,327,975,116,110,0.93,2,1.0
2412,233,305,1550,103,106,0.95,3,1.0
2412,234,688,388,173,146,0.70,3,1.0
2412,230,324,932,87,82,0.94,3,1.0
2413,219,0,1138,137,154,0.92,1,1.0
2413,220,12,1245,177,163,0.53,1,1.0
2413,225,349,1586,139,126,0.94,2,1.0
2413,226,310,1385,76,81,0.67,3,1.0
2413,227,455,1545,59,84,0.83,3,1.0
2413,232,319,976,116,109,0.92,2,1.0
2413,233,297,1550,104,107,0.95,3,1.0
2413,234,673,387,174,144,0.71,3,1.0
2413,230,313,931,88,82,0.94,3,1.0
2414,219,0,1136,132,154,0.90,1,1.0
2414,220,8,1247,174,161,0.49,1,1.0
2414,225,344,1586,139,125,0.94,2,1.0
2414,226,304,1384,76,82,0.66,3,1.0
2414,227,451,1546,56,81,0.81,3,1.0
2414,232,314,976,114,108,0.91,2,1.0
2414,233,293,1550,102,106,0.96,3,1.0
2414,234,664,385,172,143,0.73,3,1.0
2414,230,306,932,89,80,0.94,3,1.0
2415,219,0,1135,128,154,0.89,1,1.0
2415,220,4,1248,169,159,0.49,1,1.0
2415,225,337,1585,139,126,0.94,2,1.0
2415,226,295,1384,74,81,0.67,3,1.0
2415,227,443,1546,54,80,0.74,3,1.0
2415,232,305,976,114,107,0.82,2,1.0
2415,233,286,1550,99,105,0.97,3,1.0
2415,234,650,382,171,141,0.76,3,1.0
2415,230,295,934,90,76,0.90,3,1.0
2416,219,0,1136,126,153,0.89,1,1.0
2416,220,3,1247,164,160,0.56,1,1.0
2416,225,332,1584,139,127,0.94,2,1.0
2416,226,289,1384,70,81,0.68,3,1.0
2416,227,439,1546,51,79,0.69,3,1.0
2416,232,300,976,114,106,0.74,2,1.0
2416,233,281,1550,99,105,0.98,3,1.0
2416,234,640,379,171,140,0.80,3,1.0
2416,230,288,935,91,74,0.87,3,1.0
2417,219,0,1138,121,149,0.88,1,1.0
2417,220,1,1249,155,159,0.66,1,1.0
2417,225,324,1585,140,127,0.94,2,1.0
2417,226,280,1385,66,79,0.70,3,1.0
2417,227,435,1546,50,78,0.66,3,1.0
2417,232,292,977,113,105,0.74,2,1.0
2417,233,274,1551,98,104,0.97,3,1.0
2417,234,626,376,171,139,0.83,3,1.0
2417,230,282,935,93,74,0.86,3,1.0
2418,219,0,1138,121,149,0.88,1,1.0
2418,220,0,1250,150,158,0.73,1,1.0
2418,225,319,1586,139,126,0.94,2,1.0
2418,226,274,1386,63,78,0.73,3,1.0
2418,227,433,1545,50,79,0.62,3,1.0
2418,232,287,978,112,103,0.74,2,1.0
2418,233,269,1551,99,104,0.97,3,1.0
2418,234,616,373,173,140,0.84,3,1.0
2418,230,279,936,93,73,0.83,3,1.0
2419,220,0,1249,142,160,0.74,1,1.0
2419,225,311,1586,140,127,0.95,2,1.0
2419,226,265,1387,62,77,0.67,3,1.0
2419,227,428,1544,50,81,0.53,3,1.0
2419,232,283,979,112,102,0.70,2,1.0
2419,233,262,1551,99,104,0.95,3,1.0
2419,234,600,370,175,140,0.85,3,1.0
2419,230,273,936,94,72,0.76,3,1.0
2419,235,775,1643,129,161,0.85,3,1.0
2420,220,0,1250,136,160,0.72,1,1.0
2420,225,306,1587,139,127,0.95,2,1.0
2420,226,262,1387,62,77,0.66,3,1.0
2420,227,428,1544,50,81,0.54,3,1.0
2420,232,281,980,111,101,0.77,2,1.0
2420,233,257,1551,100,105,0.93,3,1.0
2420,234,589,369,177,142,0.84,3,1.0
2420,230,273,936,94,72,0.76,3,1.0
2420,235,775,1643,129,161,0.85,3,1.0
2421,220,0,1252,130,159,0.73,1,1.0
2421,225,299,1590,137,125,0.94,2,1.0
2421,226,257,1388,62,76,0.64,3,1.0
2421,232,277,982,110,99,0.89,1,1.0
2421,233,250,1552,100,104,0.93,3,1.0
2421,234,573,368,179,143,0.78,3,1.0
2421,235,772,1644,127,160,0.85,3,1.0
2422,220,0,1252,129,160,0.68,1,1.0
2422,225,295,1591,135,124,0.95,2,1.0
2422,226,255,1388,63,76,0.56,3,1.0
2422,232,277,982,110,99,0.89,1,1.0
2422,233,245,1552,100,105,0.93,3,1.0
2422,234,562,368,179,144,0.75,3,1.0
2422,235,770,1644,126,160,0.85,3,1.0
2423,220,0,1251,128,162,0.59,1,1.0
2423,225,287,1593,133,123,0.95,2,1.0
2423,226,247,1387,66,77,0.34,3,1.0
2423,233,237,1553,101,104,0.94,3,1.0
2423,234,546,367,180,142,0.71,3,1.0
2423,235,766,1645,125,158,0.86,3,1.0
2424,220,0,1250,128,163,0.59,1,1.0
2424,225,282,1595,131,121,0.95,2,1.0
2424,233,232,1553,101,105,0.96,3,1.0
2424,234,535,366,181,141,0.68,3,1.0
2424,235,761,1646,124,156,0.88,3,1.0
2425,225,274,1599,129,118,0.95,2,1.0
2425,233,225,1554,100,105,0.97,3,1.0
2425,234,520,364,181,137,0.65,3,1.0
2425,235,754,1647,122,153,0.89,3,1.0
2426,225,268,1600,129,118,0.95,2,1.0
2426,233,220,1554,100,106,0.97,3,1.0
2426,234,510,363,182,133,0.67,3,1.0
2426,235,748,1647,122,151,0.90,3,1.0
2427,225,260,1602,128,117,0.95,2,1.0
2427,233,212,1555,101,106,0.97,3,1.0
2427,234,502,361,183,131,0.68,3,1.0
2427,235,741,1648,116,149,0.89,3,1.0
2428,225,255,1603,127,117,0.95,2,1.0
2428,233,207,1556,101,106,0.97,3,1.0
2428,234,497,361,184,129,0.68,3,1.0
2428,235,736,1648,111,148,0.87,3,1.0
2429,225,247,1604,128,117,0.94,2,1.0
2429,233,199,1556,101,107,0.97,3,1.0
2429,234,489,359,185,128,0.69,3,1.0
2429,235,732,1648,108,147,0.86,3,1.0
2430,225,242,1604,130,118,0.94,2,1.0
2430,233,194,1556,102,107,0.97,3,1.0
2430,234,489,359,185,127,0.69,3,1.0
2430,235,731,1648,103,147,0.85,3,1.0
2431,225,233,1604,131,119,0.94,2,1.0
2431,233,187,1557,102,106,0.96,3,1.0
2431,235,727,1648,96,149,0.83,3,1.0
2432,225,228,1603,131,121,0.94,2,1.0
2432,233,182,1558,102,105,0.95,3,1.0
2432,235,727,1649,96,148,0.82,3,1.0
2433,225,219,1603,130,121,0.93,2,1.0
2433,233,175,1558,101,106,0.95,3,1.0
2433,236,938,226,85,60,0.69,3,1.0
2433,234,377,349,209,192,0.65,3,1.0
2434,225,214,1602,125,123,0.93,2,1.0
2434,233,170,1558,101,107,0.95,3,1.0
2434,236,938,226,85,60,0.70,3,1.0
2434,234,377,349,209,192,0.65,3,1.0
2434,231,344,1347,91,100,0.71,2,1.0
2435,225,206,1604,118,121,0.92,2,1.0
2435,233,162,1560,100,105,0.93,3,1.0
2435,236,933,225,85,59,0.69,3,1.0
2435,234,369,349,208,192,0.73,3,1.0
2435,231,334,1349,94,99,0.78,2,1.0
2436,225,200,1605,113,120,0.92,2,1.0
2436,233,157,1560,99,106,0.93,3,1.0
2436,236,930,225,85,58,0.69,3,1.0
2436,234,366,349,206,192,0.77,3,1.0
2436,231,330,1350,95,98,0.80,2,1.0
2437,225,192,1611,102,114,0.88,2,1.0
2437,233,150,1563,95,103,0.91,3,1.0
2437,236,924,225,85,58,0.70,3,1.0
2437,234,357,349,206,191,0.80,3,1.0
2437,231,320,1350,99,99,0.80,2,1.0
2438,225,187,1617,93,108,0.85,2,1.0
2438,233,145,1565,92,101,0.89,3,1.0
2438,236,916,226,85,56,0.71,3,1.0
2438,234,346,350,205,190,0.86,3,1.0
2438,231,314,1349,101,100,0.80,2,1.0
2439,225,183,1620,87,105,0.83,2,1.0
2439,233,141,1567,90,99,0.87,3,1.0
2439,236,905,226,85,55,0.71,3,1.0
2439,234,329,350,205,189,0.91,3,1.0
2439,231,299,1350,106,101,0.83,2,1.0
2440,225,181,1624,83,101,0.80,2,1.0
2440,233,139,1568,88,98,0.86,3,1.0
2440,236,897,226,85,56,0.72,3,1.0
2440,234,317,350,205,189,0.91,3,1.0
2440,231,289,1350,109,102,0.83,2,1.0
2441,225,177,1631,74,94,0.75,2,1.0
2441,233,135,1570,84,96,0.84,3,1.0
2441,236,886,227,84,54,0.75,3,1.0
2441,234,300,349,205,185,0.91,3,1.0
2441,231,273,1350,115,106,0.84,2,1.0
2441,237,922,239,140,102,0.92,3,1.0
2442,225,177,1631,74,94,0.75,2,1.0
2442,233,135,1570,84,96,0.84,3,1.0
2442,236,879,226,83,55,0.76,3,1.0
2442,234,289,348,205,181,0.91,3,1.0
2442,231,263,1350,118,108,0.85,2,1.0
2442,237,923,239,139,102,0.92,3,1.0
2443,236,868,225,83,59,0.77,3,1.0
2443,234,272,347,206,177,0.91,3,1.0
2443,231,252,1350,119,111,0.87,2,1.0
2443,237,916,238,139,103,0.92,3,1.0
2443,238,259,1559,82,88,0.93,3,1.0
2444,236,860,225,84,62,0.79,3,1.0
2444,234,260,346,207,172,0.92,3,1.0
2444,231,246,1350,119,114,0.87,2,1.0
2444,237,912,238,140,103,0.91,3,1.0
2444,238,259,1559,82,88,0.93,3,1.0
2445,236,848,223,84,68,0.81,3,1.0
2445,234,243,345,207,167,0.92,3,1.0
2445,231,237,1351,117,115,0.88,2,1.0
2445,237,906,238,140,103,0.91,3,1.0
2445,238,254,1560,83,88,0.94,3,1.0
2446,236,840,222,85,74,0.81,3,1.0
2446,234,231,345,208,166,0.92,3,1.0
2446,231,234,1351,113,116,0.88,2,1.0
2446,237,898,237,140,104,0.91,3,1.0
2446,238,251,1560,84,88,0.94,3,1.0
2447,236,828,222,86,77,0.80,3,1.0
2447,234,214,344,208,166,0.92,3,1.0
2447,231,225,1352,112,116,0.89,2,1.0
2447,237,887,237,140,104,0.92,3,1.0
2447,238,247,1560,84,88,0.94,3,1.0
2448,236,821,222,86,75,0.79,3,1.0
2448,234,202,343,210,166,0.91,3,1.0
2448,231,217,1353,113,115,0.90,2,1.0
2448,237,880,236,139,104,0.92,3,1.0
2448,238,241,1560,85,88,0.94,3,1.0
2449,236,809,221,86,76,0.79,3,1.0
2449,234,185,341,210,168,0.91,3,1.0
2449,231,207,1354,112,114,0.91,2,1.0
2449,237,869,236,139,103,0.92,3,1.0
2449,238,233,1560,84,89,0.94,3,1.0
2450,236,802,221,86,74,0.80,3,1.0
2450,234,174,340,209,168,0.91,3,1.0
2450,231,200,1354,112,115,0.91,2,1.0
2450,237,862,235,138,103,0.92,3,1.0
2450,238,227,1560,84,89,0.94,3,1.0
2451,236,789,220,87,72,0.77,3,1.0
2451,234,157,337,209,170,0.91,3,1.0
2451,231,188,1352,114,118,0.91,2,1.0
2451,237,850,233,139,104,0.92,3,1.0
2451,238,218,1560,84,89,0.93,3,1.0
2452,236,781,218,86,73,0.74,3,1.0
2452,234,145,335,210,172,0.91,3,1.0
2452,231,181,1351,114,119,0.91,2,1.0
2452,237,842,232,139,104,0.92,3,1.0
2452,238,212,1560,84,89,0.93,3,1.0
2453,236,769,216,86,75,0.73,3,1.0
2453,234,127,332,210,173,0.91,3,1.0
2453,231,172,1350,112,121,0.91,2,1.0
2453,237,830,230,139,105,0.92,3,1.0
2453,238,203,1560,83,89,0.93,3,1.0
2453,239,673,1703,122,119,0.80,3,1.0
2454,236,761,214,86,75,0.71,3,1.0
2454,234,115,330,210,174,0.92,3,1.0
2454,231,164,1349,112,122,0.91,2,1.0
2454,237,823,229,138,105,0.92,3,1.0
2454,238,197,1561,83,87,0.93,3,1.0
2454,239,673,1703,122,118,0.80,3,1.0
2455,236,750,212,86,76,0.69,3,1.0
2455,234,97,327,211,175,0.91,3,1.0
2455,231,152,1348,113,124,0.91,2,1.0
2455,237,810,227,139,105,0.92,3,1.0
2455,238,188,1560,84,88,0.93,3,1.0
2455,239,668,1702,122,116,0.71,3,1.0
2455,240,563,1659,101,82,0.60,3,1.0
2456,236,743,211,86,77,0.70,3,1.0
2456,234,86,324,210,177,0.91,3,1.0
2456,231,145,1348,113,124,0.91,2,1.0
2456,237,802,225,138,106,0.92,3,1.0
2456,238,182,1560,84,87,0.92,3,1.0
2456,239,666,1701,122,115,0.66,3,1.0
2456,240,563,1659,101,82,0.60,3,1.0
2457,236,731,209,86,78,0.66,3,1.0
2457,234,68,321,211,179,0.91,3,1.0
2457,231,134,1348,113,124,0.91,2,1.0
2457,237,790,223,138,107,0.92,3,1.0
2457,238,173,1561,83,86,0.92,3,1.0
2457,239,659,1701,125,118,0.66,3,1.0
2457,240,553,1658,106,86,0.67,3,1.0
2458,236,723,208,86,79,0.62,3,1.0
2458,234,57,319,210,181,0.92,3,1.0
2458,231,125,1347,114,126,0.90,2,1.0
2458,237,782,222,139,107,0.92,3,1.0
2458,238,167,1560,84,86,0.93,3,1.0
2458,239,651,1700,127,120,0.63,3,1.0
2458,240,548,1658,109,87,0.70,3,1.0
2459,236,710,207,88,79,0.58,3,1.0
2459,234,40,317,210,182,0.92,3,1.0
2459,231,114,1346,115,127,0.90,2,1.0
2459,237,770,220,139,109,0.93,3,1.0
2459,238,158,1561,84,85,0.92,3,1.0
2459,239,643,1699,126,118,0.64,3,1.0
2459,240,541,1657,112,90,0.74,3,1.0
2460,236,702,207,87,78,0.54,3,1.0
2460,234,28,317,211,182,0.92,3,1.0
2460,231,107,1346,115,127,0.91,2,1.0
2460,237,762,220,139,108,0.93,3,1.0
2460,238,152,1561,85,85,0.92,3,1.0
2460,239,637,1700,126,116,0.70,3,1.0
2460,240,532,1657,116,92,0.79,3,1.0
2461,236,689,206,87,79,0.57,3,1.0
2461,234,15,318,206,180,0.92,3,1.0
2461,231,97,1345,114,128,0.91,2,1.0
2461,237,751,219,138,107,0.93,3,1.0
2461,238,144,1563,83,82,0.88,3,1.0
2461,239,627,1701,127,115,0.76,3,1.0
2461,240,520,1657,119,93,0.82,3,1.0
2461,241,841,1101,157,158,0.88,3,1.0
2462,236,681,206,87,78,0.64,3,1.0
2462,234,9,318,200,179,0.91,3,1.0
2462,231,90,1344,114,129,0.91,2,1.0
2462,237,743,218,138,108,0.92,3,1.0
2462,238,139,1565,82,79,0.84,3,1.0
2462,239,621,1702,126,111,0.79,3,1.0
2462,240,514,1656,119,94,0.82,3,1.0
2462,241,841,1101,157,158,0.88,3,1.0
2463,236,669,205,86,79,0.72,3,1.0
2463,234,2,320,190,176,0.90,3,1.0
2463,231,78,1344,115,129,0.91,2,1.0
2463,237,731,218,138,107,0.92,3,1.0
2463,238,135,1566,82,78,0.82,3,1.0
2463,239,614,1703,124,106,0.82,3,1.0
2463,240,505,1656,120,95,0.83,3,1.0
2463,241,832,1102,160,158,0.89,3,1.0
2463,243,27,1619,98,103,0.80,2,1.0
2463,242,9,410,164,107,0.68,3,1.0
2464,236,661,205,86,79,0.78,3,1.0
2464,234,1,322,179,172,0.90,3,1.0
2464,231,71,1343,114,130,0.91,2,1.0
2464,237,723,217,137,107,0.92,3,1.0
2464,238,132,1567,82,77,0.79,3,1.0
2464,239,607,1703,124,107,0.82,3,1.0
2464,240,499,1655,120,95,0.83,3,1.0
2464,241,828,1102,161,158,0.90,3,1.0
2464,243,27,1619,97,103,0.80,2,1.0
2464,242,9,410,164,107,0.69,3,1.0
2465,236,649,204,85,79,0.84,3,1.0
2465,234,0,324,163,167,0.89,3,1.0
2465,231,59,1343,115,129,0.91,2,1.0
2465,237,711,217,137,106,0.92,3,1.0
2465,238,128,1569,80,74,0.74,3,1.0
2465,239,596,1703,122,107,0.79,3,1.0
2465,240,491,1655,120,95,0.81,3,1.0
2465,241,821,1102,163,158,0.90,3,1.0
2465,243,19,1615,100,108,0.80,2,1.0
2465,242,7,410,157,106,0.54,3,1.0
2466,236,642,204,84,78,0.84,3,1.0
2466,234,0,327,151,162,0.89,3,1.0
2466,231,51,1343,116,129,0.91,2,1.0
2466,237,703,216,136,106,0.93,3,1.0
2466,238,128,1569,80,74,0.74,3,1.0
2466,239,590,1703,117,107,0.78,3,1.0
2466,240,485,1654,121,97,0.81,3,1.0
2466,241,811,1101,165,159,0.91,3,1.0
2466,243,19,1615,100,108,0.80,2,1.0
2466,242,5,409,154,107,0.47,3,1.0
2467,236,629,203,85,78,0.76,3,1.0
2467,234,0,329,143,159,0.89,3,1.0
2467,231,39,1342,117,130,0.91,2,1.0
2467,237,691,216,136,106,0.93,3,1.0
2467,239,586,1703,115,106,0.77,3,1.0
2467,240,476,1654,121,98,0.81,3,1.0
2467,241,797,1100,168,160,0.92,3,1.0
2467,243,19,1615,100,108,0.80,2,1.0
2467,242,5,409,154,107,0.47,3,1.0
2468,236,621,202,85,78,0.67,3,1.0
2468,234,0,330,138,157,0.89,3,1.0
2468,231,30,1342,118,130,0.91,2,1.0
2468,237,683,215,135,106,0.93,3,1.0
2468,239,583,1703,112,106,0.75,3,1.0
2468,240,470,1654,120,97,0.79,3,1.0
2468,241,788,1098,169,162,0.92,3,1.0
2468,243,15,1612,101,111,0.80,2,1.0
2468,242,4,409,151,107,0.40,3,1.0
2469,236,608,202,85,77,0.65,3,1.0
2469,234,0,332,128,153,0.90,3,1.0
2469,231,19,1341,118,130,0.90,2,1.0
2469,237,670,215,136,106,0.93,3,1.0
2469,239,577,1703,105,105,0.70,3,1.0
2469,240,463,1653,117,94,0.71,3,1.0
2469,241,777,1097,169,163,0.92,3,1.0
2469,243,2,1606,106,118,0.80,2,1.0
2469,242,1,409,145,106,0.26,3,1.0
2470,236,599,201,85,77,0.62,3,1.0
2470,234,0,332,128,153,0.90,3,1.0
2470,231,12,1340,117,131,0.89,2,1.0
2470,237,661,215,137,106,0.93,3,1.0
2470,239,577,1703,106,105,0.71,3,1.0
2470,240,458,1653,115,90,0.64,3,1.0
2470,241,769,1097,171,163,0.91,3,1.0
2470,242,1,409,145,106,0.25,3,1.0
2471,236,586,200,84,78,0.62,3,1.0
2471,231,6,1340,117,131,0.89,2,1.0
2471,237,648,214,137,106,0.93,3,1.0
2471,240,451,1653,111,86,0.55,3,1.0
2471,241,759,1095,172,165,0.91,3,1.0
2472,236,577,199,84,78,0.70,3,1.0
2472,231,4,1340,116,131,0.88,2,1.0
2472,237,640,214,136,106,0.93,3,1.0
2472,240,447,1653,107,83,0.47,3,1.0
2472,241,752,1094,175,165,0.91,3,1.0
2473,236,564,198,84,79,0.78,3,1.0
2473,231,0,1340,113,130,0.87,2,1.0
2473,237,627,214,136,106,0.93,3,1.0
2473,240,439,1653,106,81,0.42,3,1.0
2473,241,741,1092,176,167,0.91,3,1.0
2474,236,555,198,84,79,0.80,3,1.0
2474,231,0,1340,113,130,0.87,2,1.0
2474,237,619,213,134,106,0.93,3,1.0
2474,240,432,1652,107,84,0.44,3,1.0
2474,241,734,1090,177,169,0.91,3,1.0
2475,236,541,197,85,79,0.82,3,1.0
2475,237,606,213,134,106,0.93,3,1.0
2475,240,421,1651,108,85,0.50,3,1.0
2475,241,722,1088,178,169,0.91,3,1.0
2476,236,532,197,86,80,0.81,3,1.0
2476,237,597,213,134,105,0.92,3,1.0
2476,240,413,1651,111,85,0.57,3,1.0
2476,241,714,1088,177,168,0.91,3,1.0
2477,236,518,197,86,79,0.81,3,1.0
2477,237,582,212,135,106,0.92,3,1.0
2477,240,401,1649,113,88,0.61,3,1.0
2477,241,703,1088,174,167,0.91,3,1.0
2477,239,493,1692,109,97,0.70,3,1.0
2478,236,509,197,85,79,0.82,3,1.0
2478,237,573,211,136,106,0.92,3,1.0
2478,240,395,1648,110,87,0.61,3,1.0
2478,241,695,1089,173,165,0.91,3,1.0
2478,239,493,1692,109,97,0.70,3,1.0
2479,236,495,194,85,81,0.83,3,1.0
2479,237,559,210,137,105,0.92,3,1.0
2479,240,384,1647,106,86,0.62,3,1.0
2479,241,683,1088,172,165,0.91,3,1.0
2479,239,487,1691,109,100,0.75,3,1.0
2480,236,486,193,86,80,0.84,3,1.0
2480,237,550,209,137,105,0.92,3,1.0
2480,240,377,1647,102,85,0.59,3,1.0
2480,241,675,1086,171,166,0.91,3,1.0
2480,239,484,1690,110,102,0.77,3,1.0
2481,236,472,190,87,82,0.86,3,1.0
2481,237,537,206,136,107,0.92,3,1.0
2481,240,368,1646,94,83,0.53,3,1.0
2481,241,663,1083,171,167,0.92,3,1.0
2481,239,476,1689,113,104,0.79,3,1.0
2481,244,508,1298,88,104,0.83,3,1.0
2482,236,462,188,89,82,0.86,3,1.0
2482,237,528,204,137,107,0.92,3,1.0
2482,240,361,1646,90,80,0.51,3,1.0
2482,241,654,1079,172,170,0.92,3,1.0
2482,239,467,1687,115,107,0.82,3,1.0
2482,244,508,1298,88,104,0.83,3,1.0
2483,236,449,185,89,83,0.88,3,1.0
2483,237,515,201,136,108,0.92,3,1.0
2483,240,356,1645,86,79,0.50,3,1.0
2483,241,642,1078,171,169,0.92,3,1.0
2483,239,456,1685,117,110,0.86,3,1.0
2483,244,503,1298,88,103,0.82,3,1.0
2484,236,440,184,89,82,0.89,3,1.0
2484,237,506,200,136,109,0.92,3,1.0
2484,240,354,1645,84,77,0.49,3,1.0
2484,241,635,1079,169,167,0.92,3,1.0
2484,239,447,1684,120,112,0.87,3,1.0
2484,244,500,1298,88,103,0.82,3,1.0
2485,236,427,182,89,82,0.89,3,1.0
2485,237,493,198,137,109,0.92,3,1.0
2485,240,350,1644,79,74,0.45,3,1.0
2485,241,623,1078,169,167,0.93,3,1.0
2485,239,436,1682,121,115,0.87,3,1.0
2485,244,495,1298,88,102,0.82,3,1.0
2486,236,419,181,88,82,0.89,3,1.0
2486,237,484,197,137,110,0.92,3,1.0
2486,240,350,1644,79,74,0.45,3,1.0
2486,241,616,1079,167,165,0.93,3,1.0
2486,239,430,1682,121,116,0.88,3,1.0
2486,244,489,1297,88,101,0.82,3,1.0
2487,236,407,179,87,83,0.89,3,1.0
2487,237,472,196,137,109,0.93,3,1.0
2487,241,605,1080,166,163,0.92,3,1.0
2487,239,420,1681,122,117,0.88,3,1.0
2487,244,479,1296,88,100,0.81,3,1.0
2488,236,399,178,87,83,0.88,3,1.0
2488,237,465,196,137,108,0.93,3,1.0
2488,241,597,1078,166,164,0.91,3,1.0
2488,239,413,1680,122,118,0.87,3,1.0
2488,244,473,1295,88,100,0.82,3,1.0
2489,236,386,176,89,84,0.88,3,1.0
2489,237,454,194,136,109,0.93,3,1.0
2489,241,587,1076,165,165,0.91,3,1.0
2489,239,403,1678,123,120,0.88,3,1.0
2489,244,463,1294,89,99,0.81,3,1.0
2490,236,378,176,90,83,0.88,3,1.0
2490,237,446,193,136,109,0.92,3,1.0
2490,241,580,1075,165,165,0.91,3,1.0
2490,239,396,1678,124,120,0.89,3,1.0
2490,244,457,1293,89,100,0.81,3,1.0
2491,236,366,175,90,83,0.88,3,1.0
2491,237,435,192,136,109,0.93,3,1.0
2491,241,570,1074,165,166,0.91,3,1.0
2491,239,386,1676,125,123,0.88,3,1.0
2491,244,447,1291,91,101,0.80,3,1.0
2492,236,359,174,89,84,0.88,3,1.0
2492,237,427,191,136,110,0.93,3,1.0
2492,241,564,1074,164,165,0.92,3,1.0
2492,239,380,1675,125,124,0.89,3,1.0
2492,244,441,1290,91,103,0.80,3,1.0
2493,236,348,174,89,83,0.89,3,1.0
2493,237,416,190,136,110,0.93,3,1.0
2493,241,554,1074,165,165,0.93,3,1.0
2493,239,370,1674,127,125,0.90,3,1.0
2493,244,432,1290,91,102,0.79,3,1.0
2494,236,340,174,89,82,0.88,3,1.0
2494,237,408,190,136,110,0.93,3,1.0
2494,241,548,1074,165,165,0.93,3,1.0
2494,239,363,1674,128,126,0.90,3,1.0
2494,244,426,1291,90,101,0.79,3,1.0
2495,236,328,174,89,82,0.88,3,1.0
2495,237,397,190,136,109,0.93,3,1.0
2495,241,538,1075,165,165,0.93,3,1.0
2495,239,357,1673,129,127,0.89,3,1.0
2495,244,416,1290,92,103,0.79,3,1.0
2496,236,321,174,89,82,0.88,3,1.0
2496,237,389,190,136,109,0.93,3,1.0
2496,241,531,1076,166,165,0.92,3,1.0
2496,239,341,1675,137,131,0.80,3,1.0
2496,244,409,1290,92,103,0.78,3,1.0
2497,236,310,173,89,84,0.87,3,1.0
2497,237,378,190,137,109,0.93,3,1.0
2497,241,522,1077,164,164,0.92,3,1.0
2497,239,331,1675,137,133,0.75,3,1.0
2497,244,401,1291,92,102,0.77,3,1.0
2498,236,303,173,90,84,0.86,3,1.0
2498,237,371,190,137,110,0.92,3,1.0
2498,241,515,1078,162,164,0.92,3,1.0
2498,239,325,1675,136,134,0.67,3,1.0
2498,244,394,1291,93,102,0.76,3,1.0
2499,236,292,174,90,84,0.87,3,1.0
2499,237,361,191,137,110,0.92,3,1.0
2499,241,506,1079,162,164,0.92,3,1.0
2499,239,314,1676,136,134,0.63,3,1.0
2499,244,385,1289,95,105,0.76,3,1.0
2499,245,215,1638,117,112,0.81,3,1.0
2499,246,921,1520,158,190,0.74,2,1.0
2500,236,285,175,90,84,0.88,3,1.0
2500,237,355,192,137,111,0.92,3,1.0
2500,241,500,1080,162,163,0.92,3,1.0
2500,239,312,1676,135,132,0.66,3,1.0
2500,244,380,1289,95,105,0.77,3,1.0
2500,245,216,1638,116,112,0.81,3,1.0
2500,246,921,1521,158,188,0.73,2,1.0
2501,236,276,178,89,83,0.88,3,1.0
2501,237,346,195,138,111,0.92,3,1.0
2501,241,492,1082,162,162,0.92,3,1.0
2501,239,310,1677,130,128,0.68,3,1.0
2501,244,373,1291,95,104,0.79,3,1.0
2501,245,213,1640,115,107,0.76,3,1.0
2501,246,916,1516,163,196,0.70,2,1.0
2502,236,270,181,88,82,0.89,3,1.0
2502,237,340,197,138,111,0.92,3,1.0
2502,241,487,1084,164,162,0.92,3,1.0
2502,239,303,1679,132,127,0.66,3,1.0
2502,244,368,1292,95,104,0.81,3,1.0
2502,245,211,1640,115,105,0.73,3,1.0
2502,246,914,1514,165,200,0.69,2,1.0
2503,236,261,187,87,80,0.91,3,1.0
2503,237,331,202,139,109,0.92,3,1.0
2503,241,479,1087,166,162,0.92,3,1.0
2503,239,293,1681,136,125,0.67,3,1.0
2503,244,361,1295,95,104,0.83,3,1.0
2503,245,207,1642,118,108,0.73,3,1.0
2503,246,909,1510,170,207,0.70,2,1.0
2504,236,256,190,87,80,0.91,3,1.0
2504,237,325,205,139,109,0.91,3,1.0
2504,241,474,1090,165,162,0.92,3,1.0
2504,239,287,1683,138,125,0.64,3,1.0
2504,244,357,1300,95,101,0.83,3,1.0
2504,245,201,1644,121,110,0.72,3,1.0
2504,246,902,1506,177,216,0.70,2,1.0
2505,236,248,196,86,78,0.89,3,1.0
2505,237,317,211,138,108,0.91,3,1.0
2505,241,467,1095,164,161,0.93,3,1.0
2505,239,283,1686,136,125,0.54,3,1.0
2505,244,353,1306,92,97,0.83,3,1.0
2505,245,193,1646,130,130,0.70,3,1.0
2505,246,891,1496,188,233,0.70,2,1.0
2506,236,242,200,86,78,0.89,3,1.0
2506,237,311,215,138,109,0.91,3,1.0
2506,241,462,1098,163,161,0.93,3,1.0
2506,239,283,1688,132,126,0.49,3,1.0
2506,244,351,1309,90,97,0.83,3,1.0
2506,245,187,1648,140,152,0.72,3,1.0
2506,246,883,1489,196,244,0.72,2,1.0
2507,236,234,206,86,78,0.88,3,1.0
2507,237,303,221,138,109,0.91,3,1.0
2507,241,455,1103,162,160,0.93,3,1.0
2507,239,281,1688,131,127,0.47,3,1.0
2507,244,346,1313,89,97,0.81,3,1.0
2507,245,182,1650,146,165,0.73,3,1.0
2507,246,874,1498,205,239,0.74,2,1.0
2508,236,229,210,86,78,0.88,3,1.0
2508,237,298,225,138,109,0.91,3,1.0
2508,241,451,1107,162,159,0.93,3,1.0
2508,239,284,1690,126,126,0.41,3,1.0
2508,244,342,1316,89,97,0.81,3,1.0
2508,245,180,1650,151,180,0.72,3,1.0
2508,246,869,1509,209,228,0.73,2,1.0
2509,236,221,215,86,79,0.87,3,1.0
2509,237,291,230,137,110,0.91,3,1.0
2509,241,444,1112,162,159,0.93,3,1.0
2509,239,289,1693,117,127,0.29,3,1.0
2509,244,337,1319,88,97,0.80,3,1.0
2509,245,176,1651,161,209,0.71,3,1.0
2509,246,865,1511,213,228,0.72,2,1.0
2510,236,215,219,87,80,0.87,3,1.0
2510,237,286,234,137,109,0.91,3,1.0
2510,241,439,1114,163,160,0.92,3,1.0
2510,239,293,1692,114,132,0.31,3,1.0
2510,244,332,1321,89,98,0.79,3,1.0
2510,245,176,1650,165,211,0.70,3,1.0
2510,246,859,1522,212,218,0.67,2,1.0
2511,236,207,224,87,80,0.88,3,1.0
2511,237,277,238,138,111,0.91,3,1.0
2511,241,432,1119,162,160,0.92,3,1.0
2511,244,325,1326,90,97,0.78,3,1.0
2511,245,149,1696,230,189,0.64,3,1.0
2511,246,852,1549,204,194,0.67,2,1.0
2512,236,201,228,88,80,0.88,3,1.0
2512,237,272,241,138,111,0.91,3,1.0
2512,241,427,1123,162,160,0.91,3,1.0
2512,244,321,1329,90,97,0.78,3,1.0
2512,245,149,1694,230,193,0.65,3,1.0
2512,246,846,1557,195,192,0.68,2,1.0
2513,236,191,232,89,81,0.88,3,1.0
2513,237,263,246,138,110,0.92,3,1.0
2513,241,420,1127,161,161,0.91,3,1.0
2513,244,314,1332,91,97,0.78,3,1.0
2513,245,149,1694,230,193,0.65,3,1.0
2513,246,841,1559,189,194,0.66,2,1.0
2513,247,164,597,151,135,0.81,3,1.0
2514,236,185,235,89,81,0.88,3,1.0
2514,237,256,249,139,110,0.92,3,1.0
2514,241,415,1130,161,161,0.92,3,1.0
2514,244,309,1335,91,97,0.78,3,1.0
2514,245,149,1694,230,193,0.65,3,1.0
2514,246,841,1559,189,194,0.66,2,1.0
2514,247,163,597,152,135,0.81,3,1.0
2515,236,175,241,89,80,0.88,3,1.0
2515,237,246,253,139,110,0.92,3,1.0
2515,241,406,1136,161,160,0.92,3,1.0
2515,244,302,1340,91,97,0.79,3,1.0
2515,245,135,1689,236,205,0.70,3,1.0
2515,246,838,1580,181,177,0.74,2,1.0
2515,247,156,603,153,134,0.63,3,1.0
2516,236,167,244,90,80,0.87,3,1.0
2516,237,239,257,139,109,0.91,3,1.0
2516,241,401,1139,160,161,0.93,3,1.0
2516,244,297,1342,90,98,0.78,3,1.0
2516,245,121,1683,241,219,0.76,3,1.0
2516,246,838,1581,181,176,0.74,2,1.0
2516,247,153,607,153,132,0.55,3,1.0
2517,236,157,248,89,80,0.87,3,1.0
2517,237,228,261,140,109,0.92,3,1.0
2517,241,392,1144,160,161,0.93,3,1.0
2517,244,289,1345,91,99,0.80,3,1.0
2517,245,105,1680,244,226,0.79,3,1.0
2517,247,153,607,153,132,0.55,3,1.0
2517,248,921,1698,159,200,0.62,2,1.0
2518,236,150,250,89,80,0.88,3,1.0
2518,237,221,264,139,109,0.92,3,1.0
2518,241,385,1148,161,160,0.93,3,1.0
2518,244,284,1348,91,99,0.81,3,1.0
2518,245,103,1681,244,224,0.77,3,1.0
2518,247,150,610,153,132,0.46,3,1.0
2518,248,921,1699,159,199,0.63,2,1.0
2519,236,138,254,88,80,0.88,3,1.0
2519,237,209,268,140,109,0.92,3,1.0
2519,241,375,1152,161,160,0.93,3,1.0
2519,244,275,1352,91,100,0.81,3,1.0
2519,245,99,1682,243,224,0.77,3,1.0
2519,247,130,622,153,127,0.46,3,1.0
2519,248,913,1701,166,200,0.64,2,1.0
2520,236,129,257,89,79,0.88,3,1.0
2520,237,201,270,140,109,0.92,3,1.0
2520,241,368,1155,162,160,0.93,3,1.0
2520,244,269,1355,91,99,0.81,3,1.0
2520,245,94,1683,242,224,0.77,3,1.0
2520,247,117,628,151,123,0.64,3,1.0
2520,248,909,1702,170,200,0.65,2,1.0
2521,236,116,260,89,79,0.88,3,1.0
2521,237,188,273,140,109,0.93,3,1.0
2521,241,358,1158,162,161,0.93,3,1.0
2521,244,260,1359,91,98,0.82,3,1.0
2521,245,86,1689,228,218,0.75,3,1.0
2521,247,96,637,149,120,0.83,3,1.0
2521,248,909,1702,170,200,0.65,2,1.0
2521,239,183,1741,123,129,0.69,3,1.0
2522,236,107,262,89,78,0.88,3,1.0
2522,237,179,274,141,109,0.92,3,1.0
2522,241,350,1160,162,162,0.92,3,1.0
2522,244,253,1361,92,98,0.82,3,1.0
2522,245,80,1692,214,217,0.74,3,1.0
2522,247,91,638,150,120,0.84,3,1.0
2522,248,906,1703,172,201,0.66,2,1.0
2522,239,183,1741,123,129,0.69,3,1.0
2523,236,92,264,90,78,0.89,3,1.0
2523,237,164,276,142,110,0.92,3,1.0
2523,241,338,1163,163,162,0.92,3,1.0
2523,244,243,1364,92,98,0.81,3,1.0
2523,245,70,1697,200,213,0.75,3,1.0
2523,247,82,641,152,120,0.85,3,1.0
2523,248,878,1711,183,200,0.62,2,1.0
2523,239,181,1744,119,129,0.62,3,1.0
2524,236,82,266,91,77,0.90,3,1.0
2524,237,154,277,143,110,0.92,3,1.0
2524,241,330,1164,163,163,0.92,3,1.0
2524,244,235,1365,93,98,0.82,3,1.0
2524,245,63,1701,186,207,0.76,3,1.0
2524,247,70,644,155,121,0.87,3,1.0
2524,248,859,1716,184,199,0.56,2,1.0
2524,239,180,1746,117,128,0.58,3,1.0
2525,236,67,267,91,79,0.90,3,1.0
2525,237,138,279,145,111,0.92,3,1.0
2525,241,317,1167,163,164,0.91,3,1.0
2525,244,224,1367,94,99,0.83,3,1.0
2525,245,52,1706,168,203,0.75,3,1.0
2525,247,55,648,155,120,0.88,3,1.0
2525,248,839,1720,186,200,0.50,2,1.0
2525,239,173,1747,119,129,0.62,3,1.0
2526,236,57,268,91,79,0.91,3,1.0
2526,237,128,280,145,112,0.91,3,1.0
2526,241,309,1169,163,163,0.91,3,1.0
2526,244,216,1368,95,100,0.83,3,1.0
2526,245,44,1708,164,201,0.75,3,1.0
2526,247,45,651,154,119,0.89,3,1.0
2526,248,839,1720,186,200,0.50,2,1.0
2526,239,165,1749,120,130,0.64,3,1.0
2527,236,49,269,92,80,0.92,3,1.0
2527,237,113,282,145,112,0.91,3,1.0
2527,241,296,1172,164,164,0.91,3,1.0
2527,244,205,1372,95,100,0.81,3,1.0
2527,245,33,1709,163,200,0.76,3,1.0
2527,247,29,653,155,120,0.90,3,1.0
2527,248,839,1720,186,200,0.50,2,1.0
2527,239,152,1753,123,131,0.63,3,1.0
2528,236,45,270,92,80,0.92,3,1.0
2528,237,102,284,146,112,0.91,3,1.0
2528,241,287,1175,164,163,0.91,3,1.0
2528,244,197,1375,96,100,0.80,3,1.0
2528,245,25,1710,163,200,0.76,3,1.0
2528,247,20,654,153,120,0.90,3,1.0
2528,248,839,1721,186,199,0.50,2,1.0
2528,239,141,1754,127,133,0.66,3,1.0
2529,236,36,271,92,81,0.92,3,1.0
2529,237,87,285,145,112,0.91,3,1.0
2529,241,274,1179,164,163,0.91,3,1.0
2529,244,186,1379,95,99,0.78,3,1.0
2529,245,15,1709,178,204,0.74,3,1.0
2529,247,11,655,146,121,0.89,3,1.0
2529,239,133,1755,130,135,0.70,3,1.0
2530,236,36,271,92,81,0.92,3,1.0
2530,237,77,286,145,112,0.92,3,1.0
2530,241,265,1181,165,164,0.91,3,1.0
2530,244,178,1381,95,99,0.76,3,1.0
2530,245,9,1707,197,207,0.73,3,1.0
2530,247,5,656,141,122,0.88,3,1.0
2530,239,129,1756,131,135,0.68,3,1.0
2531,237,62,286,146,113,0.91,3,1.0
2531,241,252,1183,166,165,0.91,3,1.0
2531,244,167,1386,93,97,0.70,3,1.0
2531,245,4,1705,209,210,0.73,3,1.0
2531,247,0,656,138,123,0.88,3,1.0
2531,239,111,1761,130,135,0.72,3,1.0
2532,237,51,287,147,112,0.91,3,1.0
2532,241,244,1185,165,164,0.91,3,1.0
2532,244,160,1390,91,94,0.67,3,1.0
2532,245,3,1704,220,212,0.71,3,1.0
2532,247,0,656,134,124,0.88,3,1.0
2532,239,101,1765,128,132,0.82,3,1.0
2533,237,36,287,147,112,0.91,3,1.0
2533,241,231,1186,165,165,0.91,3,1.0
2533,244,148,1393,90,94,0.66,3,1.0
2533,245,0,1702,244,216,0.67,3,1.0
2533,247,0,657,126,124,0.87,3,1.0
2533,239,84,1769,128,132,0.91,3,1.0
2534,237,25,286,148,113,0.91,3,1.0
2534,241,223,1186,163,166,0.91,3,1.0
2534,244,140,1396,90,93,0.66,3,1.0
2534,245,0,1703,244,215,0.67,3,1.0
2534,247,0,657,126,124,0.87,3,1.0
2534,239,81,1770,128,132,0.90,3,1.0
2535,237,14,285,143,114,0.91,3,1.0
2535,241,210,1187,161,165,0.91,3,1.0
2535,244,128,1399,90,94,0.61,3,1.0
2535,239,75,1772,129,132,0.88,3,1.0
2536,237,8,283,139,115,0.91,3,1.0
2536,241,201,1188,160,164,0.91,3,1.0
2536,244,120,1400,90,96,0.59,3,1.0
2536,239,67,1774,129,132,0.85,3,1.0
2537,237,2,282,137,117,0.91,3,1.0
2537,241,188,1188,160,165,0.91,3,1.0
2537,244,108,1402,94,102,0.57,3,1.0
2537,239,55,1776,131,133,0.84,3,1.0
2538,237,1,281,134,117,0.91,3,1.0
2538,241,180,1189,160,165,0.90,3,1.0
2538,244,101,1405,97,106,0.52,3,1.0
2538,239,48,1777,131,134,0.83,3,1.0
2539,237,0,279,125,119,0.91,3,1.0
2539,241,168,1191,159,164,0.90,3,1.0
2539,244,95,1407,99,108,0.47,3,1.0
2539,239,39,1780,129,129,0.79,3,1.0
2540,237,0,279,125,119,0.91,3,1.0
2540,241,160,1191,160,165,0.90,3,1.0
2540,244,92,1408,101,112,0.47,3,1.0
2540,239,34,1781,128,128,0.73,3,1.0
2541,241,148,1191,162,167,0.90,3,1.0
2541,244,86,1411,106,118,0.46,3,1.0
2541,239,24,1783,128,127,0.76,3,1.0
2541,246,654,1783,188,137,0.51,2,1.0
2542,241,140,1191,163,168,0.90,3,1.0
2542,244,86,1411,105,117,0.45,3,1.0
2542,239,19,1784,127,127,0.77,3,1.0
2542,246,654,1783,188,137,0.51,2,1.0
2543,241,128,1192,163,167,0.89,3,1.0
2543,239,13,1786,124,121,0.74,3,1.0
2543,246,654,1783,188,137,0.51,2,1.0
2544,241,120,1192,164,168,0.89,3,1.0
2544,239,8,1786,123,119,0.74,3,1.0
2544,246,654,1783,188,137,0.51,2,1.0
2545,241,108,1191,166,170,0.88,3,1.0
2545,239,4,1787,122,118,0.80,3,1.0
2545,246,643,1787,190,133,0.57,2,1.0
2546,241,101,1191,165,170,0.87,3,1.0
2546,239,4,1787,119,113,0.77,3,1.0
2546,246,632,1791,192,129,0.64,2,1.0
2547,241,89,1191,168,171,0.88,3,1.0
2547,239,3,1787,115,103,0.70,3,1.0
2547,246,614,1796,196,124,0.72,2,1.0
2548,241,81,1190,172,173,0.89,3,1.0
2548,239,3,1787,115,103,0.70,3,1.0
2548,246,611,1796,197,124,0.73,2,1.0
2549,241,70,1189,174,175,0.88,3,1.0
2549,246,605,1796,197,123,0.71,2,1.0
2550,241,63,1189,176,174,0.88,3,1.0
2550,246,597,1796,198,123,0.70,2,1.0
2551,241,51,1187,180,177,0.89,3,1.0
2551,246,586,1796,199,123,0.73,2,1.0
2552,241,44,1185,181,179,0.88,3,1.0
2552,246,579,1796,199,123,0.75,2,1.0
2553,241,33,1182,182,181,0.88,3,1.0
2553,246,567,1795,201,124,0.76,2,1.0
2554,241,25,1180,184,183,0.89,3,1.0
2554,246,560,1795,202,124,0.80,2,1.0
2555,241,15,1176,184,186,0.90,3,1.0
2555,246,549,1794,203,125,0.84,2,1.0
2556,241,10,1175,182,185,0.90,3,1.0
2556,246,540,1792,206,127,0.83,2,1.0
2557,241,4,1171,178,184,0.90,3,1.0
2557,246,529,1789,207,130,0.82,2,1.0
2558,241,2,1169,174,183,0.91,3,1.0
2558,246,522,1787,207,132,0.81,2,1.0
2559,241,0,1165,167,183,0.92,3,1.0
2559,246,511,1783,209,136,0.83,2,1.0
2560,241,0,1163,161,182,0.92,3,1.0
2560,246,504,1781,210,138,0.84,2,1.0
2561,241,0,1160,153,181,0.92,3,1.0
2561,246,495,1777,209,142,0.84,2,1.0
2562,241,0,1158,147,181,0.92,3,1.0
2562,246,489,1775,209,144,0.84,2,1.0
2563,241,0,1156,139,180,0.92,3,1.0
2563,246,479,1771,211,148,0.86,2,1.0
2564,241,0,1154,134,181,0.92,3,1.0
2564,246,472,1769,213,150,0.86,2,1.0
2565,241,0,1152,127,179,0.91,3,1.0
2565,246,464,1764,211,155,0.85,2,1.0
2566,241,0,1151,122,176,0.90,3,1.0
2566,246,458,1761,210,157,0.86,2,1.0
2567,241,0,1150,118,175,0.90,3,1.0
2567,246,450,1755,209,162,0.88,2,1.0
2568,241,0,1150,116,173,0.89,3,1.0
2568,246,445,1752,208,165,0.89,2,1.0
2569,241,0,1151,112,167,0.88,3,1.0
2569,246,437,1746,207,170,0.89,2,1.0
2570,241,0,1153,112,164,0.88,3,1.0
2570,246,431,1742,209,175,0.90,2,1.0
2571,246,422,1736,210,181,0.90,2,1.0
2572,246,415,1732,212,186,0.88,2,1.0
2573,246,405,1726,213,192,0.83,2,1.0
2574,246,397,1723,215,196,0.79,2,1.0
2575,246,386,1718,216,201,0.77,2,1.0
2576,246,377,1715,219,204,0.76,2,1.0
2577,246,366,1711,221,209,0.75,2,1.0
2578,246,359,1708,222,212,0.76,2,1.0
2579,246,348,1703,224,216,0.76,2,1.0
2580,246,341,1700,226,219,0.74,2,1.0
2581,246,334,1695,225,222,0.74,2,1.0
2582,246,331,1691,222,223,0.74,2,1.0
2583,246,325,1686,219,223,0.74,2,1.0
2584,246,324,1682,213,222,0.75,2,1.0
2585,246,323,1676,204,220,0.77,2,1.0
2586,246,322,1672,198,218,0.78,2,1.0
2587,246,322,1667,188,216,0.76,2,1.0
2588,246,324,1664,180,214,0.74,2,1.0
2589,246,322,1659,173,212,0.71,2,1.0
2590,246,320,1657,168,210,0.66,2,1.0
2591,246,316,1653,164,208,0.66,2,1.0
2592,246,312,1651,162,205,0.68,2,1.0
2593,246,306,1648,160,203,0.65,1,1.0
2594,246,303,1646,159,201,0.63,1,1.0
2595,246,295,1642,160,200,0.65,2,1.0
2596,246,290,1639,159,200,0.63,2,1.0
2597,246,283,1635,159,199,0.65,2,1.0
2598,246,278,1631,159,200,0.73,2,1.0
2599,246,270,1626,160,199,0.81,2,1.0
2600,246,265,1623,160,197,0.84,2,1.0
2601,246,259,1618,159,196,0.89,1,1.0
2602,246,254,1614,159,195,0.90,1,1.0
2603,246,248,1609,158,193,0.90,1,1.0
2604,246,245,1605,158,193,0.91,1,1.0
2605,246,240,1599,158,193,0.90,1,1.0
2606,246,236,1595,159,192,0.87,1,1.0
2607,246,230,1588,162,193,0.85,1,1.0
2608,246,226,1583,164,194,0.85,1,1.0
2609,246,219,1575,168,196,0.82,1,1.0
2610,246,215,1570,170,198,0.80,1,1.0
2611,246,210,1563,172,199,0.82,1,1.0
2612,246,207,1560,173,198,0.83,1,1.0
2613,246,204,1553,173,199,0.83,2,1.0
2614,246,203,1549,173,198,0.86,2,1.0
2615,246,200,1542,172,198,0.87,1,1.0
2616,246,197,1537,173,198,0.85,1,1.0
2617,246,193,1530,175,197,0.86,1,1.0
2618,246,190,1526,175,196,0.87,1,1.0
2619,246,185,1520,175,194,0.88,1,1.0
2620,246,183,1515,174,194,0.90,1,1.0
2621,246,179,1510,173,191,0.93,1,1.0
2622,246,177,1507,171,189,0.92,1,1.0
2623,246,173,1502,170,187,0.92,1,1.0
2624,246,170,1499,169,186,0.92,1,1.0
2625,246,164,1494,170,185,0.91,1,1.0
2626,246,160,1490,171,185,0.92,1,1.0
2627,246,154,1484,172,186,0.92,1,1.0
2628,246,151,1481,172,186,0.92,1,1.0
2629,246,145,1476,174,188,0.92,1,1.0
2630,246,141,1474,175,187,0.93,1,1.0
2631,246,136,1469,176,189,0.93,1,1.0
2632,246,131,1467,178,189,0.93,1,1.0
2633,246,124,1464,179,189,0.94,1,1.0
2634,246,119,1461,181,191,0.94,1,1.0
2635,246,113,1458,179,190,0.93,1,1.0
2636,246,108,1457,179,189,0.93,1,1.0
2637,246,101,1453,178,190,0.91,1,1.0
2638,246,96,1451,178,190,0.88,1,1.0
2639,246,88,1447,178,191,0.88,1,1.0
2639,249,168,1312,233,244,0.85,2,1.0
2640,246,82,1443,179,194,0.88,1,1.0
2640,249,163,1311,237,245,0.86,2,1.0
2641,246,73,1438,181,197,0.89,1,1.0
2641,249,154,1310,244,245,0.71,2,1.0
2642,246,67,1436,182,197,0.91,1,1.0
2642,249,150,1310,248,244,0.64,2,1.0
2643,246,58,1432,182,198,0.93,1,1.0
2643,249,144,1306,249,247,0.65,2,1.0
2644,246,51,1430,183,198,0.93,1,1.0
2644,249,134,1303,253,248,0.61,2,1.0
2645,246,42,1426,182,197,0.92,1,1.0
2645,249,127,1300,252,247,0.58,2,1.0
2646,246,36,1423,181,195,0.91,1,1.0
2646,249,124,1298,248,245,0.64,2,1.0
2647,246,27,1418,181,194,0.90,1,1.0
2647,249,119,1294,242,244,0.67,2,1.0
2648,246,21,1414,181,194,0.90,1,1.0
2648,249,117,1292,238,242,0.65,2,1.0
2649,246,13,1407,179,193,0.89,1,1.0
2649,249,117,1291,233,240,0.65,2,1.0
2650,246,8,1403,178,191,0.90,1,1.0
2650,249,115,1289,232,241,0.63,2,1.0
2651,246,3,1394,174,192,0.90,1,1.0
2651,249,112,1284,230,242,0.60,2,1.0
2652,246,1,1388,170,192,0.91,1,1.0
2652,249,112,1284,230,242,0.60,2,1.0
2653,246,0,1379,161,192,0.91,1,1.0
2654,246,0,1373,155,192,0.91,1,1.0
2655,246,0,1365,146,193,0.91,1,1.0
2655,249,50,1230,249,248,0.54,2,1.0
2656,246,0,1360,140,192,0.90,1,1.0
2656,249,50,1230,249,248,0.54,2,1.0
2657,246,0,1353,130,191,0.89,1,1.0
2657,249,40,1225,256,251,0.51,2,1.0
2658,246,0,1349,124,190,0.89,1,1.0
2658,249,35,1223,259,251,0.50,2,1.0
2659,246,0,1346,120,190,0.89,1,1.0
2659,249,28,1218,261,253,0.53,2,1.0
2660,246,0,1345,117,189,0.88,1,1.0
2660,249,18,1213,266,255,0.56,2,1.0
2661,246,0,1342,112,188,0.88,1,1.0
2661,249,9,1208,266,254,0.58,2,1.0
2662,246,0,1342,112,188,0.88,1,1.0
2662,249,7,1206,260,251,0.61,2,1.0
2663,249,3,1203,259,251,0.65,1,1.0
2664,249,5,1204,254,248,0.65,1,1.0
2665,249,7,1205,245,243,0.64,2,1.0
2666,249,7,1205,245,243,0.63,2,1.0
2669,250,263,1821,410,99,0.71,3,1.0
2670,250,264,1821,410,99,0.71,3,1.0
2671,250,244,1813,453,106,0.71,3,1.0
2671,249,0,1143,161,250,0.62,2,1.0
2672,250,233,1809,476,110,0.71,3,1.0
2672,249,0,1143,161,250,0.62,2,1.0
2673,250,233,1809,476,110,0.71,3,1.0
2673,249,0,1114,156,281,0.51,2,1.0
2674,250,223,1805,499,114,0.71,3,1.0
2674,249,0,1098,153,299,0.46,2,1.0
2675,250,203,1797,542,122,0.72,3,1.0
2675,249,0,1098,153,299,0.46,2,1.0
2676,250,202,1797,546,122,0.72,3,1.0
2676,249,0,1084,150,314,0.40,2,1.0
2677,249,0,1054,144,346,0.30,2,1.0
2678,249,0,1052,144,349,0.30,2,1.0
