38,1,697.4,1058.81,94.47000000000003,99.48000000000002,1,4,0.0
39,1,696.06,1057.84,94.46000000000004,99.49000000000001,1,4,0.0
40,1,694.71,1056.88,94.46999999999991,99.48999999999978,1,4,0.0
41,1,693.36,1055.92,94.47000000000003,99.48000000000002,1,4,0.0
42,1,692.01,1054.96,94.47000000000003,99.48000000000002,1,4,0.0
43,1,690.66,1053.99,94.47000000000003,99.49000000000001,1,4,0.0
44,1,689.31,1053.03,94.47000000000003,99.48000000000002,1,4,0.0
45,1,687.97,1052.07,94.45999999999992,99.48000000000002,1,4,0.0
46,1,686.62,1051.1,94.47000000000003,99.49000000000001,1,4,0.0
47,1,685.27,1050.14,94.47000000000003,99.47999999999979,1,4,0.0
48,1,676.6,1049.27,94.47000000000003,99.49000000000001,1,4,0.0
49,1,667.93,1048.41,94.47000000000003,99.48000000000002,1,4,0.0
50,1,659.27,1049.27,94.46000000000004,99.49000000000001,1,4,0.0
51,1,650.6,1050.14,94.47000000000003,99.47999999999979,1,4,0.0
52,1,641.06,1048.41,94.47000000000003,99.48000000000002,1,4,0.0
53,1,631.53,1046.67,94.47000000000003,99.49000000000001,1,4,0.0
54,1,621.99,1047.54,94.47000000000003,99.48000000000002,1,4,0.0
55,1,612.46,1048.41,94.46999999999991,99.48000000000002,1,4,0.0
56,1,603.79,1050.14,94.47000000000003,99.47999999999979,1,4,0.0
57,1,595.12,1051.87,94.47000000000003,99.49000000000001,1,4,0.0
58,1,584.72,1049.27,94.47000000000003,99.49000000000001,1,4,0.0
59,1,574.32,1046.67,94.46999999999991,99.49000000000001,1,4,1.0
60,1,561.32,1048.41,94.46999999999991,99.48000000000002,1,4,1.0
61,1,548.32,1050.14,94.46999999999991,99.47999999999979,1,4,1.0
62,1,537.92,1052.74,94.47000000000003,99.49000000000001,1,4,1.0
63,1,527.52,1055.34,94.47000000000003,99.49000000000001,1,4,1.0
63,2,1036.38,1096.71,43.61999999999989,154.27999999999997,1,5,0.0
63,3,1025.98,978.83,54.01999999999998,131.7399999999999,1,5,0.0
64,1,511.92,1056.21,94.45999999999998,99.48000000000002,1,4,1.0
64,2,1029.44,1096.71,50.559999999999945,154.27999999999997,1,5,0.0
64,3,1019.89,978.83,60.110000000000014,131.7399999999999,1,5,0.0
65,1,496.31,1057.08,94.46999999999997,99.48000000000002,1,4,1.0
65,2,1022.5,1096.71,57.5,154.27999999999997,1,5,0.0
65,3,1013.8,978.83,66.20000000000005,131.7399999999999,1,5,0.0
66,1,486.78,1057.08,94.47000000000003,99.48000000000002,1,4,1.0
66,2,1006.9,1096.71,73.10000000000002,162.08999999999992,1,5,0.0
66,3,996.45,978.83,83.54999999999995,131.7399999999999,1,5,0.0
67,1,477.24,1057.08,94.47000000000003,99.48000000000002,1,4,1.0
67,2,991.3,1096.71,88.70000000000005,169.88999999999987,1,5,0.0
67,3,979.1,978.83,100.89999999999998,131.7399999999999,1,5,0.0
68,1,463.38,1063.14,94.46000000000004,99.49000000000001,1,4,1.0
68,2,977.45,1096.71,102.54999999999995,169.88999999999987,1,5,0.0
68,3,963.48,984.89,108.72000000000003,131.7500000000001,1,5,0.0
69,1,449.51,1069.21,94.47000000000003,99.48000000000002,1,4,1.0
69,2,963.6,1096.71,116.39999999999998,169.88999999999987,1,5,1.0
69,3,947.87,990.96,116.53000000000009,131.75,1,5,0.0
70,1,438.24,1069.21,94.47000000000003,99.48000000000002,1,4,1.0
70,2,951.47,1099.31,128.52999999999997,169.8900000000001,1,5,1.0
70,3,937.47,991.83,116.52999999999997,131.7499999999999,1,5,0.0
71,1,426.97,1069.21,94.47000000000003,99.48000000000002,1,4,1.0
71,2,939.33,1101.91,140.66999999999996,169.88999999999987,1,5,1.0
71,3,927.06,992.69,116.53999999999996,131.75,1,5,1.0
72,1,409.64,1068.34,94.46000000000004,99.49000000000001,1,4,1.0
72,2,928.92,1101.91,151.08000000000004,169.88999999999987,1,5,1.0
72,3,915.8,995.29,116.52999999999997,131.75,1,5,1.0
73,1,392.3,1067.48,94.46999999999997,99.48000000000002,1,4,1.0
73,2,918.5,1101.91,161.5,169.88999999999987,1,5,1.0
73,3,904.53,997.89,116.52999999999997,131.7500000000001,1,5,1.0
74,1,378.43,1069.21,94.46999999999997,99.48000000000002,1,4,1.0
74,2,908.97,1104.51,161.5,169.8900000000001,1,5,1.0
74,3,893.26,995.29,116.52999999999997,131.75,1,5,1.0
75,1,364.56,1070.94,94.46999999999997,99.49000000000001,1,4,1.0
75,2,899.43,1107.11,161.5000000000001,169.8900000000001,1,5,1.0
75,3,881.99,992.69,116.52999999999997,131.75,1,5,1.0
76,1,353.3,1072.68,94.45999999999998,99.48000000000002,1,4,1.0
76,2,885.56,1107.97,165.85000000000014,172.48000000000002,1,5,1.0
76,3,867.26,991.83,116.52999999999997,131.7499999999999,1,5,1.0
76,4,1034.65,1013.5,45.34999999999991,128.27999999999997,1,5,0.0
77,1,342.03,1074.41,94.47000000000003,99.48000000000002,1,4,1.0
77,2,871.69,1108.84,170.21000000000004,175.06000000000017,1,5,1.0
77,3,852.52,990.96,116.52999999999997,131.75,1,5,1.0
77,4,1020.8,1013.5,59.200000000000045,128.27999999999997,1,5,0.0
77,5,1031.18,1136.58,48.819999999999936,124.81000000000017,1,5,0.0
78,1,325.56,1078.74,94.46999999999997,99.49000000000001,1,4,1.0
78,2,858.69,1107.11,170.21000000000004,175.06000000000017,1,5,1.0
78,3,845.59,992.69,116.52999999999997,131.75,1,5,1.0
78,4,1011.25,1007.0,68.75,134.77999999999997,1,5,0.0
78,5,1023.39,1136.58,56.610000000000014,130.87000000000012,1,5,0.0
79,1,309.09,1083.08,94.47000000000003,99.48000000000002,1,4,1.0
79,2,845.69,1105.37,170.20999999999992,175.06000000000017,1,5,1.0
79,3,838.65,994.43,116.52999999999997,131.7500000000001,1,5,1.0
79,4,1001.7,1000.5,78.29999999999995,141.27999999999997,1,5,0.0
79,5,1015.6,1136.58,64.39999999999998,136.92000000000007,1,5,0.0
80,1,293.49,1082.21,94.46999999999997,99.48000000000002,1,4,1.0
80,2,836.16,1104.51,170.20000000000005,175.05999999999995,1,5,1.0
80,3,828.25,997.03,116.52999999999997,131.75,1,5,1.0
80,4,988.75,998.7,91.25,143.07999999999993,1,5,0.0
80,5,1005.2,1136.58,74.79999999999995,136.92000000000007,1,5,0.0
81,1,277.89,1081.34,94.47000000000003,99.49000000000001,1,4,1.0
81,2,826.62,1103.64,170.21000000000004,175.05999999999995,1,5,1.0
81,3,817.85,999.63,116.52999999999997,131.7500000000001,1,5,1.0
81,4,975.8,996.9,104.20000000000005,144.88,1,5,0.0
81,5,994.8,1136.58,85.20000000000005,136.92000000000007,1,5,0.0
82,1,264.02,1084.81,94.47000000000003,99.49000000000001,1,4,1.0
82,2,818.82,1108.84,170.20999999999992,175.06000000000017,1,5,1.0
82,3,810.05,999.63,116.53000000000009,131.7500000000001,1,5,1.0
82,4,966.33,995.76,113.66999999999996,144.73000000000002,1,5,0.0
82,5,984.4,1136.58,95.60000000000002,136.92000000000007,1,5,0.0
83,1,250.15,1088.28,94.47,99.48000000000002,1,4,1.0
83,2,811.02,1114.04,170.20000000000005,175.05999999999995,1,5,1.0
83,3,802.25,999.63,116.52999999999997,131.7500000000001,1,5,1.0
83,4,956.87,994.62,123.13,144.58000000000004,1,5,1.0
83,5,974.0,1136.58,106.0,136.92000000000007,1,5,0.0
83,6,1040.07,514.06,39.930000000000064,80.58000000000004,1,4,0.0
84,1,236.28,1092.61,94.47,99.49000000000001,1,4,1.0
84,2,798.02,1115.77,170.20000000000005,175.06999999999994,1,5,1.0
84,3,786.65,1000.49,116.52999999999997,131.75,1,5,1.0
84,4,946.29,994.8,133.71000000000004,147.0,1,5,1.0
84,5,963.6,1136.58,116.39999999999998,136.92000000000007,1,5,1.0
84,6,1027.19,514.06,52.809999999999945,80.58000000000004,1,4,0.0
85,1,222.41,1096.95,94.47,99.48000000000002,1,4,1.0
85,2,785.02,1117.51,170.20000000000005,175.05999999999995,1,5,1.0
85,3,771.05,1001.36,116.53000000000009,131.7499999999999,1,5,1.0
85,4,935.71,994.99,144.28999999999996,149.41000000000008,1,5,1.0
85,5,953.2,1136.58,126.79999999999995,136.92000000000007,1,5,1.0
85,6,1014.3,514.06,65.70000000000005,80.58000000000004,1,4,0.0
85,7,1043.29,1421.9,36.710000000000036,80.89999999999986,1,4,0.0
86,1,205.95,1097.81,94.46000000000004,99.49000000000001,1,4,1.0
86,2,773.75,1116.64,170.20000000000005,175.05999999999995,1,5,1.0
86,3,760.64,1002.23,116.53999999999996,131.75,1,5,1.0
86,4,923.41,993.87,153.34000000000003,153.08000000000004,1,5,1.0
86,5,940.2,1133.11,139.79999999999995,143.87000000000012,1,5,1.0
86,6,993.03,511.82,76.90000000000009,80.57999999999998,1,4,0.0
86,7,1030.54,1421.9,49.460000000000036,80.89999999999986,1,4,0.0
86,8,1042.23,1273.69,37.76999999999998,93.98000000000002,1,4,0.0
87,1,189.48,1098.68,94.46000000000001,99.48000000000002,1,4,1.0
87,2,762.48,1115.78,170.21000000000004,175.05999999999995,1,5,1.0
87,3,750.24,1003.09,116.52999999999997,131.7499999999999,1,5,1.0
87,4,911.11,992.76,162.39,156.74,1,5,1.0
87,5,927.2,1129.64,152.79999999999995,150.82999999999993,1,5,1.0
87,6,971.75,509.58,88.09999999999991,80.57999999999998,1,4,0.0
87,7,1017.8,1421.9,62.200000000000045,80.89999999999986,1,4,0.0
87,8,1031.88,1278.87,48.11999999999989,93.98000000000002,1,4,0.0
88,1,176.48,1103.01,94.46000000000001,99.49000000000001,1,4,1.0
88,2,751.21,1118.38,170.20999999999992,175.05999999999995,1,5,1.0
88,3,740.71,1005.69,116.52999999999997,131.75,1,5,1.0
88,4,900.36,996.85,161.55000000000007,156.45999999999992,1,5,1.0
88,5,917.66,1128.78,162.34000000000003,157.75,1,5,1.0
88,6,961.12,509.58,88.10000000000002,80.57999999999998,1,4,0.0
88,7,1011.06,1422.65,68.94000000000005,94.39999999999986,1,4,0.0
88,8,1020.23,1276.28,59.76999999999998,106.29999999999995,1,4,0.0
89,1,163.47,1107.35,94.47,99.48000000000002,1,4,1.0
89,2,739.94,1120.98,170.20999999999992,175.05999999999995,1,5,1.0
89,3,731.17,1008.29,116.54000000000008,131.75,1,5,1.0
89,4,889.61,1000.94,160.70999999999992,156.16999999999985,1,5,1.0
89,5,908.13,1127.91,171.87,164.68999999999983,1,5,1.0
89,6,950.49,509.58,88.09999999999991,80.57999999999998,1,4,0.0
89,7,1004.32,1423.39,75.67999999999995,107.90999999999985,1,4,0.0
89,8,1008.57,1273.69,71.42999999999995,118.6099999999999,1,4,0.0
90,1,148.74,1109.95,94.47,99.48000000000002,1,4,1.0
90,2,723.48,1120.11,170.19999999999993,175.06000000000017,1,5,1.0
90,3,719.04,1010.03,116.53000000000009,131.75,1,5,1.0
90,4,875.86,1001.72,159.87,155.88999999999987,1,5,1.0
90,5,895.13,1128.78,179.66999999999996,164.69000000000005,1,5,1.0
90,6,933.14,511.26,88.10000000000002,80.58000000000004,1,4,0.0
90,7,999.07,1424.14,80.92999999999995,111.65999999999985,1,4,0.0
90,8,998.21,1267.87,81.78999999999996,123.13000000000011,1,4,0.0
91,1,134.0,1112.55,94.47,99.48000000000002,1,4,1.0
91,2,707.01,1119.24,170.20000000000005,175.05999999999995,1,5,1.0
91,3,706.91,1011.76,116.53000000000009,131.75,1,5,1.0
91,4,862.12,1002.49,159.01999999999998,155.6099999999999,1,5,1.0
91,5,882.12,1129.64,187.4799999999999,164.68999999999983,1,5,1.0
91,6,915.8,512.94,88.10000000000002,80.57999999999993,1,4,0.0
91,7,993.83,1424.89,86.16999999999996,115.40999999999985,1,4,1.0
91,8,987.85,1262.04,92.14999999999998,127.66000000000008,1,4,1.0
92,1,116.67,1114.28,94.46999999999998,99.49000000000001,1,4,1.0
92,2,700.07,1122.71,170.20999999999992,175.05999999999995,1,5,1.0
92,3,694.77,1012.63,116.52999999999997,131.7500000000001,1,5,1.0
92,4,853.21,1003.26,158.18999999999994,155.30999999999995,1,5,1.0
92,5,871.72,1129.64,187.48000000000002,164.68999999999983,1,5,1.0
92,6,899.57,511.26,88.09999999999991,80.58000000000004,1,4,0.0
92,7,981.09,1424.89,93.66999999999996,115.40999999999985,1,4,1.0
92,8,976.2,1263.33,103.79999999999995,127.67000000000007,1,4,1.0
93,1,99.33,1116.01,94.47000000000001,99.49000000000001,1,4,1.0
93,2,693.14,1126.18,170.20000000000005,175.05999999999995,1,5,1.0
93,3,682.64,1013.5,116.52999999999997,131.74,1,5,1.0
93,4,844.31,1004.02,157.34000000000003,155.02999999999997,1,5,1.0
93,5,861.32,1129.64,187.4799999999999,164.68999999999983,1,5,1.0
93,6,883.34,509.58,88.10000000000002,80.57999999999998,1,4,0.0
93,7,968.36,1424.89,101.14999999999998,115.40999999999985,1,4,1.0
93,8,964.54,1264.63,115.46000000000004,127.66999999999985,1,4,1.0
94,1,86.33,1121.21,94.47000000000001,99.49000000000001,1,4,1.0
94,2,683.6,1129.64,170.20999999999992,175.05999999999995,1,5,1.0
94,3,675.7,1011.76,116.52999999999997,131.75,1,5,1.0
94,4,829.79,1003.47,162.99,156.71000000000004,1,5,1.0
94,5,849.19,1133.98,187.47000000000003,164.69000000000005,1,5,1.0
94,6,867.67,507.34,88.10000000000002,80.57999999999998,1,4,0.0
94,7,957.87,1422.65,101.14999999999998,115.39999999999986,1,4,1.0
94,8,954.18,1264.63,115.46000000000015,127.66999999999985,1,4,1.0
95,1,73.33,1126.42,94.47000000000001,99.48000000000002,1,4,1.0
95,2,674.07,1133.11,170.19999999999993,175.06000000000017,1,5,1.0
95,3,668.77,1010.03,116.52999999999997,131.75,1,5,1.0
95,4,815.28,1002.93,168.62,158.38,1,5,1.0
95,5,837.05,1138.31,187.48000000000002,164.69000000000005,1,5,1.0
95,6,852.0,505.1,88.10000000000002,80.59000000000003,1,4,0.0
95,7,947.38,1420.4,101.15999999999997,115.39999999999986,1,4,1.0
95,9,1021.67,828.4,58.33000000000004,100.38,1,5,0.0
95,8,943.83,1264.63,115.44999999999993,127.66999999999985,1,4,1.0
95,10,1045.11,1439.66,34.8900000000001,119.6099999999999,1,5,0.0
96,1,58.6,1128.12,97.05000000000001,102.98000000000002,1,4,1.0
96,2,664.54,1131.38,170.20000000000005,175.05999999999995,1,5,1.0
96,3,654.9,1011.76,116.52999999999997,131.75,1,5,1.0
96,4,806.95,1003.04,167.64,158.05999999999995,1,5,1.0
96,5,832.72,1138.31,187.47000000000003,164.69000000000005,1,5,1.0
96,6,841.93,505.66,88.10000000000002,80.57999999999998,1,4,0.0
96,7,937.64,1422.64,101.15999999999997,115.40999999999985,1,4,1.0
96,9,1020.92,824.65,58.33000000000004,100.38999999999999,1,5,0.0
96,8,942.53,1265.92,115.46000000000004,127.66999999999985,1,4,1.0
96,10,1038.15,1439.66,41.84999999999991,119.6099999999999,1,5,0.0
97,1,43.86,1129.83,99.64,106.47000000000003,1,4,1.0
97,2,655.0,1129.64,170.21000000000004,175.05999999999995,1,5,1.0
97,3,641.03,1013.5,116.52999999999997,131.74,1,5,1.0
97,4,798.62,1003.16,166.64999999999998,157.73000000000013,1,5,1.0
97,5,828.39,1138.31,187.47000000000003,164.69000000000005,1,5,1.0
97,6,831.86,506.22,88.10000000000002,80.57999999999993,1,4,0.0
97,7,927.9,1424.89,101.15999999999997,115.40999999999985,1,4,1.0
97,9,1020.18,820.91,58.32000000000005,100.38,1,5,0.0
97,8,934.11,1271.1,115.45999999999992,127.67000000000007,1,4,1.0
97,10,1031.2,1439.66,48.799999999999955,119.6099999999999,1,5,0.0
98,1,26.52,1129.83,99.64,106.47000000000003,1,4,1.0
98,2,646.33,1126.18,170.20999999999992,175.05999999999995,1,5,1.0
98,3,634.1,1015.23,116.52999999999997,131.75,1,5,1.0
98,4,789.22,1003.92,165.66999999999996,157.39999999999998,1,5,1.0
98,5,820.58,1138.31,187.4799999999999,164.69000000000005,1,5,1.0
98,6,821.79,504.54,85.86000000000001,78.91000000000003,1,4,0.0
98,7,923.41,1424.89,101.14999999999998,115.40999999999985,1,4,1.0
98,9,1005.18,820.16,72.57000000000005,100.38,1,5,0.0
98,8,925.7,1276.28,115.45000000000005,127.67000000000007,1,4,1.0
98,10,1025.13,1436.19,54.86999999999989,137.79999999999995,1,5,0.0
99,1,9.19,1129.83,99.64,106.47000000000003,1,4,1.0
99,2,637.67,1122.71,170.20000000000005,175.05999999999995,1,5,1.0
99,3,627.16,1016.96,116.53000000000009,131.75,1,5,1.0
99,4,779.82,1004.68,164.68999999999994,157.08000000000004,1,5,1.0
99,5,812.78,1138.31,187.48000000000002,164.69000000000005,1,5,1.0
99,6,811.71,502.86,83.62,77.23000000000002,1,4,0.0
99,7,918.91,1424.89,101.16000000000008,115.40999999999985,1,4,1.0
99,9,990.19,819.41,86.80999999999995,100.38,1,5,0.0
99,8,914.69,1276.28,115.46000000000004,127.67000000000007,1,4,1.0
99,10,1019.07,1432.72,60.92999999999995,155.98000000000002,1,5,0.0
100,1,4.59,1133.3,91.24,106.47000000000003,1,4,1.0
100,2,629.0,1127.04,170.20000000000005,175.05999999999995,1,5,1.0
100,3,618.5,1017.83,116.52999999999997,131.7499999999999,1,5,1.0
100,4,773.28,1004.13,163.71000000000004,156.7500000000001,1,5,1.0
100,5,798.92,1140.91,187.47000000000003,164.68999999999983,1,5,1.0
100,6,797.16,500.62,83.63,77.23000000000002,1,4,0.0
100,7,910.67,1425.64,101.16000000000008,115.40999999999985,1,4,1.0
100,9,982.7,814.16,95.79999999999995,107.13999999999999,1,5,0.0
100,8,903.68,1276.28,115.46000000000004,127.67000000000007,1,4,1.0
100,10,1011.26,1432.72,68.74000000000001,162.02999999999997,1,5,0.0
101,1,0.0,1136.77,82.83,106.46000000000004,1,4,0.0
101,2,620.33,1131.38,170.20999999999992,175.05999999999995,1,5,1.0
101,3,609.83,1018.7,116.52999999999997,131.75,1,5,1.0
101,4,766.74,1003.58,162.72000000000003,156.42999999999995,1,5,1.0
101,5,785.05,1143.51,187.47000000000003,164.69000000000005,1,5,1.0
101,6,782.61,498.38,83.63,77.23000000000002,1,4,0.0
101,7,902.43,1426.39,101.16000000000008,115.40999999999985,1,4,1.0
101,9,975.21,808.92,104.78999999999996,113.88999999999999,1,5,0.0
101,8,892.68,1276.93,115.45000000000005,127.66999999999985,1,4,1.0
101,10,1003.46,1432.72,76.53999999999996,168.07999999999993,1,5,0.0
102,1,0.0,1141.1,69.82,106.47000000000003,1,4,0.0
102,2,609.06,1132.24,170.21000000000004,175.05999999999995,1,5,1.0
102,3,597.69,1018.7,116.52999999999997,131.75,1,5,1.0
102,4,756.52,1004.35,161.74,156.09000000000003,1,5,1.0
102,5,778.11,1142.64,187.48000000000002,164.68999999999983,1,5,1.0
102,6,770.3,496.15,83.63,77.22000000000003,1,4,0.0
102,7,896.44,1428.64,101.14999999999998,115.40999999999985,1,4,1.0
102,9,969.97,811.17,104.78999999999996,113.88,1,5,0.0
102,8,881.67,1277.58,115.45000000000005,127.67000000000007,1,4,1.0
102,10,997.4,1430.12,82.60000000000002,176.73000000000002,1,5,0.0
103,1,0.0,1145.44,56.82,106.46000000000004,1,4,0.0
103,2,597.79,1133.11,170.21000000000004,175.06000000000017,1,5,1.0
103,3,585.56,1018.7,116.53000000000009,131.75,1,5,1.0
103,4,746.3,1005.11,160.7700000000001,155.7700000000001,1,5,1.0
103,5,771.18,1141.78,187.47000000000003,164.69000000000005,1,5,1.0
103,6,757.99,493.91,83.62,77.22999999999996,1,4,0.0
103,7,890.45,1430.89,101.14999999999998,115.39999999999986,1,4,1.0
103,9,964.72,813.41,104.78999999999996,113.88999999999999,1,5,0.0
103,8,859.66,1273.69,115.45000000000005,127.66999999999985,1,4,1.0
103,10,991.33,1427.52,88.66999999999996,185.3800000000001,1,5,1.0
104,1,0.0,1141.1,47.29,106.47000000000003,1,4,0.0
104,2,589.99,1133.11,170.21000000000004,175.06000000000017,1,5,1.0
104,3,575.16,1020.43,116.53000000000009,131.7500000000001,1,5,1.0
104,4,735.75,1001.97,166.23000000000002,161.26999999999998,1,5,1.0
104,5,756.44,1140.04,187.4799999999999,164.69000000000005,1,5,1.0
104,6,751.28,488.87,83.62,77.23000000000002,1,4,0.0
104,7,881.46,1433.88,101.14999999999998,115.40999999999985,1,4,1.0
104,9,954.23,813.41,113.01999999999998,113.88999999999999,1,5,0.0
104,8,858.36,1273.69,115.46000000000004,127.66999999999985,1,4,1.0
104,10,982.66,1427.52,97.34000000000003,185.3800000000001,1,5,1.0
105,1,0.0,1136.77,37.75,106.47000000000003,1,4,0.0
105,2,582.19,1133.11,170.20999999999992,175.06000000000017,1,5,1.0
105,3,564.76,1022.16,116.52999999999997,131.7500000000001,1,5,1.0
105,4,725.19,998.84,171.70999999999992,166.75999999999988,1,5,1.0
105,5,741.71,1138.31,187.4699999999999,164.69000000000005,1,5,1.0
105,6,744.56,483.84,83.62,77.21999999999997,1,4,0.0
105,7,875.46,1435.38,101.15999999999997,115.40999999999985,1,4,1.0
105,9,943.75,813.41,121.24000000000001,113.88999999999999,1,5,0.0
105,8,857.07,1273.69,115.44999999999993,127.66999999999985,1,4,1.0
105,10,973.99,1427.52,106.00999999999999,185.3800000000001,1,5,1.0
106,1,0.0,1137.64,25.62,106.45999999999981,1,4,1.0
106,2,571.79,1132.24,170.21000000000004,175.05999999999995,1,5,1.0
106,3,558.69,1020.43,116.52999999999997,131.7500000000001,1,5,1.0
106,4,716.26,999.66,170.57000000000005,166.30000000000007,1,5,1.0
106,5,738.24,1138.31,187.48000000000002,164.69000000000005,1,5,1.0
106,6,738.41,479.36,83.62,77.23000000000002,1,4,0.0
106,7,869.47,1436.88,101.14999999999998,115.40999999999985,1,4,1.0
106,9,934.76,813.41,121.24000000000001,113.88999999999999,1,5,0.0
106,8,842.17,1273.69,123.88999999999999,127.66999999999985,1,4,1.0
106,10,966.19,1424.06,113.80999999999995,187.09000000000015,1,5,1.0
107,2,561.39,1131.38,170.21000000000004,175.05999999999995,1,5,1.0
107,3,552.62,1018.7,116.52999999999997,131.75,1,5,1.0
107,4,707.33,1000.49,169.42999999999995,165.81999999999994,1,5,1.0
107,5,734.78,1138.31,187.47000000000003,164.69000000000005,1,5,1.0
107,6,732.25,474.88,83.62,77.23000000000002,1,4,0.0
107,7,865.73,1436.88,101.14999999999998,115.40999999999985,1,4,1.0
107,9,925.77,813.41,121.24000000000001,113.88999999999999,1,5,0.0
107,8,827.28,1273.69,132.32000000000005,127.66999999999985,1,4,1.0
107,10,958.39,1420.59,121.61000000000001,188.81000000000017,1,5,1.0
108,2,553.59,1134.85,170.19999999999993,175.06000000000017,1,5,1.0
108,3,546.55,1016.96,116.53000000000009,131.75,1,5,1.0
108,4,700.0,999.36,168.29999999999995,165.35000000000002,1,5,1.0
108,5,728.71,1138.31,187.4699999999999,164.69000000000005,1,5,1.0
108,6,720.5,467.61,88.64999999999998,82.85000000000002,1,4,0.0
108,7,861.98,1436.88,101.14999999999998,115.40999999999985,1,4,1.0
108,9,919.77,813.41,121.25,113.88999999999999,1,5,0.0
108,8,822.97,1273.69,132.30999999999995,127.66999999999985,1,4,1.0
108,10,950.59,1419.72,129.40999999999997,188.80999999999995,1,5,1.0
109,2,545.79,1138.31,170.20000000000005,175.05999999999995,1,5,1.0
109,3,540.49,1015.23,116.52999999999997,131.75,1,5,1.0
109,4,692.68,998.22,167.1500000000001,164.88999999999987,1,5,1.0
109,5,722.64,1138.31,187.48000000000002,164.69000000000005,1,5,1.0
109,6,708.75,460.33,93.67999999999995,88.46999999999997,1,4,0.0
109,7,852.24,1435.38,101.15999999999997,115.40999999999985,1,4,1.0
109,9,913.78,813.41,121.25,113.88999999999999,1,5,0.0
109,8,818.65,1273.69,132.32000000000005,127.66999999999985,1,4,1.0
109,10,942.79,1418.85,137.21000000000004,188.82000000000016,1,5,1.0
110,2,537.12,1138.31,170.21000000000004,175.05999999999995,1,5,1.0
110,3,533.55,1015.23,116.53000000000009,131.75,1,5,1.0
110,4,686.28,998.42,166.01,164.41999999999996,1,5,1.0
110,5,712.24,1139.18,187.47000000000003,164.68999999999983,1,5,1.0
110,6,700.36,455.86,93.66999999999996,88.46000000000004,1,4,0.0
110,7,842.5,1433.88,101.15999999999997,115.40999999999985,1,4,1.0
110,9,903.29,809.67,121.25,113.88999999999999,1,5,0.0
110,8,814.33,1273.69,132.31999999999994,127.66999999999985,1,4,1.0
110,10,935.85,1429.28,144.14999999999998,178.3900000000001,1,5,1.0
111,2,528.45,1138.31,170.20999999999992,175.05999999999995,1,5,1.0
111,3,526.62,1015.23,116.52999999999997,131.75,1,5,1.0
111,4,679.88,998.62,164.88,163.93999999999994,1,5,1.0
111,5,701.84,1140.04,187.4699999999999,164.69000000000005,1,5,1.0
111,6,691.96,451.38,93.67999999999995,88.47000000000003,1,4,0.0
111,7,836.51,1434.63,101.14999999999998,115.40999999999985,1,4,1.0
111,9,892.81,805.92,121.24000000000001,113.88999999999999,1,5,0.0
111,8,807.21,1273.69,132.31999999999994,127.66999999999985,1,4,1.0
111,10,928.92,1439.7,151.08000000000004,167.97000000000003,1,5,1.0
112,2,518.05,1136.58,176.2800000000001,184.61000000000013,1,5,1.0
112,3,519.68,1016.96,116.54000000000008,131.75,1,5,1.0
112,4,669.22,998.15,168.26,164.79000000000008,1,5,1.0
112,5,692.3,1140.04,190.96000000000004,170.77999999999997,1,5,1.0
112,6,684.13,448.58,93.67999999999995,88.46999999999997,1,4,0.0
112,7,830.52,1435.38,101.14999999999998,115.40999999999985,1,4,1.0
112,9,889.81,805.92,121.24000000000001,113.88999999999999,1,5,1.0
112,8,800.09,1273.69,132.31999999999994,127.66999999999985,1,4,1.0
112,10,921.99,1439.7,151.07999999999993,167.97000000000003,1,5,1.0
113,2,507.65,1134.84,182.35000000000002,194.16000000000008,1,5,1.0
113,3,512.75,1018.7,116.52999999999997,131.75,1,5,1.0
113,4,658.57,997.68,171.63,165.63,1,5,1.0
113,5,682.77,1140.04,194.43000000000006,176.86000000000013,1,5,1.0
113,6,676.29,445.78,93.68000000000006,88.47000000000003,1,4,0.0
113,7,825.27,1436.13,101.15999999999997,115.40999999999985,1,4,1.0
113,9,885.31,805.92,121.25,113.88999999999999,1,5,1.0
113,8,780.67,1277.58,132.31000000000006,127.67000000000007,1,4,1.0
113,10,915.05,1439.7,151.08000000000015,167.97000000000003,1,5,1.0
114,2,500.72,1133.11,182.35000000000002,194.16000000000008,1,5,1.0
114,3,501.48,1020.43,116.52999999999997,131.7500000000001,1,5,1.0
114,4,650.26,999.84,170.37,165.12,1,5,1.0
114,5,678.44,1142.64,190.94999999999993,170.77999999999997,1,5,1.0
114,6,666.78,442.99,93.68000000000006,88.46000000000004,1,4,0.0
114,7,820.03,1436.88,101.14999999999998,115.40999999999985,1,4,1.0
114,9,880.82,805.92,121.2399999999999,113.88999999999999,1,5,1.0
114,8,772.9,1278.23,132.31000000000006,127.67000000000007,1,4,1.0
114,10,905.52,1438.83,151.07999999999993,167.97000000000003,1,5,1.0
115,2,493.78,1131.38,182.35000000000002,194.14999999999986,1,5,1.0
115,3,490.21,1022.16,116.53000000000003,131.7500000000001,1,5,1.0
115,4,641.94,1002.0,169.1099999999999,164.6099999999999,1,5,1.0
115,5,674.1,1145.24,187.48000000000002,164.69000000000005,1,5,1.0
115,6,657.27,440.19,93.68000000000006,88.45999999999998,1,4,0.0
115,7,814.03,1439.87,101.16000000000008,115.41000000000008,1,4,1.0
115,9,864.34,807.42,121.24000000000001,113.88999999999999,1,5,1.0
115,8,765.13,1278.87,132.31000000000006,127.67000000000007,1,4,1.0
115,10,895.98,1437.97,151.07999999999993,167.96000000000004,1,5,1.0
115,11,1009.05,703.08,70.95000000000005,138.67999999999995,1,5,0.0
116,2,486.85,1136.58,182.35000000000002,194.1500000000001,1,5,1.0
116,3,485.01,1024.76,116.52999999999997,131.75,1,5,1.0
116,4,632.05,999.57,171.73000000000002,169.28999999999985,1,5,1.0
116,5,666.3,1145.24,191.79000000000008,168.18000000000006,1,5,1.0
116,6,646.07,440.75,93.67999999999995,88.46000000000004,1,4,0.0
116,7,808.04,1442.87,101.16000000000008,115.41000000000008,1,4,1.0
116,9,853.85,811.92,121.24000000000001,113.88,1,5,1.0
116,8,759.3,1281.46,132.32000000000005,127.67000000000007,1,4,1.0
116,10,891.65,1440.57,151.08000000000004,167.96000000000004,1,5,1.0
116,11,1008.17,703.08,71.83000000000004,138.67999999999995,1,5,0.0
117,2,479.91,1141.78,182.34999999999997,194.1500000000001,1,5,1.0
117,3,479.81,1027.36,116.53000000000003,131.75,1,5,1.0
117,4,622.15,997.14,174.35000000000002,173.95999999999992,1,5,1.0
117,5,658.5,1145.24,196.10000000000002,171.66000000000008,1,5,1.0
117,6,634.88,441.31,93.67999999999995,88.45999999999998,1,4,0.0
117,7,798.3,1445.87,101.16000000000008,115.40000000000009,1,4,1.0
117,9,849.36,813.41,121.24000000000001,113.88999999999999,1,5,1.0
117,8,753.47,1284.05,132.31999999999994,127.67000000000007,1,4,1.0
117,10,887.32,1443.17,151.08000000000004,167.96000000000004,1,5,1.0
117,11,1007.3,703.08,72.70000000000005,138.67999999999995,1,5,0.0
118,2,472.98,1143.51,182.35000000000002,194.16000000000008,1,5,1.0
118,3,472.01,1027.36,116.52999999999997,131.75,1,5,1.0
118,4,619.81,1001.25,172.97000000000003,173.31999999999994,1,5,1.0
118,5,656.77,1144.38,196.10000000000002,171.64999999999986,1,5,1.0
118,6,628.73,440.19,93.67999999999995,88.45999999999998,1,4,0.0
118,7,788.56,1448.86,101.16000000000008,115.41000000000008,1,4,1.0
118,9,844.86,814.91,121.24000000000001,113.88999999999999,1,5,1.0
118,8,738.58,1291.82,132.31999999999994,127.67000000000007,1,4,1.0
118,10,880.38,1444.9,151.08000000000004,167.9699999999998,1,5,1.0
118,11,1006.42,703.08,73.58000000000004,138.67999999999995,1,5,0.0
119,2,466.05,1145.25,182.34999999999997,194.1500000000001,1,5,1.0
119,3,464.21,1027.36,116.53000000000003,131.75,1,5,1.0
119,4,617.46,1005.37,171.5999999999999,172.65999999999997,1,5,1.0
119,5,655.03,1143.51,196.10000000000002,171.66000000000008,1,5,1.0
119,6,622.57,439.07,93.67999999999995,88.46999999999997,1,4,0.0
119,7,784.57,1451.86,101.14999999999998,115.41000000000008,1,4,1.0
119,9,842.21,814.91,121.24000000000001,113.88999999999999,1,5,1.0
119,8,723.69,1299.59,132.31999999999994,127.67000000000007,1,4,1.0
119,10,878.07,1447.21,151.08000000000004,167.97000000000003,1,5,1.0
119,11,1005.55,703.08,74.45000000000005,138.67999999999995,1,5,0.0
120,2,459.98,1147.85,182.35000000000002,194.1500000000001,1,5,1.0
120,3,460.74,1027.36,116.52999999999997,131.75,1,5,1.0
120,4,611.46,1005.49,170.23000000000002,172.01,1,5,1.0
120,5,649.83,1146.98,196.0999999999999,177.70000000000005,1,5,1.0
120,6,615.86,432.35,98.16999999999996,95.16999999999996,1,4,0.0
120,7,780.57,1454.86,101.15999999999997,115.40000000000009,1,4,1.0
120,9,839.56,814.91,121.24000000000001,113.88999999999999,1,5,1.0
120,8,720.38,1300.17,132.32000000000005,127.66999999999985,1,4,1.0
120,10,875.76,1449.52,151.07999999999993,167.97000000000003,1,5,1.0
120,11,1004.67,703.08,75.33000000000004,138.67999999999995,1,5,0.0
121,2,453.91,1150.45,182.34999999999997,194.14999999999986,1,5,1.0
121,3,457.28,1027.36,116.52999999999997,131.75,1,5,1.0
121,4,605.45,1005.61,168.8599999999999,171.36,1,5,1.0
121,5,644.63,1150.44,196.10000000000002,183.76,1,5,1.0
121,6,609.14,425.64,102.65999999999997,101.86000000000001,1,4,0.0
121,7,776.58,1457.85,101.14999999999998,115.41000000000008,1,4,1.0
121,9,836.9,814.91,121.25,113.88999999999999,1,5,1.0
121,8,717.07,1300.74,132.31999999999994,127.67000000000007,1,4,1.0
121,10,873.45,1451.83,151.07999999999993,167.97000000000003,1,5,1.0
121,11,1003.8,703.08,76.20000000000005,138.67999999999995,1,5,0.0
122,2,448.71,1151.31,182.34999999999997,194.16000000000008,1,5,1.0
122,3,450.34,1028.23,116.53000000000003,131.75,1,5,1.0
122,4,601.74,1007.03,167.49,170.70000000000005,1,5,1.0
122,5,639.43,1148.71,196.10000000000002,183.76,1,5,1.0
122,6,599.63,418.92,102.65999999999997,101.86999999999995,1,4,0.0
122,7,769.84,1456.35,101.14999999999998,115.41000000000008,1,4,1.0
122,9,834.25,814.91,121.25,113.88999999999999,1,5,1.0
122,8,713.76,1301.32,132.32000000000005,127.67000000000007,1,4,1.0
122,10,865.36,1453.57,151.08000000000004,167.96000000000004,1,5,1.0
122,11,996.43,703.08,76.20000000000016,138.67999999999995,1,5,0.0
123,2,443.51,1152.18,182.35000000000002,194.15999999999985,1,5,1.0
123,3,443.41,1029.1,116.53000000000003,131.75,1,5,1.0
123,4,598.04,1008.44,166.11,170.04999999999995,1,5,1.0
123,5,634.23,1146.98,196.10000000000002,183.75,1,5,1.0
123,6,590.12,412.21,102.64999999999998,101.86000000000007,1,4,0.0
123,7,763.09,1454.86,101.15999999999997,115.40000000000009,1,4,1.0
123,9,831.6,814.91,121.24000000000001,113.88999999999999,1,5,1.0
123,8,710.45,1301.89,132.31999999999994,127.66999999999985,1,4,1.0
123,10,857.27,1455.3,151.08000000000004,167.97000000000003,1,5,1.0
123,11,989.06,703.08,76.20000000000005,138.67999999999995,1,5,0.0
124,2,437.44,1153.05,182.34999999999997,194.1500000000001,1,5,1.0
124,3,436.47,1029.1,116.53999999999996,131.75,1,5,1.0
124,4,596.57,1009.17,164.75,169.39,1,5,1.0
124,5,627.3,1147.84,196.10000000000002,183.76,1,5,1.0
124,6,585.64,404.37,102.65999999999997,101.87,1,4,0.0
124,7,757.85,1458.6,101.14999999999998,115.41000000000008,1,4,1.0
124,9,828.95,814.91,121.24000000000001,113.88999999999999,1,5,1.0
124,8,707.14,1302.47,132.32000000000005,127.67000000000007,1,4,1.0
124,10,849.18,1457.04,151.08000000000004,167.96000000000004,1,5,1.0
124,11,981.7,703.08,76.20000000000005,138.67999999999995,1,5,0.0
125,2,431.38,1153.91,182.34000000000003,194.15999999999985,1,5,1.0
125,3,429.54,1029.1,116.53000000000003,131.75,1,5,1.0
125,4,595.11,1009.89,163.37,168.7500000000001,1,5,1.0
125,5,620.36,1148.71,196.10000000000002,183.76,1,5,1.0
125,6,581.16,396.54,102.66000000000008,101.85999999999996,1,4,0.0
125,7,752.61,1462.35,101.14999999999998,115.41000000000008,1,4,1.0
125,9,826.3,814.91,121.24000000000001,113.88999999999999,1,5,1.0
125,8,703.83,1303.05,132.31999999999994,127.67000000000007,1,4,1.0
125,10,848.75,1456.82,151.08000000000004,167.96000000000004,1,5,1.0
125,11,974.33,703.08,76.19999999999993,138.67999999999995,1,5,0.0
126,2,426.17,1152.18,182.34999999999997,194.15999999999985,1,5,1.0
126,3,425.21,1029.96,116.53000000000003,131.75,1,5,1.0
126,4,584.84,1005.44,169.76,173.25,1,5,1.0
126,5,613.43,1146.98,196.10000000000002,183.75,1,5,1.0
126,6,576.69,393.18,102.64999999999998,101.86000000000001,1,4,0.0
126,7,748.86,1462.35,101.15999999999997,115.41000000000008,1,4,1.0
126,9,810.05,817.23,121.24000000000001,113.88999999999999,1,5,1.0
126,8,700.52,1303.62,132.32000000000005,127.67000000000007,1,4,1.0
126,10,848.31,1456.6,151.08000000000004,167.97000000000003,1,5,1.0
126,11,968.7,700.91,76.19000000000005,138.69000000000005,1,5,0.0
127,2,420.97,1150.45,182.35000000000002,194.14999999999986,1,5,1.0
127,3,420.87,1030.83,116.52999999999997,131.75,1,5,1.0
127,4,574.56,1000.98,176.17000000000007,177.76,1,5,1.0
127,5,606.49,1145.24,196.10000000000002,183.76,1,5,1.0
127,6,572.21,389.83,102.65999999999997,101.86000000000001,1,4,0.0
127,7,745.12,1462.35,101.14999999999998,115.41000000000008,1,4,1.0
127,9,804.04,813.17,121.24000000000001,113.88999999999999,1,5,1.0
127,8,697.21,1304.2,132.31999999999994,127.66999999999985,1,4,1.0
127,10,847.88,1456.38,151.08000000000004,167.9699999999998,1,5,1.0
127,11,963.06,698.75,76.20000000000005,138.67999999999995,1,5,0.0
128,2,414.04,1150.45,182.34999999999997,194.14999999999986,1,5,1.0
128,3,413.09,1025.63,119.11000000000007,136.9599999999998,1,5,1.0
128,4,568.08,997.96,174.53999999999996,176.93000000000006,1,5,1.0
128,5,600.43,1141.78,196.10000000000002,183.75,1,5,1.0
128,6,563.25,378.63,102.65999999999997,101.86000000000001,1,4,0.0
128,7,744.37,1462.35,101.14999999999998,115.41000000000008,1,4,1.0
128,9,798.03,809.1,121.24000000000001,113.88999999999999,1,5,1.0
128,8,693.91,1304.77,132.31000000000006,127.67000000000007,1,4,1.0
128,10,847.45,1456.17,151.07999999999993,167.96000000000004,1,5,1.0
128,11,957.43,696.58,76.20000000000016,138.67999999999995,1,5,0.0
129,2,407.11,1150.45,182.35000000000002,194.14999999999986,1,5,1.0
129,3,405.3,1020.43,121.69999999999999,142.16999999999996,1,5,1.0
129,4,561.6,994.93,172.90999999999997,176.10000000000002,1,5,1.0
129,5,594.36,1138.31,196.10000000000002,183.76,1,5,1.0
129,6,554.3,367.44,102.66000000000008,101.86000000000001,1,4,0.0
129,7,743.62,1462.35,101.14999999999998,115.41000000000008,1,4,1.0
129,9,792.02,805.04,121.24000000000001,113.88999999999999,1,5,1.0
129,8,690.8,1300.89,135.16000000000008,131.03999999999996,1,4,1.0
129,10,847.01,1455.95,151.08000000000004,167.97000000000003,1,5,1.0
129,11,951.79,694.41,76.20000000000005,138.68000000000006,1,5,0.0
130,2,405.37,1146.98,182.35000000000002,194.16000000000008,1,5,1.0
130,3,401.83,1018.7,121.69999999999999,142.16999999999985,1,5,1.0
130,4,558.83,989.42,171.27999999999997,175.2800000000001,1,5,1.0
130,5,594.36,1137.44,196.10000000000002,183.76,1,5,1.0
130,6,551.91,350.65,102.66000000000008,101.87,1,4,0.0
130,7,740.62,1459.35,101.14999999999998,115.41000000000008,1,4,1.0
130,9,790.05,797.05,121.24000000000001,113.8900000000001,1,5,1.0
130,8,687.69,1297.0,138.0,134.43000000000006,1,4,1.0
130,10,846.58,1455.73,151.07999999999993,167.97000000000003,1,5,1.0
130,11,953.53,693.54,76.20000000000005,132.64,1,5,0.0
131,2,403.64,1143.51,182.35000000000002,194.16000000000008,1,5,1.0
131,3,398.37,1016.96,121.70000000000005,142.17000000000007,1,5,1.0
131,4,556.06,983.91,169.6400000000001,174.45999999999992,1,5,1.0
131,5,594.36,1136.58,196.10000000000002,183.75,1,5,0.0
131,6,549.52,333.87,102.65999999999997,101.86000000000001,1,4,0.0
131,7,739.87,1460.1,101.15999999999997,115.41000000000008,1,4,1.0
131,9,788.09,789.06,121.24000000000001,113.8900000000001,1,5,0.0
131,8,684.58,1293.12,140.8499999999999,137.80000000000018,1,4,1.0
131,10,846.15,1455.52,151.08000000000004,167.96000000000004,1,5,1.0
131,11,955.26,692.68,76.20000000000005,126.59000000000003,1,5,0.0
132,2,397.57,1141.78,182.34999999999997,194.1500000000001,1,5,1.0
132,3,389.72,1010.9,125.14999999999998,144.7800000000001,1,5,1.0
132,4,548.48,976.67,180.31999999999994,181.41999999999996,1,5,1.0
132,5,584.82,1133.98,209.95999999999992,192.44000000000005,1,5,0.0
132,6,543.53,310.64,102.64999999999998,101.86000000000001,1,4,0.0
132,7,739.12,1460.85,101.15999999999997,115.41000000000008,1,4,1.0
132,9,784.2,783.88,124.46999999999991,119.70000000000005,1,5,0.0
132,8,681.47,1289.23,143.68999999999994,141.18000000000006,1,4,1.0
132,10,845.71,1455.3,151.07999999999993,167.97000000000003,1,5,1.0
132,11,954.39,690.08,76.19999999999993,126.58999999999992,1,5,0.0
133,2,391.5,1140.05,182.35000000000002,194.1500000000001,1,5,1.0
133,3,381.07,1004.83,128.60000000000002,147.39999999999998,1,5,1.0
133,4,540.9,969.43,191.0,188.37,1,5,1.0
133,5,575.29,1131.38,223.81000000000006,201.1199999999999,1,5,0.0
133,6,537.53,287.42,102.66000000000008,101.85999999999996,1,4,0.0
133,7,736.88,1460.85,101.14999999999998,115.41000000000008,1,4,1.0
133,9,780.32,778.71,127.67999999999995,125.49000000000001,1,5,0.0
133,8,678.37,1285.35,146.52999999999997,144.55000000000018,1,4,1.0
133,10,841.67,1451.83,151.08000000000004,167.97000000000003,1,5,1.0
133,11,953.53,687.48,76.20000000000005,126.57999999999993,1,5,0.0
134,2,380.23,1131.38,197.94999999999993,208.01999999999998,1,5,1.0
134,3,380.2,1003.96,128.60000000000002,147.40999999999985,1,5,1.0
134,4,535.84,964.42,188.90999999999997,187.2600000000001,1,5,1.0
134,5,567.49,1126.17,223.80999999999995,201.12999999999988,1,5,0.0
134,6,530.04,272.44,102.66000000000008,101.86000000000001,1,4,0.0
134,7,734.63,1460.85,101.14999999999998,115.41000000000008,1,4,1.0
134,9,771.9,772.88,127.68000000000006,125.49000000000001,1,5,0.0
134,8,675.34,1281.9,146.53999999999996,144.54999999999995,1,4,1.0
134,10,837.62,1448.37,151.08000000000004,167.96000000000004,1,5,1.0
134,11,934.46,668.41,98.74000000000001,142.19000000000005,1,5,0.0
135,2,368.97,1122.71,213.52999999999997,221.88999999999987,1,5,1.0
135,3,379.33,1003.1,128.60000000000002,147.39999999999998,1,5,1.0
135,4,530.77,959.41,186.83000000000004,186.14,1,5,1.0
135,5,559.69,1120.97,223.80999999999995,201.12999999999988,1,5,0.0
135,6,522.55,257.45,102.66000000000008,101.87,1,4,0.0
135,7,730.13,1457.86,101.15999999999997,115.40000000000009,1,4,1.0
135,9,763.48,767.05,127.68999999999994,125.5,1,5,0.0
135,8,672.32,1278.44,146.53999999999996,144.54999999999995,1,4,1.0
135,10,833.58,1444.9,151.07999999999993,167.9599999999998,1,5,1.0
135,11,932.72,666.67,98.75,142.20000000000005,1,5,0.0
136,2,359.43,1117.51,213.54000000000002,221.8900000000001,1,5,1.0
136,3,368.93,997.9,128.59999999999997,147.39999999999998,1,5,1.0
136,4,529.47,955.92,184.74,185.0300000000001,1,5,1.0
136,5,557.96,1113.17,223.80999999999995,201.12999999999988,1,5,0.0
136,6,514.31,240.97,102.66000000000008,101.85999999999999,1,4,0.0
136,7,727.14,1459.35,101.14999999999998,115.41000000000008,1,4,1.0
136,9,760.89,761.22,127.69000000000005,125.5,1,5,0.0
136,8,669.3,1274.99,146.54000000000008,144.54999999999995,1,4,1.0
136,10,828.38,1443.17,158.0,173.15999999999985,1,5,1.0
136,11,930.99,664.94,98.74000000000001,142.18999999999994,1,5,0.0
137,2,349.9,1112.31,213.52999999999997,221.8900000000001,1,5,1.0
137,3,358.53,992.7,128.60000000000002,147.39999999999986,1,5,1.0
137,4,528.17,952.42,182.6500000000001,183.91999999999996,1,5,1.0
137,5,556.22,1105.37,223.80999999999995,201.1300000000001,1,5,0.0
137,6,506.07,224.49,102.66000000000003,101.86000000000001,1,4,0.0
137,7,722.64,1458.6,101.15999999999997,115.41000000000008,1,4,1.0
137,9,758.3,755.4,127.69000000000005,125.49000000000001,1,5,0.0
137,8,662.18,1270.46,146.5300000000001,144.54999999999995,1,4,1.0
137,10,823.18,1441.43,164.92000000000007,178.3699999999999,1,5,1.0
137,11,928.39,656.27,98.74000000000012,142.19000000000005,1,5,0.0
138,2,346.43,1111.44,213.53000000000003,221.88999999999987,1,5,1.0
138,3,353.33,987.49,129.49,148.26,1,5,1.0
138,4,518.21,941.99,190.29999999999995,192.51999999999998,1,5,1.0
138,5,554.49,1101.91,223.80999999999995,201.1199999999999,1,5,0.0
138,6,495.58,204.27,112.38000000000005,110.85,1,4,0.0
138,7,718.15,1457.86,101.14999999999998,115.40000000000009,1,4,1.0
138,9,757.01,754.75,127.68000000000006,125.49000000000001,1,5,0.0
138,8,655.06,1265.92,146.5300000000001,144.55999999999995,1,4,1.0
138,10,817.11,1439.7,164.91999999999996,178.3699999999999,1,5,1.0
138,11,925.79,647.61,98.74000000000001,142.18999999999994,1,5,0.0
139,2,342.96,1110.58,213.54000000000002,221.8900000000001,1,5,1.0
139,3,348.13,982.29,130.37,149.11000000000013,1,5,1.0
139,4,508.26,931.56,197.95000000000005,201.12000000000012,1,5,1.0
139,5,552.75,1098.44,223.80999999999995,201.1199999999999,1,5,0.0
139,6,485.09,184.04,122.11000000000007,119.85,1,4,0.0
139,7,716.65,1457.11,101.14999999999998,115.40000000000009,1,4,1.0
139,9,755.71,754.1,127.68999999999994,125.5,1,5,0.0
139,8,647.94,1261.39,146.52999999999997,144.54999999999995,1,4,1.0
139,10,811.04,1437.96,164.93000000000006,178.3699999999999,1,5,1.0
139,11,914.23,642.4,98.75,142.20000000000005,1,5,0.0
140,2,332.56,1105.38,218.73999999999995,226.19999999999982,1,5,1.0
140,3,340.33,979.69,130.37,149.1099999999999,1,5,1.0
140,4,504.94,927.44,195.45999999999998,199.6099999999999,1,5,1.0
140,5,541.49,1094.1,223.80999999999995,201.1300000000001,1,5,0.0
140,6,476.85,170.56,122.11000000000001,119.85000000000002,1,4,0.0
140,7,715.15,1456.36,101.14999999999998,115.40000000000009,1,4,1.0
140,9,751.83,750.22,127.67999999999995,125.49000000000001,1,5,0.0
140,8,640.81,1256.86,146.54000000000008,144.55000000000018,1,4,1.0
140,10,804.97,1436.23,164.92999999999995,178.3699999999999,1,5,1.0
140,11,902.68,637.2,98.74000000000001,142.19999999999993,1,5,0.0
141,2,322.16,1100.17,223.94,230.52999999999997,1,5,1.0
141,3,332.53,977.09,130.37,149.11,1,5,1.0
141,4,501.63,923.32,192.96000000000004,198.09000000000003,1,5,1.0
141,5,530.22,1089.77,223.80999999999995,201.1300000000001,1,5,0.0
141,6,468.61,157.07,122.11000000000001,119.85000000000002,1,4,0.0
141,7,701.67,1441.37,101.15000000000009,115.41000000000008,1,4,1.0
141,9,747.94,746.33,127.68999999999994,125.5,1,5,0.0
141,8,632.27,1253.75,146.52999999999997,144.54999999999995,1,4,1.0
141,10,798.91,1434.5,164.92000000000007,178.3699999999999,1,5,1.0
141,11,891.12,632.0,98.74000000000001,142.20000000000005,1,5,0.0
142,2,311.76,1094.11,223.94000000000005,230.5200000000002,1,5,1.0
142,3,327.33,972.76,130.37,149.1099999999999,1,5,1.0
142,4,489.19,914.27,196.3,203.68000000000006,1,5,1.0
142,5,526.75,1088.9,223.80999999999995,202.0,1,5,0.0
142,6,453.63,142.84,122.11000000000001,119.85,1,4,0.0
142,7,697.17,1441.37,101.15000000000009,115.41000000000008,1,4,1.0
142,9,741.47,743.09,127.67999999999995,125.5,1,5,0.0
142,8,623.72,1250.64,146.53999999999996,144.55999999999995,1,4,1.0
142,10,792.84,1432.76,164.91999999999996,178.37000000000012,1,5,1.0
142,11,886.5,627.38,98.74000000000001,142.19000000000005,1,5,0.0
143,2,301.36,1088.04,223.93999999999994,230.52999999999997,1,5,1.0
143,3,322.13,968.43,130.37,149.10000000000002,1,5,1.0
143,4,476.75,905.22,199.64999999999998,209.27999999999997,1,5,1.0
143,5,523.28,1088.04,223.82000000000005,202.86000000000013,1,5,0.0
143,6,438.65,128.6,122.10000000000002,119.86000000000001,1,4,0.0
143,7,692.68,1441.37,101.15000000000009,115.41000000000008,1,4,1.0
143,9,735.0,739.86,127.67999999999995,125.49000000000001,1,5,0.0
143,8,615.17,1247.54,146.54000000000008,144.54999999999995,1,4,1.0
143,10,786.77,1431.03,164.93000000000006,178.37000000000012,1,5,1.0
143,11,881.87,622.76,98.75,142.19000000000005,1,5,0.0
144,2,296.16,1086.31,223.94,230.51999999999998,1,5,1.0
144,3,316.06,965.83,130.37,149.10000000000002,1,5,1.0
144,4,471.85,903.8,196.89,207.44000000000005,1,5,1.0
144,5,515.48,1084.57,223.81999999999994,202.86000000000013,1,5,0.0
144,6,428.91,118.86,122.09999999999997,119.86,1,4,0.0
144,7,685.93,1441.37,107.1400000000001,120.67000000000007,1,4,1.0
144,9,709.1,735.97,127.67999999999995,125.5,1,5,0.0
144,8,606.63,1244.43,146.52999999999997,144.54999999999995,1,4,1.0
144,10,780.71,1429.3,164.91999999999996,178.36000000000013,1,5,1.0
144,11,877.25,618.14,98.74000000000001,142.19000000000005,1,5,0.0
145,2,290.96,1084.57,223.94,230.52999999999997,1,5,1.0
145,3,309.99,963.22,130.37,149.1099999999999,1,5,1.0
145,4,466.95,902.38,194.13000000000005,205.59000000000003,1,5,1.0
145,5,507.68,1081.1,223.82,202.87000000000012,1,5,0.0
145,6,419.17,109.13,122.10999999999996,119.85,1,4,0.0
145,7,679.19,1441.37,113.1099999999999,125.93000000000006,1,4,1.0
145,9,710.39,730.79,127.68000000000006,125.5,1,5,0.0
145,8,598.08,1241.32,146.53999999999996,144.54999999999995,1,4,1.0
145,10,774.64,1427.56,164.91999999999996,178.37000000000012,1,5,1.0
145,11,868.93,616.75,98.74000000000001,142.19000000000005,1,5,0.0
146,2,284.02,1081.97,223.94,230.52999999999997,1,5,1.0
146,3,298.72,962.36,130.36999999999995,149.10000000000002,1,5,1.0
146,4,461.55,899.84,191.36999999999995,203.75999999999988,1,5,1.0
146,5,498.15,1076.77,223.81000000000006,202.86000000000013,1,5,0.0
146,6,404.94,100.89,122.09999999999997,119.85000000000001,1,4,0.0
146,7,665.71,1438.38,113.11000000000001,125.91999999999985,1,4,1.0
146,9,707.15,729.5,127.69000000000005,125.49000000000001,1,5,0.0
146,8,585.78,1236.14,146.52999999999997,144.54999999999995,1,4,1.0
146,10,768.57,1426.26,164.91999999999996,178.37000000000012,1,5,1.0
146,11,860.61,615.36,98.74000000000001,142.18999999999994,1,5,0.0
147,2,277.09,1079.37,223.94,230.5300000000002,1,5,1.0
147,3,287.46,961.49,130.37,149.1099999999999,1,5,1.0
147,4,456.15,897.31,188.62,201.91000000000008,1,5,1.0
147,5,488.61,1072.43,223.81999999999994,202.8699999999999,1,5,0.0
147,6,390.7,92.65,122.10999999999996,119.85,1,4,0.0
147,7,652.22,1435.38,113.12,125.92999999999984,1,4,1.0
147,9,703.92,728.2,127.68000000000006,125.5,1,5,0.0
147,8,573.48,1230.96,146.52999999999997,144.54999999999995,1,4,1.0
147,10,762.5,1424.96,164.92999999999995,178.3699999999999,1,5,1.0
147,11,852.29,613.98,98.74000000000001,142.18999999999994,1,5,0.0
148,2,259.75,1074.17,229.16000000000003,233.12999999999988,1,5,1.0
148,3,277.06,958.02,130.37,149.11000000000013,1,5,1.0
148,4,438.71,892.44,196.21999999999997,209.76999999999998,1,5,1.0
148,5,479.08,1068.97,223.81,202.8599999999999,1,5,0.0
148,6,374.22,85.9,122.10999999999996,119.85999999999999,1,4,0.0
148,7,643.23,1436.13,113.12,125.92999999999984,1,4,1.0
148,9,700.03,726.91,127.68000000000006,125.49000000000001,1,5,0.0
148,8,561.18,1225.78,146.5300000000001,144.54999999999995,1,4,1.0
148,10,756.44,1423.66,164.91999999999996,178.3699999999999,1,5,1.0
148,11,843.97,612.59,98.74000000000001,142.18999999999994,1,5,0.0
149,2,242.42,1068.97,234.38000000000002,235.73000000000002,1,5,1.0
149,3,266.65,954.56,130.37,149.10000000000014,1,5,1.0
149,4,421.27,887.58,203.83000000000004,217.62,1,5,1.0
149,5,469.54,1065.5,223.82,202.8599999999999,1,5,0.0
149,6,357.74,79.16,122.11000000000001,119.85,1,4,0.0
149,7,634.24,1436.88,113.12,125.91999999999985,1,4,1.0
149,9,687.08,724.97,127.68999999999994,125.49000000000001,1,5,0.0
149,8,548.88,1220.6,146.52999999999997,144.55000000000018,1,4,1.0
149,10,750.37,1422.36,164.91999999999996,178.37000000000012,1,5,1.0
149,11,835.64,611.2,98.75,142.18999999999994,1,5,0.0
150,2,232.02,1068.1,234.37999999999997,235.73000000000002,1,5,1.0
150,3,256.25,951.09,130.37,149.11,1,5,1.0
150,4,411.95,882.48,200.52000000000004,215.26999999999998,1,5,1.0
150,5,457.41,1061.17,223.82,202.8599999999999,1,5,0.0
150,6,340.51,73.92,122.11000000000001,119.85000000000001,1,4,0.0
150,7,632.0,1435.38,113.11000000000001,125.92999999999984,1,4,1.0
150,9,674.13,723.02,127.69000000000005,125.5,1,5,0.0
150,8,537.87,1219.96,146.52999999999997,144.54999999999995,1,4,1.0
150,10,739.97,1421.5,164.91999999999996,178.3599999999999,1,5,1.0
150,11,825.24,606.87,98.75,142.18999999999994,1,5,0.0
151,2,221.62,1067.24,234.38,235.73000000000002,1,5,1.0
151,3,245.85,947.62,130.37000000000003,149.11,1,5,1.0
151,4,402.62,877.37,197.22000000000003,212.91999999999996,1,5,1.0
151,5,445.28,1056.83,223.81000000000006,202.87000000000012,1,5,0.0
151,6,323.28,68.67,122.11000000000001,119.86,1,4,0.0
151,7,629.75,1433.88,113.11000000000001,125.92999999999984,1,4,1.0
151,9,672.84,723.02,127.67999999999995,125.5,1,5,0.0
151,8,526.86,1219.31,146.53999999999996,144.54999999999995,1,4,1.0
151,10,729.57,1420.63,164.91999999999996,178.3699999999999,1,5,1.0
151,11,814.84,602.53,98.75,142.20000000000005,1,5,0.0
152,2,208.62,1063.77,234.38,235.73000000000002,1,5,1.0
152,3,235.45,944.16,130.37,149.10000000000002,1,5,1.0
152,4,392.71,875.97,193.92000000000002,210.56999999999994,1,5,1.0
152,5,437.47,1053.37,223.81999999999994,202.86000000000013,1,5,0.0
152,6,301.56,51.65,122.10000000000002,119.85,1,4,0.0
152,7,620.76,1429.39,113.11000000000001,125.91999999999985,1,4,1.0
152,9,671.54,723.02,127.69000000000005,125.5,1,5,0.0
152,8,511.32,1214.78,146.54000000000002,144.54999999999995,1,4,1.0
152,10,723.93,1418.03,164.93000000000006,178.37000000000012,1,5,1.0
153,2,195.61,1060.3,234.38,235.73000000000002,1,5,1.0
153,3,225.05,940.69,130.37,149.1099999999999,1,5,0.0
153,4,382.81,874.58,190.60999999999996,208.20999999999992,1,5,1.0
153,5,429.67,1049.9,223.82,202.8599999999999,1,5,0.0
153,6,279.83,34.62,122.11000000000001,119.85,1,4,0.0
153,7,619.26,1428.64,113.12,125.92999999999984,1,4,1.0
153,9,668.31,721.08,127.68000000000006,125.5,1,5,0.0
153,8,495.78,1210.24,146.54000000000008,144.54999999999995,1,4,1.0
153,10,718.3,1415.43,164.92000000000007,178.3699999999999,1,5,1.0
153,12,1005.5,1067.89,74.5,133.49,1,5,0.0
154,2,186.95,1054.24,234.38,235.72000000000003,1,5,1.0
154,3,217.25,937.22,130.37,149.1099999999999,1,5,0.0
154,4,371.23,866.36,187.30999999999995,205.87,1,5,1.0
154,5,419.27,1042.97,223.82000000000005,202.8599999999999,1,5,0.0
154,6,261.7,17.31,122.11000000000001,118.38999999999999,1,4,0.0
154,7,617.76,1427.89,113.12,125.92999999999984,1,4,1.0
154,9,665.07,719.14,127.67999999999995,125.49000000000001,1,5,0.0
154,8,486.72,1203.77,146.52999999999997,144.54999999999995,1,4,1.0
154,10,712.67,1412.83,164.92000000000007,178.37000000000012,1,5,1.0
154,12,1001.63,1066.2,78.37,131.05999999999995,1,5,0.0
155,2,178.28,1048.17,234.38000000000002,235.73000000000002,1,5,1.0
155,3,209.45,933.75,130.37,149.1099999999999,1,5,0.0
155,4,359.65,858.14,184.0,203.5200000000001,1,5,1.0
155,5,408.87,1036.03,223.82000000000005,202.86000000000013,1,5,0.0
155,6,243.57,0.0,122.11000000000001,116.92,1,4,0.0
155,7,611.77,1425.64,113.11000000000001,125.92999999999984,1,4,1.0
155,9,647.59,709.43,127.67999999999995,125.49000000000001,1,5,0.0
155,8,477.65,1197.29,146.54000000000008,144.55999999999995,1,4,1.0
155,10,707.03,1410.23,164.92000000000007,178.3599999999999,1,5,1.0
155,12,997.76,1064.51,82.24000000000001,128.6300000000001,1,5,0.0
156,2,163.54,1037.77,236.98999999999998,240.93000000000006,1,5,1.0
156,3,196.45,927.69,130.37,149.0999999999999,1,5,0.0
156,4,346.04,851.99,196.23999999999995,201.17000000000007,1,5,1.0
156,5,396.74,1026.5,223.80999999999995,202.8599999999999,1,5,0.0
156,6,228.03,0.0,122.10999999999999,103.97,1,4,0.0
156,7,605.78,1423.4,113.11000000000001,125.91999999999985,1,4,1.0
156,9,630.11,699.71,127.67999999999995,125.5,1,5,0.0
156,8,460.82,1185.64,146.53000000000003,144.54999999999995,1,4,1.0
156,10,700.1,1404.16,164.91999999999996,178.3699999999999,1,5,1.0
156,13,963.26,1002.39,116.74000000000001,106.90999999999997,1,4,0.0
156,12,993.89,1062.81,86.11000000000001,126.21000000000004,1,5,0.0
157,2,148.81,1027.37,239.58999999999997,246.1300000000001,1,5,1.0
157,3,183.44,921.62,130.37,149.11,1,5,0.0
157,4,332.44,845.84,208.46999999999997,198.81000000000006,1,5,1.0
157,5,384.6,1016.96,223.81999999999994,202.8599999999999,1,5,0.0
157,6,212.5,0.0,122.10000000000002,91.02,1,4,0.0
157,7,597.54,1420.4,113.11000000000001,125.91999999999985,1,4,1.0
157,9,625.58,695.18,127.67999999999995,125.5,1,5,0.0
157,8,443.99,1173.99,146.52999999999997,144.54999999999995,1,4,1.0
157,10,693.16,1398.09,164.93000000000006,178.37000000000012,1,5,1.0
157,13,940.98,979.15,139.01999999999998,129.64999999999998,1,4,0.0
157,12,990.03,1061.12,89.97000000000003,123.7800000000002,1,5,0.0
158,2,141.01,1021.3,239.59000000000003,246.1300000000001,1,5,1.0
158,3,173.04,915.55,130.37000000000003,149.11000000000013,1,5,0.0
158,4,319.12,841.72,212.55999999999995,196.46000000000004,1,5,1.0
158,5,370.73,1012.63,223.81999999999994,202.86,1,5,0.0
158,6,196.96,0.0,122.1,76.13,1,4,0.0
158,7,589.3,1417.4,113.11000000000001,125.92999999999984,1,4,1.0
158,9,621.04,690.65,127.69000000000005,125.5,1,5,0.0
158,8,429.09,1158.45,151.71999999999997,150.3699999999999,1,4,1.0
158,10,689.7,1396.36,164.91999999999996,178.37000000000012,1,5,1.0
158,13,932.28,972.63,147.72000000000003,123.60000000000002,1,4,0.0
158,12,980.35,1053.87,99.64999999999998,120.88000000000011,1,5,0.0
159,2,133.21,1015.23,239.59,246.13999999999987,1,5,1.0
159,3,162.64,909.49,130.37,149.0999999999999,1,5,0.0
159,4,305.8,837.59,216.66000000000003,194.11,1,5,1.0
159,5,356.86,1008.29,223.81999999999994,202.87000000000012,1,5,0.0
159,6,181.42,0.0,122.1,61.24,1,4,0.0
159,7,583.3,1414.41,113.12,125.91999999999985,1,4,1.0
159,9,617.16,682.88,127.68000000000006,125.5,1,5,0.0
159,8,414.2,1142.91,156.90000000000003,156.18999999999983,1,4,1.0
159,10,686.23,1394.62,164.91999999999996,178.37000000000012,1,5,1.0
159,13,923.59,966.11,156.40999999999997,117.54000000000008,1,4,0.0
159,12,970.68,1046.61,109.32000000000005,117.99000000000001,1,5,1.0
160,2,124.54,1007.43,239.58999999999997,246.13,1,5,1.0
160,3,153.97,899.95,130.36999999999998,149.1099999999999,1,5,0.0
160,4,293.12,814.97,223.95000000000005,215.06999999999994,1,5,1.0
160,5,349.06,999.63,228.13000000000005,208.08000000000004,1,5,0.0
160,6,174.94,0.0,122.11000000000001,45.7,1,4,0.0
160,7,578.06,1408.41,113.11000000000001,125.92999999999984,1,4,1.0
160,9,613.27,675.11,127.69000000000005,125.5,1,5,0.0
160,8,407.08,1135.14,156.90000000000003,156.18999999999983,1,4,1.0
160,10,679.29,1391.16,164.93000000000006,178.3699999999999,1,5,1.0
160,13,915.73,962.93,164.26999999999998,111.49000000000012,1,4,0.0
160,12,967.29,1041.77,109.31999999999994,117.99000000000001,1,5,1.0
160,14,1023.71,1350.76,56.289999999999964,123.50999999999999,1,4,0.0
161,2,115.87,999.63,239.58999999999997,246.13,1,5,1.0
161,3,145.31,890.42,130.37,149.10000000000002,1,5,0.0
161,4,280.44,792.35,231.25,236.0300000000001,1,5,1.0
161,5,341.26,990.96,232.44000000000005,213.30999999999995,1,5,0.0
161,6,168.47,0.0,122.1,30.16,1,4,0.0
161,7,572.82,1402.42,113.1099999999999,125.91999999999985,1,4,1.0
161,9,582.2,659.57,151.0,137.13,1,5,0.0
161,8,399.96,1127.37,156.90000000000003,156.19000000000005,1,4,1.0
161,10,672.36,1387.69,164.91999999999996,178.3699999999999,1,5,1.0
161,13,906.19,953.07,173.80999999999995,105.42999999999995,1,4,0.0
161,12,963.91,1036.94,109.32000000000005,117.99000000000001,1,5,1.0
161,14,1019.93,1348.52,60.07000000000005,127.00999999999999,1,4,0.0
162,2,105.47,991.83,239.59,246.13,1,5,1.0
162,3,138.37,884.35,130.37,149.11,1,5,0.0
162,4,283.57,791.14,225.37,231.89,1,5,1.0
162,5,333.46,987.49,232.44,213.30999999999995,1,5,0.0
162,6,168.47,0.0,122.1,30.16,1,4,0.0
162,7,563.08,1395.68,113.11000000000001,125.91999999999985,1,4,1.0
162,9,578.31,654.39,151.0100000000001,137.13,1,5,0.0
162,8,390.25,1122.19,156.89,156.19000000000005,1,4,1.0
162,10,665.43,1384.22,164.92000000000007,178.3699999999999,1,5,1.0
162,13,922.64,954.03,157.36,113.18000000000006,1,4,0.0
162,12,957.14,1026.3,119.46999999999991,121.36000000000013,1,5,1.0
162,14,1016.15,1346.28,63.85000000000002,130.5,1,4,0.0
163,2,95.07,984.03,239.59000000000003,246.1300000000001,1,5,1.0
163,3,131.44,878.28,130.37,149.11000000000013,1,5,0.0
163,4,265.99,776.99,219.49,227.74,1,5,1.0
163,5,325.66,984.02,232.44,213.30999999999995,1,5,0.0
163,7,553.34,1388.93,113.11000000000001,125.92999999999984,1,4,1.0
163,9,574.43,649.21,151.0,137.13,1,5,0.0
163,8,380.54,1117.01,156.88999999999993,156.19000000000005,1,4,1.0
163,10,664.27,1381.91,164.92000000000007,178.3699999999999,1,5,1.0
163,13,915.37,950.17,164.63,113.16999999999996,1,4,1.0
163,12,950.37,1015.66,129.63,124.74000000000012,1,5,1.0
163,14,1012.38,1344.04,67.62,133.99,1,4,0.0
164,2,84.67,975.36,239.58999999999997,246.13,1,5,1.0
164,3,119.3,873.08,130.37,149.11,1,5,0.0
164,4,257.58,774.43,213.61,223.60000000000002,1,5,1.0
164,5,316.12,976.22,232.43999999999994,213.30999999999995,1,5,0.0
164,7,554.84,1390.43,113.11000000000001,125.92999999999984,1,4,1.0
164,9,571.84,644.03,151.0,137.13,1,5,0.0
164,8,362.41,1104.06,156.88999999999993,156.19000000000005,1,4,1.0
164,10,663.11,1379.6,164.92999999999995,178.37000000000012,1,5,1.0
164,13,913.9,949.2,166.10000000000002,118.00999999999999,1,4,0.0
164,12,940.69,1009.37,139.30999999999995,127.63,1,5,1.0
164,14,1008.6,1341.8,71.39999999999998,137.49,1,4,0.0
165,2,74.27,966.69,239.59000000000003,246.13999999999987,1,5,1.0
165,3,107.17,867.88,130.37,149.11,1,5,0.0
165,4,249.18,771.88,207.71999999999997,219.45000000000005,1,5,1.0
165,5,306.59,968.42,232.44,213.31000000000006,1,5,0.0
165,7,545.85,1390.43,113.11000000000001,125.92999999999984,1,4,1.0
165,9,569.25,638.85,151.0,137.13,1,5,1.0
165,8,344.28,1091.11,156.89000000000004,156.19000000000005,1,4,1.0
165,10,661.96,1377.29,164.91999999999996,178.37000000000012,1,5,0.0
165,13,890.69,920.9,189.30999999999995,121.15999999999997,1,4,0.0
165,12,931.02,1003.08,148.98000000000002,130.51999999999987,1,5,1.0
165,14,1004.82,1339.57,75.17999999999995,140.97000000000003,1,4,0.0
166,2,58.67,963.22,241.31,246.99,1,5,1.0
166,3,100.23,863.55,132.99,149.10000000000002,1,5,0.0
166,4,256.54,774.62,201.83999999999997,215.30999999999995,1,5,1.0
166,5,296.19,961.49,232.44,213.30999999999995,1,5,0.0
166,7,539.85,1385.94,113.12,125.91999999999985,1,4,1.0
166,9,556.3,633.67,151.0,137.13,1,5,1.0
166,8,330.03,1085.28,156.90000000000003,156.20000000000005,1,4,1.0
166,10,653.29,1374.69,164.92000000000007,178.3699999999999,1,5,0.0
166,13,881.01,921.5,198.99,117.17000000000007,1,4,0.0
166,12,923.28,1001.15,148.98000000000002,130.5200000000001,1,5,1.0
166,14,1001.04,1337.33,78.96000000000004,144.46000000000004,1,4,0.0
167,2,43.06,959.76,243.04000000000002,247.83999999999992,1,5,1.0
167,3,93.3,859.21,135.60000000000002,149.11,1,5,0.0
167,4,222.1,762.69,223.20000000000002,221.51,1,5,1.0
167,5,285.79,954.55,232.44,213.30999999999995,1,5,0.0
167,7,533.86,1381.44,113.11000000000001,125.92999999999984,1,4,1.0
167,9,543.35,628.49,151.0,137.13,1,5,1.0
167,8,315.79,1079.46,156.89999999999998,156.19000000000005,1,4,1.0
167,10,644.62,1372.09,164.92999999999995,178.37000000000012,1,5,0.0
167,13,871.34,916.1,196.56000000000006,119.17999999999995,1,4,0.0
167,12,915.54,999.21,148.98000000000002,130.51999999999998,1,5,1.0
167,11,724.7,519.32,98.74000000000001,130.0999999999999,1,5,0.0
167,14,997.27,1335.09,82.73000000000002,147.96000000000004,1,4,0.0
168,2,31.8,955.42,243.02999999999997,247.85000000000002,1,5,1.0
168,3,82.9,854.88,135.6,149.10000000000002,1,5,0.0
168,4,218.35,760.98,215.95000000000002,216.86,1,5,1.0
168,5,269.32,948.49,232.44,213.29999999999995,1,5,0.0
168,7,526.37,1379.2,113.11000000000001,125.91999999999985,1,4,1.0
168,9,535.58,622.02,151.0,137.13,1,5,1.0
168,8,300.9,1070.39,165.96000000000004,163.94999999999982,1,4,1.0
168,10,629.89,1367.76,164.91999999999996,178.3599999999999,1,5,0.0
168,13,865.05,907.3,209.85000000000014,122.18000000000006,1,4,0.0
168,12,911.67,993.41,148.98000000000013,130.5200000000001,1,5,1.0
168,11,719.5,519.32,98.74000000000001,130.0999999999999,1,5,0.0
168,14,993.49,1332.85,86.50999999999999,151.45000000000005,1,4,0.0
168,15,679.09,647.4,110.30999999999995,122.35000000000002,1,5,0.0
169,2,20.53,951.09,243.03,247.84000000000003,1,5,1.0
169,3,72.5,850.54,135.6,149.11,1,5,0.0
169,4,203.89,747.08,208.71000000000004,212.18999999999994,1,5,1.0
169,5,252.85,942.42,232.44000000000003,213.31000000000006,1,5,0.0
169,7,518.88,1376.95,113.11000000000001,125.91999999999985,1,4,1.0
169,9,527.81,615.54,151.0,137.13,1,5,1.0
169,8,286.01,1061.33,175.03000000000003,171.69000000000005,1,4,1.0
169,10,615.15,1363.42,164.93000000000006,178.3699999999999,1,5,0.0
169,13,858.77,910.5,199.1300000000001,113.17999999999995,1,4,1.0
169,12,907.81,987.61,148.98000000000002,130.50999999999988,1,5,1.0
169,11,708.52,510.66,98.74000000000001,130.09999999999997,1,5,0.0
169,14,992.93,1332.85,86.5100000000001,151.45000000000005,1,4,0.0
169,15,671.06,647.4,110.32000000000005,122.35000000000002,1,5,0.0
170,2,10.26,947.62,241.17000000000002,253.05000000000007,1,5,1.0
170,3,57.76,843.61,135.60000000000002,149.11,1,5,0.0
170,4,187.36,730.8,239.03999999999996,237.30000000000007,1,5,1.0
170,5,240.72,934.62,232.42999999999998,213.31000000000006,1,5,0.0
170,7,514.38,1379.94,113.12,125.92999999999984,1,4,1.0
170,9,520.69,609.07,151.0,137.13,1,5,1.0
170,8,267.88,1056.15,175.03000000000003,171.68999999999983,1,4,1.0
170,10,609.95,1363.42,164.92999999999995,178.3699999999999,1,5,0.0
170,13,855.86,908.6,200.64,113.13999999999999,1,4,1.0
170,12,900.07,981.32,148.9799999999999,130.51999999999987,1,5,1.0
170,11,697.54,501.99,98.74000000000001,130.10000000000002,1,5,0.0
170,14,992.37,1332.85,86.5100000000001,151.45000000000005,1,4,1.0
170,15,669.06,647.4,110.31000000000006,122.35000000000002,1,5,0.0
171,2,0.0,944.16,239.3,258.2400000000001,1,5,1.0
171,3,43.03,836.68,135.6,149.10000000000002,1,5,0.0
171,4,178.28,720.24,229.59,230.88,1,5,1.0
171,5,228.58,926.82,232.43999999999997,213.29999999999984,1,5,0.0
171,7,500.9,1369.46,113.11000000000001,125.92000000000007,1,4,1.0
171,9,513.56,602.6,151.0100000000001,137.12,1,5,0.0
171,8,249.75,1050.97,175.02999999999997,171.69000000000005,1,4,1.0
171,10,604.75,1361.69,164.92999999999995,178.3599999999999,1,5,0.0
171,13,852.96,890.2,187.94000000000005,129.6099999999999,1,4,1.0
171,12,892.33,975.03,148.9799999999999,130.51999999999998,1,5,1.0
171,11,686.56,493.32,98.74000000000001,130.09999999999997,1,5,0.0
171,14,988.64,1326.14,90.61000000000001,151.43999999999983,1,4,1.0
171,15,667.05,647.4,110.32000000000005,122.35000000000002,1,5,0.0
172,2,0.0,934.62,228.9,258.2499999999999,1,5,1.0
172,3,34.36,833.21,135.60000000000002,149.11,1,5,0.0
172,4,179.24,720.44,220.14,224.4699999999999,1,5,1.0
172,5,215.58,921.62,232.43999999999997,213.30000000000007,1,5,0.0
172,7,496.4,1367.96,113.12,125.92000000000007,1,4,1.0
172,9,504.5,598.06,151.0,137.1300000000001,1,5,0.0
172,8,238.09,1042.55,175.03,171.69000000000005,1,4,1.0
172,10,600.42,1358.22,164.92000000000007,178.3699999999999,1,5,0.0
172,13,850.06,883.7,196.1400000000001,134.16999999999996,1,4,1.0
172,12,885.07,969.23,148.9799999999999,130.51,1,5,1.0
172,11,678.33,490.29,101.75999999999999,130.09999999999997,1,5,0.0
172,14,984.91,1319.42,94.72000000000014,151.44999999999982,1,4,1.0
172,15,664.04,642.38,110.32000000000005,122.35000000000002,1,5,0.0
173,2,0.0,925.09,218.5,258.2399999999999,1,5,0.0
173,3,25.69,829.74,135.6,149.11,1,5,0.0
173,4,146.02,695.95,253.35999999999999,256.91999999999996,1,5,1.0
173,5,202.58,916.42,232.43999999999997,213.30000000000007,1,5,0.0
173,7,491.91,1366.46,113.10999999999996,125.92000000000007,1,4,1.0
173,9,495.44,593.53,151.00000000000006,137.13,1,5,0.0
173,8,226.44,1034.14,175.03000000000003,171.68999999999983,1,4,1.0
173,10,596.08,1354.75,164.92999999999995,178.3699999999999,1,5,0.0
173,13,834.58,869.5,190.12,125.15999999999997,1,4,1.0
173,12,877.82,963.42,148.9799999999999,130.5200000000001,1,5,1.0
173,11,670.09,487.25,104.78999999999996,130.10000000000002,1,5,0.0
173,14,981.18,1312.71,98.82000000000005,151.44000000000005,1,4,1.0
173,15,661.04,637.37,110.31000000000006,122.35000000000002,1,5,0.0
174,2,0.0,915.55,204.65,260.8700000000001,1,5,0.0
174,3,17.02,825.41,136.48,149.96000000000004,1,5,0.0
174,4,146.28,694.03,240.85999999999999,247.73000000000002,1,5,1.0
174,5,194.78,908.62,232.44000000000003,213.30000000000007,1,5,0.0
174,7,485.17,1362.71,113.10999999999996,125.93000000000006,1,4,1.0
174,9,488.31,589.65,151.01000000000005,137.12,1,5,0.0
174,8,216.73,1025.72,175.03,171.69000000000005,1,4,1.0
174,10,594.35,1353.02,164.91999999999996,178.37000000000012,1,5,0.0
174,13,826.84,871.5,190.05999999999995,126.52999999999997,1,4,1.0
174,12,868.63,960.52,148.98000000000002,130.51999999999998,1,5,1.0
174,11,661.86,484.22,107.81999999999994,130.10000000000002,1,5,0.0
174,14,974.46,1311.36,105.53999999999996,151.45000000000005,1,4,1.0
174,15,652.01,630.35,110.32000000000005,122.35000000000002,1,5,0.0
175,2,0.0,906.02,190.8,263.48,1,5,0.0
175,3,8.36,821.08,137.33999999999997,150.81999999999994,1,5,0.0
175,4,118.84,682.34,228.35999999999999,238.54999999999995,1,5,1.0
175,5,186.98,900.81,232.43000000000004,213.30999999999995,1,5,0.0
175,7,478.42,1358.97,113.11999999999995,125.92000000000007,1,4,1.0
175,9,481.19,585.76,151.01000000000005,137.13,1,5,0.0
175,8,207.02,1017.3,175.03,171.69000000000005,1,4,1.0
175,10,592.62,1351.28,164.91999999999996,178.37000000000012,1,5,0.0
175,13,819.11,855.6,185.39,145.79999999999995,1,4,1.0
175,12,859.44,957.62,148.9799999999999,130.5200000000001,1,5,1.0
175,11,653.62,481.19,110.85000000000002,130.09999999999997,1,5,0.0
175,14,967.75,1310.02,112.25,151.45000000000005,1,4,1.0
175,15,642.98,623.33,110.31999999999994,122.34999999999991,1,5,0.0
176,2,0.0,896.48,175.2,263.49,1,5,0.0
176,3,4.18,809.81,130.25,150.82000000000005,1,5,0.0
176,4,117.31,680.16,244.36,251.41000000000008,1,5,1.0
176,5,174.84,892.15,251.52,218.5100000000001,1,5,0.0
176,7,468.69,1355.22,113.10999999999996,125.93000000000006,1,4,1.0
176,9,473.42,579.93,151.00999999999993,137.13,1,5,0.0
176,8,186.3,997.88,175.02999999999997,171.68999999999994,1,4,1.0
176,10,583.95,1345.22,164.91999999999996,178.3699999999999,1,5,0.0
176,13,805.56,858.0,200.84000000000003,141.45000000000005,1,4,1.0
176,12,854.12,952.3,148.98000000000002,130.51999999999998,1,5,1.0
176,16,646.39,983.05,182.01999999999998,166.42000000000007,1,4,0.0
176,11,647.12,475.12,110.85000000000002,130.10000000000002,1,5,0.0
176,14,961.03,1308.68,118.97000000000003,151.45000000000005,1,4,1.0
176,15,629.95,613.3,110.30999999999995,122.35000000000002,1,5,0.0
177,2,0.0,886.95,159.6,263.48,1,5,0.0
177,3,0.0,798.54,123.16,150.82000000000005,1,5,0.0
177,4,95.41,661.25,229.27,240.22000000000003,1,5,1.0
177,5,162.71,883.48,270.59000000000003,223.72000000000003,1,5,0.0
177,7,458.95,1351.48,113.10999999999996,125.92000000000007,1,4,1.0
177,9,465.65,574.11,151.01,137.13,1,5,0.0
177,8,165.58,978.46,175.03,171.69000000000005,1,4,1.0
177,10,575.28,1339.15,164.93000000000006,178.3699999999999,1,5,0.0
177,13,792.02,848.4,198.18000000000006,149.10000000000002,1,4,1.0
177,12,848.8,946.98,148.98000000000002,130.51999999999998,1,5,1.0
177,16,638.59,976.98,182.01999999999998,166.42000000000007,1,4,0.0
177,11,640.62,469.05,110.85000000000002,130.09999999999997,1,5,0.0
177,14,954.32,1307.33,125.67999999999995,151.45000000000005,1,4,1.0
177,15,616.91,603.27,110.31000000000006,122.35000000000002,1,5,0.0
178,2,0.0,882.63,144.0,260.0000000000001,1,5,0.0
178,3,0.0,787.27,111.03,150.83000000000004,1,5,0.0
178,4,90.21,662.81,237.44,229.0300000000001,1,5,1.0
178,5,153.17,876.54,270.6,223.73000000000002,1,5,0.0
178,7,451.46,1348.48,113.11000000000007,125.92000000000007,1,4,1.0
178,9,455.29,567.63,151.00999999999993,137.13,1,5,0.0
178,8,151.98,967.45,175.03,171.69000000000005,1,4,1.0
178,10,566.61,1334.82,164.92999999999995,178.36000000000013,1,5,0.0
178,13,782.35,843.1,200.44999999999993,147.63,1,4,1.0
178,12,838.64,938.28,148.98000000000002,130.51,1,5,1.0
178,16,630.79,970.91,182.01999999999998,166.41999999999996,1,4,0.0
178,11,634.12,462.98,110.84000000000003,130.10000000000002,1,5,0.0
178,14,947.6,1305.99,132.39999999999998,151.45000000000005,1,4,1.0
178,15,603.87,591.23,110.32000000000005,122.35000000000002,1,5,0.0
179,2,0.0,878.3,128.4,256.53,1,5,0.0
179,3,0.0,776.0,98.89,150.83000000000004,1,5,0.0
179,4,58.11,630.99,263.86,269.6,1,5,1.0
179,5,143.64,869.61,270.59000000000003,223.7199999999999,1,5,0.0
179,7,443.96,1345.48,113.12000000000006,125.93000000000006,1,4,1.0
179,9,444.93,561.16,151.01000000000005,137.13,1,5,0.0
179,8,138.38,956.44,175.03000000000003,171.69000000000005,1,4,1.0
179,10,557.95,1330.48,164.91999999999996,178.3699999999999,1,5,0.0
179,13,772.68,839.3,202.22000000000003,144.66000000000008,1,4,1.0
179,12,828.49,929.57,148.98000000000002,130.51999999999987,1,5,1.0
179,16,613.46,959.64,182.01999999999998,166.41999999999996,1,4,0.0
179,14,937.16,1301.51,132.39,151.45000000000005,1,4,1.0
179,15,590.83,579.2,110.31999999999994,122.34999999999991,1,5,0.0
180,2,0.0,871.37,118.0,256.5300000000001,1,5,0.0
180,3,1.73,776.87,82.42999999999999,150.82000000000005,1,5,0.0
180,4,51.75,621.82,262.65,272.67999999999995,1,5,1.0
180,5,130.64,857.48,270.59000000000003,223.72000000000003,1,5,0.0
180,7,430.48,1340.24,117.60000000000002,125.92000000000007,1,4,1.0
180,9,441.47,554.22,151.0,137.13,1,5,0.0
180,8,116.66,942.96,175.03,171.69000000000005,1,4,1.0
180,10,552.75,1328.75,164.91999999999996,178.3699999999999,1,5,0.0
180,13,763.0,827.3,200.20000000000005,149.8900000000001,1,4,1.0
180,12,817.85,921.83,148.98000000000002,130.51999999999987,1,5,1.0
180,16,596.12,948.38,182.01999999999998,166.40999999999997,1,4,0.0
180,14,926.71,1297.04,132.39999999999986,151.45000000000005,1,4,1.0
180,15,587.97,575.76,110.31999999999994,122.35000000000002,1,5,0.0
181,2,0.0,864.43,107.6,256.5300000000001,1,5,0.0
181,3,3.47,777.74,65.95,150.81999999999994,1,5,0.0
181,4,19.12,600.08,275.15999999999997,277.9799999999999,1,5,1.0
181,5,117.63,845.34,270.6,223.7199999999999,1,5,0.0
181,7,417.0,1334.99,122.09000000000003,125.93000000000006,1,4,1.0
181,9,438.0,547.29,151.0,137.13,1,5,0.0
181,8,94.93,929.47,175.02999999999997,171.69000000000005,1,4,1.0
181,10,542.35,1321.24,164.91999999999996,178.3599999999999,1,5,0.0
181,13,753.33,816.8,189.16999999999996,153.62,1,4,1.0
181,12,807.21,914.09,148.98000000000002,130.51999999999987,1,5,1.0
181,16,590.92,941.44,182.0200000000001,166.41999999999985,1,4,0.0
181,14,916.27,1292.56,132.3900000000001,151.45000000000005,1,4,1.0
181,15,585.1,572.32,110.31999999999994,122.34999999999991,1,5,0.0
182,2,0.0,854.03,90.26,256.53,1,5,0.0
182,3,1.73,763.87,48.63,150.82000000000005,1,5,0.0
182,4,31.38,612.01,242.35000000000002,253.02999999999997,1,5,1.0
182,5,102.03,833.21,270.6,223.72000000000003,1,5,0.0
182,7,408.76,1330.5,122.09000000000003,125.92000000000007,1,4,1.0
182,9,431.06,540.36,151.01000000000005,137.12,1,5,0.0
182,8,72.46,913.74,175.03000000000003,171.69000000000005,1,4,1.0
182,10,531.94,1313.72,164.92999999999995,178.3699999999999,1,5,0.0
182,13,747.74,814.2,198.15999999999997,148.38,1,4,1.0
182,12,800.44,907.32,148.9799999999999,130.51999999999987,1,5,1.0
182,16,585.72,934.51,182.01999999999998,166.42000000000007,1,4,0.0
182,14,911.79,1289.48,132.4000000000001,151.45000000000005,1,4,1.0
182,17,993.45,932.6,86.54999999999995,98.81000000000006,1,4,0.0
182,15,582.24,568.88,110.30999999999995,122.35000000000002,1,5,0.0
183,2,0.0,843.63,72.93,256.5300000000001,1,5,0.0
183,4,0.0,578.35,248.5,244.94999999999993,1,5,1.0
183,5,86.43,821.07,270.59,223.7199999999999,1,5,0.0
183,7,400.52,1326.0,122.09000000000003,125.93000000000006,1,4,1.0
183,9,424.13,533.42,151.01,137.13,1,5,0.0
183,8,49.99,898.01,175.03,171.69000000000005,1,4,0.0
183,10,521.54,1306.21,164.93000000000006,178.3699999999999,1,5,0.0
183,13,742.14,802.7,189.15999999999997,152.04999999999995,1,4,1.0
183,12,793.67,900.55,148.98000000000002,130.51999999999998,1,5,1.0
183,16,577.05,931.04,182.0200000000001,166.42000000000007,1,4,0.0
183,14,907.31,1286.41,132.4000000000001,151.44999999999982,1,4,1.0
183,17,972.64,925.67,86.56000000000006,98.81000000000006,1,4,0.0
183,15,579.37,565.45,110.32000000000005,122.34999999999991,1,5,0.0
184,2,0.0,834.96,53.01,257.4200000000001,1,5,0.0
184,4,0.0,568.0,234.3,249.45000000000005,1,5,1.0
184,5,76.03,808.94,270.59000000000003,223.72000000000003,1,5,0.0
184,7,392.27,1318.51,122.10000000000002,125.93000000000006,1,4,1.0
184,9,405.93,521.29,150.99999999999994,137.12,1,5,0.0
184,8,24.99,879.28,173.81,171.69000000000005,1,4,0.0
184,10,513.31,1300.58,164.92000000000007,178.37000000000012,1,5,0.0
184,13,735.43,789.6,190.67000000000007,155.06999999999994,1,4,1.0
184,12,785.27,891.04,148.98000000000002,130.51,1,5,1.0
184,16,568.38,927.57,182.02999999999997,166.41999999999996,1,4,0.0
184,14,902.84,1283.33,132.39,151.45000000000005,1,4,1.0
184,17,970.91,922.2,86.55000000000007,98.80999999999995,1,4,0.0
184,15,576.51,562.01,110.31000000000006,122.35000000000002,1,5,0.0
185,2,0.0,826.29,33.1,258.30999999999995,1,5,0.0
185,4,0.0,557.66,220.1,253.94000000000005,1,5,0.0
185,5,65.63,796.8,270.59000000000003,223.72000000000003,1,5,0.0
185,7,384.03,1311.02,122.10000000000002,125.93000000000006,1,4,1.0
185,9,387.73,509.15,151.0,137.13,1,5,0.0
185,8,0.0,860.55,172.58,171.69000000000005,1,4,0.0
185,10,505.07,1294.94,164.93,178.3699999999999,1,5,0.0
185,13,728.71,781.0,180.18999999999994,153.60000000000002,1,4,1.0
185,12,776.88,881.53,148.98000000000002,130.51,1,5,1.0
185,16,559.72,911.97,182.01999999999998,166.42000000000007,1,4,0.0
185,14,898.36,1280.25,132.39999999999998,151.45000000000005,1,4,1.0
185,17,969.18,918.73,86.55000000000007,98.80999999999995,1,4,0.0
185,15,573.64,558.57,110.32000000000005,122.34999999999991,1,5,0.0
186,4,0.0,533.87,238.0,275.03,1,5,0.0
186,5,53.49,783.8,270.59999999999997,223.72000000000003,1,5,0.0
186,7,375.04,1306.53,122.09999999999997,125.92000000000007,1,4,1.0
186,9,404.2,507.42,151.00000000000006,137.12999999999994,1,5,1.0
186,8,0.0,856.06,160.59,171.69000000000005,1,4,0.0
186,10,496.84,1289.31,164.92000000000002,178.37000000000012,1,5,0.0
186,13,715.84,780.3,189.15999999999997,140.87,1,4,1.0
186,12,764.57,867.54,148.9799999999999,130.51,1,5,1.0
186,16,551.05,896.37,182.0200000000001,166.41999999999996,1,4,0.0
186,14,888.29,1271.86,132.39,151.45000000000005,1,4,1.0
186,17,967.44,915.26,86.55999999999995,98.82000000000005,1,4,0.0
186,15,570.78,555.13,110.31000000000006,122.35000000000002,1,5,0.0
187,4,0.0,497.95,189.61,291.45,1,5,0.0
187,5,41.36,770.8,270.59,223.72000000000003,1,5,0.0
187,7,366.05,1302.03,122.09999999999997,125.93000000000006,1,4,1.0
187,9,368.66,484.88,150.99999999999994,137.13,1,5,1.0
187,8,0.0,851.56,148.6,171.69000000000005,1,4,0.0
187,10,488.61,1283.68,164.91999999999996,178.3599999999999,1,5,0.0
187,13,702.97,749.7,183.23000000000002,158.03999999999996,1,4,1.0
187,12,752.26,853.55,148.98000000000002,130.51,1,5,0.0
187,16,531.98,879.03,182.01999999999998,166.42000000000007,1,4,0.0
187,18,552.78,906.77,112.68000000000006,117.88000000000011,1,4,0.0
187,11,560.01,391.04,138.54999999999995,150.88999999999993,1,5,0.0
187,14,878.21,1263.46,132.39999999999998,151.45000000000005,1,4,1.0
187,17,965.71,911.8,86.54999999999995,98.81000000000006,1,4,0.0
187,15,566.26,546.1,110.32000000000005,122.36000000000001,1,5,0.0
188,4,0.0,480.47,176.66,291.44999999999993,1,5,0.0
188,5,32.69,754.33,270.59,223.7199999999999,1,5,0.0
188,7,356.32,1296.04,122.09000000000003,125.92000000000007,1,4,1.0
188,9,379.06,484.02,150.99999999999994,137.12,1,5,1.0
188,8,0.0,836.58,129.88,171.68999999999994,1,4,0.0
188,10,472.14,1272.41,164.91999999999996,178.3699999999999,1,5,0.0
188,13,694.02,746.9,190.68000000000006,149.09000000000003,1,4,1.0
188,12,746.1,842.35,148.98000000000002,130.51999999999998,1,5,0.0
188,16,525.05,870.37,182.0200000000001,166.41999999999996,1,4,0.0
188,18,549.32,898.1,112.67999999999995,117.88,1,4,0.0
188,14,874.3,1258.99,132.3900000000001,151.45000000000005,1,4,1.0
188,17,961.38,906.6,86.55000000000007,98.80999999999995,1,4,0.0
188,15,561.75,537.08,110.32000000000005,122.34999999999991,1,5,0.0
189,4,0.0,462.99,163.71,291.45000000000005,1,5,0.0
189,5,24.02,737.86,270.6,223.72000000000003,1,5,0.0
189,7,346.58,1290.05,122.09000000000003,125.92000000000007,1,4,1.0
189,9,354.79,458.88,151.0,137.13,1,5,1.0
189,8,0.0,821.6,111.15,171.68999999999994,1,4,0.0
189,10,455.67,1261.14,164.92000000000002,178.3699999999999,1,5,0.0
189,13,685.06,723.2,180.24,161.03999999999996,1,4,1.0
189,12,739.95,831.16,148.9799999999999,130.51999999999998,1,5,1.0
189,16,518.11,861.7,182.01999999999998,166.41999999999985,1,4,0.0
189,18,545.85,889.44,112.67999999999995,117.88,1,4,1.0
189,14,870.38,1254.51,132.39999999999998,151.45000000000005,1,4,1.0
189,17,957.04,901.4,86.54999999999995,98.81000000000006,1,4,0.0
189,15,557.24,528.05,110.30999999999995,122.35000000000002,1,5,0.0
190,4,0.0,446.8,146.88,291.45,1,5,0.0
190,5,15.36,723.99,270.59,223.72000000000003,1,5,0.0
190,7,337.59,1280.31,122.09000000000003,125.92000000000007,1,4,1.0
190,9,356.52,458.88,151.01,137.13,1,5,1.0
190,8,0.75,812.61,86.42,164.17999999999995,1,4,0.0
190,10,453.36,1255.94,164.91999999999996,178.3699999999999,1,5,0.0
190,13,672.19,718.9,202.70999999999992,153.59000000000003,1,4,1.0
190,12,730.99,825.57,148.98000000000002,130.51,1,5,1.0
190,16,511.18,853.03,182.02000000000004,166.42000000000007,1,4,0.0
190,18,535.45,876.43,112.67999999999995,117.88,1,4,1.0
190,11,542.68,373.71,138.55000000000007,150.89000000000004,1,5,0.0
190,14,866.46,1250.03,132.39999999999998,151.45000000000005,1,4,1.0
190,17,950.11,893.6,86.55000000000007,98.80999999999995,1,4,0.0
190,15,552.72,519.03,110.31999999999994,122.35000000000002,1,5,0.0
191,4,0.0,430.61,130.04,291.44999999999993,1,5,0.0
191,5,6.69,710.12,270.59,223.73000000000002,1,5,0.0
191,7,328.6,1270.57,122.08999999999997,125.92000000000007,1,4,1.0
191,9,344.39,450.21,151.0,137.13000000000005,1,5,1.0
191,8,1.5,803.62,61.7,156.66999999999996,1,4,0.0
191,10,451.05,1250.74,164.92000000000002,178.3699999999999,1,5,0.0
191,13,659.32,711.6,190.67999999999995,149.14,1,4,1.0
191,12,722.04,819.97,148.98000000000002,130.51999999999998,1,5,1.0
191,16,504.24,844.36,182.01999999999998,166.41999999999996,1,4,0.0
191,18,525.05,863.43,112.68000000000006,117.88,1,4,1.0
191,11,521.88,345.97,138.54999999999995,150.89,1,5,0.0
191,14,862.55,1245.56,132.3900000000001,151.45000000000005,1,4,1.0
191,17,943.17,885.79,86.56000000000006,98.82000000000005,1,4,0.0
191,15,532.67,477.91,110.31000000000006,122.34999999999997,1,5,0.0
192,4,0.0,409.89,117.09,291.46000000000004,1,5,0.0
192,5,3.34,694.52,262.67,223.72000000000003,1,5,0.0
192,7,326.35,1268.32,122.09999999999997,125.93000000000006,1,4,1.0
192,9,332.25,441.54,151.01,137.12999999999994,1,5,1.0
192,8,0.75,793.13,53.46,156.66999999999996,1,4,0.0
192,10,448.74,1245.54,164.91999999999996,178.37000000000012,1,5,0.0
192,13,670.03,704.0,167.47000000000003,152.10000000000002,1,4,1.0
192,12,715.88,807.1,148.98000000000002,130.51999999999998,1,5,1.0
192,16,501.64,837.41,176.81000000000006,152.57000000000005,1,4,0.0
192,18,506.84,852.17,112.68,117.88,1,4,1.0
192,11,492.41,314.77,138.55,150.89000000000004,1,5,0.0
192,14,857.51,1241.08,132.39999999999998,151.45000000000005,1,4,1.0
192,19,980.75,1244.62,99.25,157.81000000000017,1,4,0.0
192,17,937.11,877.99,86.54999999999995,98.81999999999994,1,4,0.0
192,15,512.61,436.79,110.31999999999994,122.34999999999997,1,5,0.0
193,4,0.0,389.17,104.15,291.46,1,5,0.0
193,5,0.0,678.92,254.74,223.72000000000003,1,5,0.0
193,7,324.1,1266.07,122.09999999999997,125.93000000000006,1,4,0.0
193,9,316.65,415.54,151.01000000000005,137.12999999999994,1,5,1.0
193,8,0.0,782.64,45.22,156.68000000000006,1,4,0.0
193,10,441.8,1235.14,164.92000000000002,178.3699999999999,1,5,0.0
193,13,644.77,673.9,186.23000000000002,165.57000000000005,1,4,1.0
193,12,709.73,794.23,148.98000000000002,130.51,1,5,1.0
193,16,499.04,830.46,171.58999999999997,138.7199999999999,1,4,0.0
193,18,488.64,840.9,112.68000000000006,117.88,1,4,1.0
193,11,487.2,315.64,138.56,150.88,1,5,0.0
193,14,852.47,1236.6,132.39999999999998,151.45000000000005,1,4,1.0
193,19,976.89,1241.52,99.24000000000012,157.80999999999995,1,4,0.0
193,17,931.04,870.19,86.55000000000007,98.80999999999995,1,4,0.0
193,15,500.57,435.79,110.32,122.34999999999997,1,5,0.0
194,4,0.0,374.93,89.9,291.45,1,5,0.0
194,5,0.0,665.92,240.88,223.72000000000003,1,5,0.0
194,7,312.12,1256.34,122.08999999999997,125.92000000000007,1,4,0.0
194,9,305.38,408.61,151.01,137.13,1,5,1.0
194,8,0.0,769.16,36.98,156.67000000000007,1,4,0.0
194,10,434.87,1224.74,164.91999999999996,178.3599999999999,1,5,0.0
194,13,634.7,672.2,199.69999999999993,158.88,1,4,1.0
194,12,698.54,781.92,148.98000000000002,130.51,1,5,1.0
194,16,490.37,824.4,171.60000000000002,138.71000000000004,1,4,0.0
194,18,482.58,836.56,112.68,117.88000000000011,1,4,1.0
194,11,482.0,316.5,138.55999999999995,150.89,1,5,0.0
194,14,847.44,1232.13,132.39,151.44999999999982,1,4,1.0
194,19,973.02,1238.43,99.24000000000001,157.80999999999995,1,4,0.0
194,17,923.24,867.59,86.54999999999995,98.80999999999995,1,4,0.0
194,15,488.54,434.78,110.32,122.36000000000001,1,5,0.0
195,4,0.0,360.69,75.66,291.45,1,5,0.0
195,5,0.0,652.92,227.01,223.72000000000003,1,5,0.0
195,7,300.13,1246.6,122.10000000000002,125.92000000000007,1,4,0.0
195,9,294.12,401.67,151.0,137.12999999999994,1,5,0.0
195,10,434.87,1224.74,164.91999999999996,178.3599999999999,1,5,0.0
195,13,624.63,651.1,177.16999999999996,171.57999999999993,1,4,1.0
195,12,687.35,769.61,148.98000000000002,130.51,1,5,1.0
195,16,481.71,818.33,171.58999999999997,138.70999999999992,1,4,0.0
195,18,476.51,832.23,112.68000000000006,117.88,1,4,1.0
195,11,478.97,313.9,138.54999999999995,150.89000000000004,1,5,0.0
195,14,842.4,1227.65,132.39999999999998,151.44999999999982,1,4,1.0
195,19,969.15,1235.34,99.25000000000011,157.81000000000017,1,4,1.0
195,17,915.44,864.99,86.54999999999995,98.80999999999995,1,4,0.0
195,15,484.53,434.78,110.32000000000005,122.36000000000001,1,5,0.0
196,4,0.0,386.59,56.23,212.48000000000008,1,5,0.0
196,5,0.0,648.58,221.81,223.7199999999999,1,5,0.0
196,7,294.14,1240.6,122.09000000000003,125.93000000000006,1,4,0.0
196,9,283.71,393.01,151.01000000000005,137.12,1,5,0.0
196,10,434.87,1224.74,164.91999999999996,178.3599999999999,1,5,1.0
196,13,615.12,651.3,201.17999999999995,161.87,1,4,1.0
196,12,679.51,769.61,148.98000000000002,130.51,1,5,1.0
196,16,461.77,810.53,171.59000000000003,138.71000000000004,1,4,0.0
196,18,466.11,821.83,112.67999999999995,117.88,1,4,1.0
196,11,475.94,311.3,138.55,150.89,1,5,0.0
196,14,835.13,1217.58,132.39,151.45000000000005,1,4,1.0
196,19,962.19,1234.18,105.04999999999995,157.80999999999995,1,4,1.0
196,15,480.52,434.78,110.31000000000006,122.36000000000001,1,5,0.0
197,4,0.0,412.5,36.8,133.5,1,5,0.0
197,5,0.0,644.25,216.61,223.72000000000003,1,5,0.0
197,7,288.14,1234.61,122.10000000000002,125.93000000000006,1,4,0.0
197,9,273.31,384.34,151.01,137.13000000000005,1,5,0.0
197,10,418.4,1216.07,164.92000000000007,178.37000000000012,1,5,1.0
197,13,605.6,630.6,180.19999999999993,173.05999999999995,1,4,1.0
197,12,671.68,769.61,148.98000000000002,130.51,1,5,1.0
197,16,441.83,802.73,171.59999999999997,138.71000000000004,1,4,0.0
197,18,455.71,811.43,112.68,117.88,1,4,1.0
197,11,472.9,308.7,138.55000000000007,150.89,1,5,0.0
197,14,827.85,1207.5,132.39999999999998,151.45000000000005,1,4,0.0
197,19,955.23,1233.02,110.84999999999991,157.80999999999995,1,4,1.0
197,17,908.5,849.39,86.55999999999995,98.81000000000006,1,4,0.0
197,15,476.51,434.78,110.31000000000006,122.36000000000001,1,5,0.0
198,4,0.0,412.5,36.8,133.5,1,5,0.0
198,5,0.0,637.32,202.74,223.7199999999999,1,5,0.0
198,7,278.41,1224.87,122.08999999999997,125.93000000000006,1,4,0.0
198,9,270.99,380.86,151.01,137.13,1,5,0.0
198,10,401.93,1207.4,164.92000000000002,178.3699999999999,1,5,1.0
198,13,591.05,636.07,184.75,158.07999999999993,1,4,1.0
198,12,659.37,757.85,148.98000000000002,130.51999999999998,1,5,1.0
198,16,434.9,796.66,171.59000000000003,138.71000000000004,1,4,0.0
198,18,447.04,801.89,112.68,117.88,1,4,1.0
198,11,469.87,306.1,138.54999999999995,150.89,1,5,0.0
198,14,825.05,1205.27,132.4000000000001,151.45000000000005,1,4,0.0
198,19,944.78,1226.05,120.16000000000008,157.80999999999995,1,4,1.0
198,15,472.49,434.78,110.31999999999994,122.36000000000001,1,5,0.0
199,5,0.0,630.38,188.87,223.72000000000003,1,5,0.0
199,7,268.67,1215.13,122.08999999999997,125.92999999999984,1,4,0.0
199,9,268.67,377.38,151.01,137.12,1,5,0.0
199,10,395.86,1199.6,164.92999999999995,178.37000000000012,1,5,1.0
199,13,576.5,617.6,184.70000000000005,167.02999999999997,1,4,1.0
199,12,647.06,746.1,148.98000000000002,130.51999999999998,1,5,1.0
199,16,427.97,790.59,171.58999999999992,138.7199999999999,1,4,0.0
199,18,438.37,792.36,112.67999999999995,117.88,1,4,1.0
199,11,462.07,298.3,138.55,150.89,1,5,0.0
199,14,822.26,1203.03,132.39,151.45000000000005,1,4,0.0
199,19,934.34,1219.09,129.45999999999992,157.81000000000017,1,4,1.0
199,17,896.37,840.72,86.54999999999995,98.80999999999995,1,4,0.0
199,15,446.42,423.75,117.32,125.35000000000002,1,5,0.0
200,5,0.0,631.25,172.4,223.72000000000003,1,5,0.0
200,7,256.68,1211.39,129.59999999999997,125.91999999999985,1,4,0.0
200,9,255.91,365.77,151.00000000000003,137.13,1,5,0.0
200,10,389.79,1191.8,164.93,178.37000000000012,1,5,1.0
200,13,563.63,618.4,189.57000000000005,159.51999999999998,1,4,1.0
200,12,638.1,738.83,150.10000000000002,131.64999999999998,1,5,1.0
200,16,421.03,782.79,171.59000000000003,138.71000000000004,1,4,0.0
200,18,424.5,783.69,112.67999999999995,117.88,1,4,1.0
200,11,454.27,290.5,138.55000000000007,150.89,1,5,0.0
200,14,817.78,1200.23,132.39999999999998,151.45000000000005,1,4,0.0
200,19,922.73,1215.61,129.47000000000003,157.81000000000017,1,4,1.0
200,15,420.35,412.72,124.31999999999994,128.35000000000002,1,5,0.0
201,5,0.0,632.12,155.93,223.72000000000003,1,5,0.0
201,9,243.14,354.17,151.01,137.13,1,5,0.0
201,10,376.79,1185.73,164.93,178.3699999999999,1,5,1.0
201,13,550.76,605.7,192.84000000000003,165.5,1,4,1.0
201,12,629.15,731.56,151.21000000000004,132.7800000000001,1,5,1.0
201,16,414.1,774.99,171.59000000000003,138.71000000000004,1,4,0.0
201,18,410.63,775.02,112.67999999999995,117.88,1,4,1.0
201,11,426.53,272.01,138.55000000000007,150.89,1,5,0.0
201,14,813.3,1197.43,132.4000000000001,151.45000000000005,1,4,0.0
201,19,911.13,1212.13,129.45999999999992,157.80999999999995,1,4,1.0
201,15,406.31,406.7,124.32,128.34999999999997,1,5,0.0
202,5,0.0,622.58,140.33,223.7199999999999,1,5,0.0
202,9,226.9,341.41,150.99999999999997,137.11999999999995,1,5,0.0
202,10,363.79,1179.66,164.92000000000002,178.3699999999999,1,5,1.0
202,13,541.38,592.3,188.72000000000003,171.13,1,4,1.0
202,12,618.79,722.49,151.21000000000004,132.78999999999996,1,5,1.0
202,16,397.63,768.06,180.26999999999998,149.99,1,4,0.0
202,18,395.03,766.35,112.68,117.88,1,4,1.0
202,11,398.79,253.52,138.56,150.89000000000001,1,5,0.0
202,14,808.83,1194.63,132.39,151.44999999999982,1,4,0.0
202,19,903.01,1209.81,129.46000000000004,157.80999999999995,1,4,1.0
202,15,396.28,403.7,130.36,135.37000000000006,1,5,0.0
203,5,0.0,613.05,124.73,223.72000000000003,1,5,0.0
203,9,210.65,328.64,151.01000000000002,137.13,1,5,0.0
203,10,348.19,1176.78,164.92000000000002,178.36000000000013,1,5,1.0
203,13,531.99,578.9,184.61,176.76,1,4,1.0
203,12,608.43,713.43,151.21000000000004,132.7800000000001,1,5,1.0
203,16,381.16,761.12,188.94,161.27999999999997,1,4,0.0
203,18,379.43,757.69,112.68,117.88,1,4,1.0
203,11,371.06,235.03,138.55,150.89000000000001,1,5,0.0
203,14,804.35,1191.83,132.39999999999998,151.45000000000005,1,4,0.0
203,19,894.89,1207.49,129.45999999999992,157.80999999999995,1,4,1.0
203,15,386.25,400.69,136.39,142.39000000000004,1,5,0.0
204,5,0.0,607.85,116.06,223.72000000000003,1,5,0.0
204,9,203.69,321.68,151.01,137.13,1,5,0.0
204,10,332.59,1173.89,164.92000000000002,178.3599999999999,1,5,1.0
204,13,522.6,574.5,188.0,173.39,1,4,1.0
204,12,595.48,703.07,151.21000000000004,132.77999999999997,1,5,1.0
204,16,371.63,749.86,188.94000000000005,161.26999999999998,1,4,0.0
204,18,361.23,747.29,112.68,117.88,1,4,1.0
204,11,364.99,228.09,138.55,150.89000000000001,1,5,0.0
204,14,799.87,1192.95,132.39999999999998,151.45000000000005,1,4,0.0
204,19,890.24,1202.85,129.47000000000003,157.81000000000017,1,4,1.0
204,15,380.23,398.68,136.39,142.40000000000003,1,5,0.0
205,5,0.0,602.64,107.39,223.73000000000002,1,5,0.0
205,10,316.99,1171.0,164.92000000000002,178.3699999999999,1,5,1.0
205,13,513.21,555.1,177.89,185.01999999999998,1,4,1.0
205,12,582.53,692.71,151.21000000000004,132.78999999999996,1,5,1.0
205,16,362.09,738.59,188.94,161.26999999999998,1,4,0.0
205,18,343.03,736.88,112.68,117.88,1,4,1.0
205,11,358.92,221.16,138.55,150.89000000000001,1,5,0.0
205,14,793.53,1189.22,132.39999999999998,151.45000000000005,1,4,0.0
205,19,885.6,1198.21,129.45999999999992,157.79999999999995,1,4,1.0
205,15,374.21,396.68,136.40000000000003,142.39000000000004,1,5,0.0
206,5,0.0,594.84,91.79,223.73000000000002,1,5,0.0
206,10,312.65,1169.26,171.87,178.37000000000012,1,5,1.0
206,13,505.44,554.6,183.16000000000003,174.51,1,4,1.0
206,12,580.59,683.65,151.20999999999992,132.77999999999997,1,5,1.0
206,16,358.85,735.35,188.93999999999994,161.27999999999997,1,4,0.0
206,18,330.73,728.47,112.66999999999996,117.88,1,4,1.0
206,11,352.86,214.22,138.55,150.89000000000001,1,5,0.0
206,14,787.19,1185.49,132.39,151.45000000000005,1,4,0.0
206,19,886.76,1199.38,125.98000000000002,154.30999999999995,1,4,1.0
206,15,370.2,392.66,136.40000000000003,142.39999999999992,1,5,0.0
207,5,0.0,587.04,76.19,223.72000000000003,1,5,0.0
207,7,210.24,1188.16,137.09999999999997,125.92999999999984,1,4,0.0
207,10,308.32,1167.53,178.81,178.37000000000012,1,5,1.0
207,13,497.67,542.1,179.43,176.01,1,4,1.0
207,12,578.65,674.58,151.21000000000004,132.78999999999996,1,5,1.0
207,16,355.62,732.11,188.93999999999994,161.27999999999997,1,4,0.0
207,18,318.42,720.05,112.68,117.88,1,4,1.0
207,11,346.79,207.29,138.54999999999995,150.89000000000001,1,5,0.0
207,14,780.85,1181.76,132.39,151.45000000000005,1,4,0.0
207,19,887.92,1200.56,122.5,150.80999999999995,1,4,1.0
207,15,366.19,388.65,136.39,142.39999999999998,1,5,0.0
208,5,0.0,582.82,64.92,202.01,1,5,0.0
208,7,195.25,1177.68,137.11,125.91999999999985,1,4,0.0
208,10,294.45,1158.86,178.81,178.37000000000012,1,5,1.0
208,13,491.84,539.7,183.86000000000007,174.51999999999998,1,4,1.0
208,12,570.23,670.05,151.21000000000004,132.79000000000008,1,5,1.0
208,16,342.67,720.46,188.94,161.26999999999998,1,4,0.0
208,18,311.95,713.58,112.68,117.88,1,4,1.0
208,11,345.92,195.16,138.55,150.88000000000002,1,5,0.0
208,14,776.37,1180.64,132.39999999999998,151.44999999999982,1,4,0.0
208,19,885.6,1199.4,122.5,150.80999999999995,1,4,1.0
208,17,847.83,814.72,98.66999999999996,98.80999999999995,1,4,0.0
208,15,348.14,371.6,136.39,142.39999999999998,1,5,0.0
209,5,0.0,578.6,53.65,180.29999999999995,1,5,0.0
209,7,180.27,1167.19,137.10999999999999,125.91999999999985,1,4,0.0
209,10,280.58,1150.2,178.82,178.3599999999999,1,5,1.0
209,13,486.02,528.3,173.38,182.04000000000008,1,4,1.0
209,12,561.81,665.52,151.22000000000003,132.77999999999997,1,5,1.0
209,16,329.72,708.8,188.93999999999994,161.2800000000001,1,4,0.0
209,18,305.47,707.1,112.67999999999995,117.88,1,4,1.0
209,11,345.05,183.02,138.56,150.89000000000001,1,5,0.0
209,14,771.89,1179.52,132.39999999999998,151.45000000000005,1,4,0.0
209,19,883.28,1198.24,122.5,150.80999999999995,1,4,1.0
209,17,847.83,809.86,98.66999999999996,98.81999999999994,1,4,0.0
209,15,330.09,354.55,136.39000000000004,142.39999999999998,1,5,0.0
210,5,0.0,581.6,48.41,157.04999999999995,1,5,0.0
210,7,171.28,1161.94,137.10999999999999,125.92999999999984,1,4,0.0
210,10,280.0,1147.31,178.82,178.36000000000013,1,5,1.0
210,13,475.66,529.5,183.83999999999997,173.07000000000005,1,4,1.0
210,12,556.63,660.98,151.22000000000003,132.78999999999996,1,5,1.0
210,16,323.24,701.68,188.93999999999994,161.2800000000001,1,4,0.0
210,18,293.17,694.8,117.20999999999998,125.6400000000001,1,4,1.0
210,11,345.05,183.02,176.65000000000003,176.87999999999997,1,5,0.0
210,14,767.42,1178.4,132.39,151.44999999999982,1,4,0.0
210,19,877.09,1195.14,122.5,150.81999999999994,1,4,1.0
210,17,847.83,805.01,98.66999999999996,98.81000000000006,1,4,0.0
210,15,323.07,351.55,136.39,142.39,1,5,0.0
211,5,0.0,584.6,43.17,133.79999999999995,1,5,0.0
211,7,162.29,1156.7,137.10999999999999,125.93000000000006,1,4,0.0
211,10,279.43,1144.42,178.81,178.3699999999999,1,5,1.0
211,13,465.3,511.3,176.40000000000003,183.49999999999994,1,4,1.0
211,12,551.45,656.45,151.2199999999999,132.78999999999996,1,5,1.0
211,16,316.77,694.56,188.94,161.2800000000001,1,4,0.0
211,18,280.87,682.5,121.73000000000002,133.39999999999998,1,4,1.0
211,11,340.55,178.17,176.64000000000004,176.88000000000002,1,5,0.0
211,14,762.94,1177.29,132.39,151.44000000000005,1,4,1.0
211,19,870.91,1192.05,122.49000000000001,150.80999999999995,1,4,1.0
211,17,847.83,800.16,98.66999999999996,98.81000000000006,1,4,0.0
211,15,316.05,348.54,136.39,142.39,1,5,0.0
212,5,0.0,584.6,43.17,133.79999999999995,1,5,0.0
212,7,160.79,1157.45,137.10999999999999,125.93000000000006,1,4,0.0
212,10,278.85,1141.53,178.81,178.37000000000012,1,5,1.0
212,13,456.88,504.3,182.41999999999996,182.72999999999996,1,4,1.0
212,12,548.43,652.14,151.21000000000004,132.77999999999997,1,5,1.0
212,16,314.83,691.32,188.94,161.27999999999997,1,4,0.0
212,18,280.22,681.2,121.72999999999996,133.40999999999997,1,4,1.0
212,11,336.04,173.31,176.65000000000003,176.88,1,5,0.0
212,14,757.9,1173.65,132.39999999999998,151.44999999999982,1,4,1.0
212,19,864.72,1188.96,122.49000000000001,150.80999999999995,1,4,1.0
212,17,847.83,795.3,98.66999999999996,98.81000000000006,1,4,0.0
212,15,313.04,340.51,150.43,150.41000000000003,1,5,0.0
213,7,159.29,1158.2,137.10999999999999,125.91999999999985,1,4,0.0
213,9,161.92,262.69,151.00000000000003,137.13,1,5,0.0
213,10,274.95,1136.76,178.81,178.37000000000012,1,5,1.0
213,13,448.46,489.8,182.44,189.45999999999998,1,4,1.0
213,12,545.41,647.82,151.21000000000004,132.78999999999996,1,5,1.0
213,16,312.88,688.09,188.94,161.26999999999998,1,4,0.0
213,18,279.58,679.91,121.73000000000002,133.39999999999998,1,4,1.0
213,11,331.53,168.46,176.65000000000003,176.87999999999997,1,5,0.0
213,14,752.87,1170.01,132.39,151.45000000000005,1,4,1.0
213,19,864.14,1186.63,122.49000000000001,150.81999999999994,1,4,1.0
213,17,847.83,790.45,98.66999999999996,98.80999999999995,1,4,0.0
213,15,310.03,332.49,164.47000000000003,158.40999999999997,1,5,0.0
214,7,159.29,1158.2,131.85999999999999,125.90999999999985,1,4,0.0
214,9,156.68,260.44,151.0,137.13,1,5,0.0
214,10,271.05,1131.99,178.81,178.3699999999999,1,5,1.0
214,13,447.17,498.2,183.93,175.22999999999996,1,4,1.0
214,12,542.39,643.5,151.21000000000004,132.78999999999996,1,5,1.0
214,16,310.73,686.36,188.94,161.27999999999997,1,4,0.0
214,18,269.22,673.43,121.72999999999996,133.41000000000008,1,4,1.0
214,11,327.03,163.6,176.64000000000004,176.88000000000002,1,5,0.0
214,14,747.83,1166.37,132.39999999999998,151.45000000000005,1,4,1.0
214,19,863.56,1184.31,122.49000000000001,150.82000000000016,1,4,1.0
214,17,840.46,786.98,98.66999999999996,98.80999999999995,1,4,0.0
214,15,303.01,323.47,164.47000000000003,158.39999999999998,1,5,0.0
215,7,159.29,1158.2,126.60999999999999,125.89999999999986,1,4,0.0
215,9,151.43,258.2,151.01,137.13,1,5,0.0
215,10,267.15,1127.23,178.81,178.3599999999999,1,5,1.0
215,13,445.88,488.6,174.91999999999996,179.01,1,4,1.0
215,12,526.85,633.14,151.20999999999992,132.78999999999996,1,5,1.0
215,16,308.57,684.63,188.94,161.27999999999997,1,4,0.0
215,18,258.86,666.96,121.72999999999996,133.39999999999998,1,4,1.0
215,11,322.52,158.75,176.64000000000004,176.88,1,5,0.0
215,14,742.79,1162.74,132.4000000000001,151.45000000000005,1,4,1.0
215,19,862.98,1181.99,122.49000000000001,150.81999999999994,1,4,1.0
215,17,833.09,783.52,98.66999999999996,98.81000000000006,1,4,0.0
215,15,295.99,314.44,164.46999999999997,158.41000000000003,1,5,0.0
216,7,156.3,1155.2,126.59999999999997,125.89999999999986,1,4,0.0
216,9,147.69,254.83,151.0,137.11999999999998,1,5,0.0
216,10,263.25,1122.46,178.81,178.3699999999999,1,5,1.0
216,13,441.34,487.7,175.66000000000003,176.02000000000004,1,4,1.0
216,12,521.02,624.73,151.22000000000003,132.77999999999997,1,5,1.0
216,16,306.41,682.91,188.94,161.26999999999998,1,4,0.0
216,18,247.85,657.89,132.09,133.40999999999997,1,4,1.0
216,11,312.98,150.08,176.64999999999998,176.87999999999997,1,5,0.0
216,14,741.19,1159.38,132.39999999999998,151.44999999999982,1,4,1.0
216,19,862.4,1179.67,122.49000000000001,150.81999999999994,1,4,1.0
216,17,825.73,780.05,98.65999999999997,98.81000000000006,1,4,0.0
216,15,291.98,308.92,164.46999999999997,158.40999999999997,1,5,0.0
217,7,153.3,1152.21,126.61000000000001,125.89999999999986,1,4,0.0
217,9,143.94,251.46,151.01,137.11999999999998,1,5,0.0
217,10,252.85,1114.66,178.81000000000003,178.3699999999999,1,5,1.0
217,13,436.81,480.8,177.89000000000004,179.04000000000002,1,4,1.0
217,12,515.2,616.31,151.20999999999992,132.79000000000008,1,5,1.0
217,16,286.99,664.78,188.94,161.26999999999998,1,4,0.0
217,18,236.84,648.83,142.46,133.39999999999998,1,4,1.0
217,11,303.45,141.42,176.65000000000003,176.88000000000002,1,5,0.0
217,14,739.6,1156.02,132.39,151.45000000000005,1,4,1.0
217,19,861.24,1179.67,122.49000000000001,150.81999999999994,1,4,1.0
217,17,818.36,776.58,98.66999999999996,98.80999999999995,1,4,0.0
217,15,287.97,303.41,164.46999999999997,158.40999999999997,1,5,0.0
218,7,143.56,1146.96,126.61000000000001,125.89999999999986,1,4,0.0
218,9,140.19,248.08,151.01,137.12999999999997,1,5,0.0
218,10,242.44,1106.86,178.82,178.36000000000013,1,5,1.0
218,13,430.66,469.95,173.79000000000002,187.3,1,4,1.0
218,12,510.02,615.02,151.21000000000004,132.77999999999997,1,5,1.0
218,16,282.78,661.54,188.94000000000005,161.2800000000001,1,4,0.0
218,18,233.61,644.3,142.45,133.4000000000001,1,4,1.0
218,11,296.52,134.48,176.64000000000004,176.88000000000002,1,5,0.0
218,14,738.0,1152.66,132.39,151.44999999999982,1,4,1.0
218,19,860.08,1179.67,122.49000000000001,150.81999999999994,1,4,1.0
218,17,818.36,775.71,99.54999999999995,98.81999999999994,1,4,0.0
218,15,283.95,297.89,164.48000000000002,158.41000000000003,1,5,0.0
219,7,133.82,1141.72,126.61000000000001,125.89999999999986,1,4,0.0
219,9,136.45,244.71,151.0,137.12999999999997,1,5,0.0
219,10,235.7,1104.35,180.74,178.37000000000012,1,5,1.0
219,13,424.51,459.1,169.69000000000005,195.55999999999995,1,4,1.0
219,12,504.84,613.72,151.20999999999998,132.78999999999996,1,5,1.0
219,16,278.57,658.3,188.94,161.2800000000001,1,4,0.0
219,18,230.37,639.76,142.45999999999998,133.40999999999997,1,4,1.0
219,11,289.58,127.55,176.65000000000003,176.88,1,5,0.0
219,14,736.4,1149.31,132.39,151.45000000000005,1,4,1.0
219,19,848.47,1163.43,122.5,150.80999999999995,1,4,1.0
219,17,818.36,774.85,100.43999999999994,98.80999999999995,1,4,0.0
219,15,279.94,292.38,164.47000000000003,158.39999999999998,1,5,0.0
220,7,133.08,1140.22,126.6,125.89999999999986,1,4,0.0
220,9,126.71,232.73,155.52000000000004,155.09,1,5,0.0
220,10,228.96,1101.85,182.66,178.37000000000012,1,5,1.0
220,13,418.36,457.3,179.03999999999996,194.77000000000004,1,4,1.0
220,12,499.98,610.16,151.21000000000004,132.79000000000008,1,5,1.0
220,16,274.36,655.07,188.94,161.26999999999998,1,4,0.0
220,18,226.48,635.88,142.46,133.39999999999998,1,4,1.0
220,11,288.89,127.72,176.64,176.88000000000002,1,5,0.0
220,14,734.8,1145.95,132.4000000000001,151.45000000000005,1,4,1.0
220,19,835.71,1164.59,122.5,150.81000000000017,1,4,1.0
220,17,817.2,774.27,100.43999999999994,98.81000000000006,1,4,0.0
220,15,278.94,287.36,164.47000000000003,158.40999999999997,1,5,0.0
221,7,132.33,1138.72,126.6,125.89999999999986,1,4,0.0
221,9,116.97,220.74,160.03,173.06,1,5,0.0
221,10,222.22,1099.34,184.59,178.3800000000001,1,5,1.0
221,13,412.21,446.5,174.89000000000004,202.98000000000002,1,4,1.0
221,12,495.12,606.6,151.22000000000003,132.78999999999996,1,5,1.0
221,16,270.15,651.83,188.94,161.26999999999998,1,4,0.0
221,18,222.6,632.0,142.46,133.39999999999998,1,4,1.0
221,11,288.19,127.89,176.64999999999998,176.88,1,5,0.0
221,14,733.2,1142.59,132.39999999999998,151.45000000000005,1,4,1.0
221,19,822.94,1165.75,122.5,150.80999999999995,1,4,1.0
221,17,816.05,773.69,100.44000000000005,98.80999999999995,1,4,0.0
221,20,1029.95,496.42,50.049999999999955,109.07,1,4,0.0
221,15,277.94,282.35,164.47000000000003,158.40999999999997,1,5,0.0
222,7,130.83,1134.23,126.6,125.90000000000009,1,4,0.0
222,9,112.48,216.25,160.02999999999997,173.06,1,5,0.0
222,10,215.48,1096.84,186.51000000000002,178.37000000000012,1,5,1.0
222,13,401.85,462.5,174.14999999999998,175.97000000000003,1,4,1.0
222,12,490.27,603.04,151.21000000000004,132.7800000000001,1,5,1.0
222,16,257.2,645.35,188.94,161.27999999999997,1,4,0.0
222,18,210.95,628.76,142.45,133.39999999999998,1,4,1.0
222,11,287.5,128.07,176.64999999999998,176.88,1,5,0.0
222,14,731.6,1139.23,132.39999999999998,151.45000000000005,1,4,1.0
222,19,848.47,1157.62,122.5,150.82000000000016,1,4,1.0
222,17,814.89,773.11,100.44000000000005,98.81999999999994,1,4,0.0
222,20,1028.88,495.7,51.11999999999989,109.79000000000002,1,4,0.0
222,15,268.91,272.32,164.46999999999997,158.41000000000003,1,5,0.0
223,7,129.33,1129.73,126.6,125.90000000000009,1,4,0.0
223,9,107.98,211.75,160.02999999999997,173.06,1,5,0.0
223,10,208.74,1094.34,188.43,178.37000000000012,1,5,1.0
223,13,391.49,441.0,177.90999999999997,186.46000000000004,1,4,1.0
223,12,485.41,599.48,151.21999999999997,132.77999999999997,1,5,1.0
223,16,244.25,638.88,188.94,161.26999999999998,1,4,0.0
223,18,199.29,625.52,142.46,133.39999999999998,1,4,1.0
223,11,286.81,128.24,176.64,176.88,1,5,0.0
223,14,728.8,1138.11,132.4000000000001,151.45000000000005,1,4,1.0
223,19,846.15,1144.86,122.5,150.82000000000016,1,4,1.0
223,17,813.74,772.54,100.43999999999994,98.81000000000006,1,4,0.0
223,20,1027.81,494.99,52.190000000000055,110.5,1,4,0.0
223,15,259.88,262.29,164.48000000000002,158.40999999999997,1,5,0.0
224,7,124.83,1125.99,126.61,125.90000000000009,1,4,0.0
224,9,105.73,209.5,160.02999999999997,173.06,1,5,0.0
224,10,202.0,1091.83,190.35000000000002,178.3800000000001,1,5,1.0
224,13,386.31,444.5,189.19,184.57000000000005,1,4,1.0
224,12,475.05,596.24,156.42000000000002,140.54999999999995,1,5,1.0
224,16,241.66,636.94,188.94000000000003,161.26999999999998,1,4,0.0
224,18,189.58,619.69,142.46,133.40999999999997,1,4,1.0
224,11,286.11,128.41,176.64999999999998,176.88000000000002,1,5,0.0
224,14,726.01,1137.0,132.39,151.44000000000005,1,4,1.0
224,19,840.35,1144.86,122.5,150.82000000000016,1,4,1.0
224,17,812.58,771.96,100.43999999999994,98.80999999999995,1,4,0.0
224,20,1026.74,494.28,53.25999999999999,111.21000000000004,1,4,0.0
224,15,259.38,262.29,164.48000000000002,158.40999999999997,1,5,0.0
225,7,120.34,1122.24,126.6,125.90000000000009,1,4,0.0
225,9,103.49,207.26,160.02999999999997,173.06,1,5,0.0
225,10,195.25,1089.33,192.29000000000002,178.3800000000001,1,5,1.0
225,13,381.13,441.1,183.07000000000005,189.57999999999993,1,4,1.0
225,12,464.69,593.0,161.61999999999995,148.32000000000005,1,5,1.0
225,16,239.07,634.99,188.94,161.27999999999997,1,4,0.0
225,18,179.87,613.87,142.45,133.39999999999998,1,4,1.0
225,11,285.42,128.59,176.64999999999998,176.88000000000002,1,5,0.0
225,14,723.21,1135.88,132.39,151.44999999999982,1,4,1.0
225,19,834.55,1144.86,122.5,150.82000000000016,1,4,1.0
225,17,811.42,771.38,100.45000000000005,98.81000000000006,1,4,0.0
225,20,1025.67,493.56,54.32999999999993,111.93,1,4,0.0
225,15,258.88,262.29,164.47000000000003,158.40999999999997,1,5,0.0
226,7,116.59,1120.74,126.60999999999999,125.90000000000009,1,4,0.0
226,9,100.49,204.26,160.02999999999997,173.06,1,5,0.0
226,10,188.51,1086.83,194.21000000000004,178.37000000000012,1,5,1.0
226,13,375.95,442.9,175.40000000000003,189.39,1,4,1.0
226,12,460.23,591.13,161.62,148.31000000000006,1,5,1.0
226,16,237.78,634.35,188.94000000000003,161.26999999999998,1,4,0.0
226,18,175.98,609.98,142.46,133.39999999999998,1,4,1.0
226,11,284.73,128.76,176.64,176.88,1,5,0.0
226,14,720.41,1134.76,132.39999999999998,151.45000000000005,1,4,1.0
226,19,831.65,1147.18,122.49000000000001,150.81999999999994,1,4,1.0
226,17,809.69,771.38,100.43999999999994,98.81000000000006,1,4,0.0
226,20,1024.6,492.85,55.40000000000009,112.64999999999998,1,4,0.0
226,15,258.38,262.29,164.47000000000003,158.40999999999997,1,5,0.0
227,7,112.85,1119.25,126.6,125.90000000000009,1,4,0.0
227,9,98.99,204.26,160.02999999999997,173.06,1,5,0.0
227,10,181.77,1084.32,196.12999999999997,178.3800000000001,1,5,1.0
227,13,370.77,444.7,167.73000000000002,189.2,1,4,1.0
227,12,455.77,589.26,161.62,148.31000000000006,1,5,1.0
227,16,236.48,633.7,188.94000000000003,161.27999999999997,1,4,0.0
227,18,172.1,606.1,142.45000000000002,133.39999999999998,1,4,1.0
227,11,284.03,128.93,176.65000000000003,176.88,1,5,0.0
227,14,717.47,1133.5,132.39999999999998,151.45000000000005,1,4,1.0
227,19,828.75,1149.5,122.49000000000001,150.81999999999994,1,4,1.0
227,17,807.96,771.38,100.43999999999994,98.81000000000006,1,4,0.0
227,20,1023.53,492.13,56.47000000000003,113.37,1,4,0.0
227,15,257.88,262.29,164.47000000000003,158.40999999999997,1,5,0.0
228,7,107.1,1117.5,126.61000000000001,125.90000000000009,1,4,0.0
228,9,97.49,204.26,160.02999999999997,173.06,1,5,0.0
228,10,178.3,1083.24,196.13,178.37999999999988,1,5,1.0
228,13,366.7,435.8,178.2,195.87999999999994,1,4,1.0
228,12,451.31,587.39,161.61999999999995,148.31000000000006,1,5,1.0
228,16,231.09,632.19,188.93999999999997,161.26999999999998,1,4,0.0
228,18,166.92,605.23,142.45000000000002,133.40999999999997,1,4,1.0
228,11,283.34,129.11,176.65000000000003,176.88,1,5,0.0
228,14,714.53,1132.24,132.39999999999998,151.45000000000005,1,4,1.0
228,19,825.84,1151.82,122.5,150.82000000000016,1,4,1.0
228,17,806.22,771.38,100.44999999999993,98.81000000000006,1,4,0.0
228,20,1022.45,491.42,57.549999999999955,114.07999999999998,1,4,0.0
228,15,254.87,263.29,164.46999999999997,158.40999999999997,1,5,0.0
229,7,101.36,1115.75,126.61,125.90000000000009,1,4,0.0
229,9,93.9,203.96,160.03,173.05999999999997,1,5,0.0
229,10,174.84,1082.15,196.13000000000002,178.37999999999988,1,5,1.0
229,13,362.63,437.45,180.70000000000005,192.01000000000005,1,4,1.0
229,12,446.85,585.52,161.62,148.31000000000006,1,5,1.0
229,16,225.69,630.68,188.94,161.2700000000001,1,4,0.0
229,18,161.74,604.37,142.45,133.39999999999998,1,4,1.0
229,11,282.65,129.28,176.64000000000004,176.88000000000002,1,5,0.0
229,14,711.6,1130.98,132.39,151.45000000000005,1,4,1.0
229,19,822.94,1154.14,122.5,150.81999999999994,1,4,1.0
229,17,801.02,769.65,100.44000000000005,98.81000000000006,1,4,0.0
229,20,1021.38,490.71,58.620000000000005,114.79000000000002,1,4,0.0
229,15,251.86,264.3,164.46999999999997,158.39999999999998,1,5,0.0
230,7,95.62,1114.0,126.6,125.90000000000009,1,4,0.0
230,9,90.3,203.66,160.03000000000003,173.06000000000003,1,5,0.0
230,10,171.37,1081.07,196.13,178.3800000000001,1,5,1.0
230,13,358.56,439.1,183.19,188.14,1,4,1.0
230,12,442.39,583.65,161.62,148.31000000000006,1,5,1.0
230,16,220.3,629.17,188.94,161.2700000000001,1,4,0.0
230,18,156.56,603.51,142.45,133.39999999999998,1,4,1.0
230,11,273.4,123.21,176.65000000000003,176.88,1,5,0.0
230,14,708.66,1129.72,132.39999999999998,151.45000000000005,1,4,1.0
230,19,816.56,1150.66,122.5,150.81999999999994,1,4,1.0
230,17,795.82,767.91,100.43999999999994,98.81000000000006,1,4,0.0
230,20,1020.31,489.99,59.690000000000055,115.50999999999999,1,4,0.0
230,15,250.86,264.3,164.46999999999997,158.39999999999998,1,5,0.0
231,7,89.87,1112.25,126.60999999999999,125.90000000000009,1,4,0.0
231,9,86.71,203.36,160.01999999999998,173.06,1,5,0.0
231,10,167.9,1079.99,196.12999999999997,178.37999999999988,1,5,1.0
231,13,354.49,440.75,185.68999999999994,184.26999999999998,1,4,1.0
231,12,437.93,581.78,161.61999999999995,148.31000000000006,1,5,1.0
231,16,214.9,627.66,188.93999999999997,161.26999999999998,1,4,0.0
231,18,151.38,602.64,142.45999999999998,133.40999999999997,1,4,1.0
231,11,264.16,117.15,176.64,176.87999999999997,1,5,0.0
231,14,705.72,1128.46,132.39999999999998,151.45000000000005,1,4,1.0
231,19,810.18,1147.18,122.5,150.81999999999994,1,4,1.0
231,17,790.62,766.18,100.43999999999994,98.81000000000006,1,4,0.0
231,20,1019.24,489.28,60.75999999999999,116.22000000000003,1,4,0.0
231,15,249.86,264.3,164.46999999999997,158.39999999999998,1,5,0.0
232,7,84.13,1110.5,126.61000000000001,125.91000000000008,1,4,0.0
232,9,83.11,203.06,160.02999999999997,173.06,1,5,0.0
232,10,164.43,1078.9,196.13,178.37999999999988,1,5,1.0
232,13,350.42,442.4,188.18,180.39999999999998,1,4,1.0
232,12,433.47,579.91,161.62,148.31000000000006,1,5,1.0
232,16,209.51,626.15,188.94,161.26999999999998,1,4,0.0
232,18,146.2,601.78,142.46000000000004,133.39999999999998,1,4,1.0
232,21,337.94,1072.23,83.94,109.68000000000006,1,4,0.0
232,11,254.91,111.08,176.64000000000001,176.88,1,5,0.0
232,14,702.78,1127.2,132.39999999999998,151.45000000000005,1,4,1.0
232,19,803.8,1143.7,122.49000000000001,150.80999999999995,1,4,1.0
232,17,785.42,764.45,100.44000000000005,98.80999999999995,1,4,0.0
232,20,1018.17,488.56,61.83000000000004,116.94,1,4,0.0
232,15,244.84,268.31,164.47,158.41000000000003,1,5,0.0
233,7,78.39,1108.76,126.60000000000001,125.90000000000009,1,4,0.0
233,9,79.51,202.76,160.02999999999997,173.06,1,5,0.0
233,10,160.97,1077.82,196.13000000000002,178.3800000000001,1,5,1.0
233,13,346.35,429.0,156.25,191.58000000000004,1,4,1.0
233,12,429.01,578.04,161.62,148.31000000000006,1,5,1.0
233,16,204.11,624.63,188.94,161.27999999999997,1,4,1.0
233,18,141.02,600.92,142.46,133.4000000000001,1,4,1.0
233,21,316.68,1066.63,83.93,109.67999999999984,1,4,0.0
233,11,245.66,105.01,176.65,176.88,1,5,0.0
233,14,699.85,1125.94,132.39,151.45000000000005,1,4,1.0
233,19,797.42,1140.22,122.49000000000001,150.80999999999995,1,4,1.0
233,17,780.22,762.71,100.43999999999994,98.80999999999995,1,4,0.0
233,20,1017.1,487.85,62.89999999999998,117.64999999999998,1,4,0.0
233,15,239.83,272.32,164.47,158.41000000000003,1,5,0.0
234,7,72.39,1104.26,126.61,125.90000000000009,1,4,0.0
234,9,70.9,197.52,160.03,173.05999999999997,1,5,0.0
234,10,157.5,1076.74,196.13,178.37999999999988,1,5,1.0
234,13,342.28,427.7,167.72000000000003,190.66000000000003,1,4,1.0
234,12,424.55,576.17,161.61999999999995,148.31000000000006,1,5,1.0
234,16,195.05,618.81,188.94,161.2700000000001,1,4,1.0
234,18,133.9,595.09,142.45000000000002,133.39999999999998,1,4,1.0
234,21,308.28,1067.75,83.94000000000005,109.68000000000006,1,4,0.0
234,11,236.42,98.94,176.64000000000001,176.88,1,5,0.0
234,14,696.91,1124.68,132.39,151.45000000000005,1,4,1.0
234,19,795.67,1139.06,122.5,150.80999999999995,1,4,1.0
234,17,776.75,759.25,100.45000000000005,98.80999999999995,1,4,0.0
234,20,1016.03,487.14,63.97000000000003,118.36000000000001,1,4,0.0
234,15,230.8,279.34,164.46999999999997,158.41000000000003,1,5,0.0
235,7,66.4,1099.77,126.60999999999999,125.90000000000009,1,4,0.0
235,9,62.28,192.27,160.03,173.05999999999997,1,5,0.0
235,10,154.03,1075.65,196.13000000000002,178.37999999999988,1,5,1.0
235,13,332.79,420.3,165.70999999999998,190.71999999999997,1,4,1.0
235,12,415.06,574.01,161.60999999999996,148.31000000000006,1,5,1.0
235,16,185.98,612.98,188.94000000000003,161.27999999999997,1,4,1.0
235,18,126.78,589.26,142.45000000000002,133.40999999999997,1,4,1.0
235,21,299.89,1068.87,83.94,109.68000000000006,1,4,0.0
235,11,227.17,92.88,176.65,176.88,1,5,0.0
235,14,693.18,1122.45,132.3900000000001,151.45000000000005,1,4,1.0
235,19,793.93,1137.9,122.5,150.80999999999995,1,4,1.0
235,17,773.29,755.78,100.44000000000005,98.81000000000006,1,4,0.0
235,20,1012.55,480.17,67.45000000000005,125.32999999999998,1,4,0.0
235,15,221.78,286.36,164.47,158.40999999999997,1,5,0.0
236,7,58.91,1096.77,126.61000000000001,125.90000000000009,1,4,0.0
236,9,53.67,187.03,160.02999999999997,173.05999999999997,1,5,0.0
236,10,152.88,1073.34,196.13,178.3800000000001,1,5,1.0
236,13,323.29,421.96,161.46999999999997,181.73000000000008,1,4,1.0
236,12,405.56,571.85,161.61999999999995,148.30999999999995,1,5,1.0
236,16,184.04,613.63,188.94000000000003,161.26999999999998,1,4,1.0
236,18,120.95,589.26,142.45,133.40999999999997,1,4,1.0
236,21,297.65,1067.75,83.94,109.68000000000006,1,4,0.0
236,11,224.86,92.88,176.64999999999998,176.88,1,5,0.0
236,14,689.45,1120.21,132.39,151.45000000000005,1,4,1.0
236,19,792.19,1136.74,122.5,150.80999999999995,1,4,1.0
236,17,768.95,755.78,100.43999999999994,98.81000000000006,1,4,0.0
236,20,1009.07,473.21,70.92999999999995,132.29000000000002,1,4,0.0
236,15,215.76,285.36,164.47000000000003,158.39999999999998,1,5,0.0
237,7,51.42,1093.78,126.60000000000001,125.90000000000009,1,4,0.0
237,9,45.05,181.79,160.03000000000003,173.04999999999998,1,5,0.0
237,10,151.72,1071.03,196.13000000000002,178.3800000000001,1,5,1.0
237,13,313.79,423.62,157.22999999999996,172.73000000000002,1,4,1.0
237,12,396.06,569.69,161.61999999999995,148.31999999999994,1,5,1.0
237,16,182.1,614.28,188.94000000000003,161.26999999999998,1,4,1.0
237,18,115.12,589.26,142.45999999999998,133.40999999999997,1,4,1.0
237,21,295.41,1066.63,83.94,109.67999999999984,1,4,0.0
237,11,222.55,92.88,176.64999999999998,176.88,1,5,0.0
237,14,685.72,1117.97,132.39,151.45000000000005,1,4,1.0
237,19,790.45,1135.58,122.5,150.81000000000017,1,4,1.0
237,17,764.62,755.78,100.43999999999994,98.81000000000006,1,4,0.0
237,20,1005.59,466.25,74.40999999999997,139.25,1,4,0.0
237,15,209.74,284.35,164.46999999999997,158.40999999999997,1,5,0.0
238,7,51.04,1091.9,126.61000000000001,125.89999999999986,1,4,0.0
238,9,44.46,181.79,160.01999999999998,173.04999999999998,1,5,1.0
238,10,150.57,1068.72,196.13,178.37999999999988,1,5,1.0
238,13,308.94,418.2,169.26,177.18,1,4,1.0
238,12,388.29,565.16,161.61999999999995,148.31000000000006,1,5,1.0
238,16,179.83,613.3,188.93999999999997,161.2800000000001,1,4,1.0
238,18,111.88,588.62,142.46,133.39999999999998,1,4,1.0
238,21,292.61,1064.4,83.94,109.66999999999985,1,4,0.0
238,11,220.24,92.88,176.64,176.88,1,5,0.0
238,14,681.99,1115.73,132.39,151.45000000000005,1,4,1.0
238,19,790.45,1134.66,122.5,148.94999999999982,1,4,1.0
238,17,761.85,752.66,100.43999999999994,98.81000000000006,1,4,0.0
238,20,1002.1,459.29,77.89999999999998,146.20999999999998,1,4,0.0
238,15,205.73,281.34,164.47,158.41000000000003,1,5,0.0
239,7,50.67,1090.03,126.61,125.90000000000009,1,4,0.0
239,9,43.86,181.79,160.01999999999998,173.04999999999998,1,5,1.0
239,10,145.02,1065.6,196.12999999999997,178.3800000000001,1,5,1.0
239,13,304.08,416.35,169.02000000000004,178.04999999999995,1,4,1.0
239,12,380.52,560.63,161.62,148.31000000000006,1,5,1.0
239,16,177.57,612.33,188.94,161.27999999999997,1,4,1.0
239,18,108.65,587.97,142.45,133.39999999999998,1,4,1.0
239,21,289.81,1062.16,83.94,109.67999999999984,1,4,0.0
239,11,217.93,92.88,176.64,176.88,1,5,0.0
239,14,678.26,1113.49,132.39,151.45000000000005,1,4,1.0
239,19,790.45,1133.74,122.5,147.07999999999993,1,4,1.0
239,17,759.07,749.54,100.43999999999994,98.81000000000006,1,4,0.0
239,20,1001.41,458.13,77.88999999999999,146.21000000000004,1,4,0.0
239,15,201.72,278.33,164.47,158.41000000000003,1,5,0.0
240,7,50.3,1088.16,126.60000000000001,125.89999999999986,1,4,0.0
240,9,43.26,181.79,160.03,173.04999999999998,1,5,1.0
240,10,139.47,1062.48,196.13000000000002,178.37999999999988,1,5,1.0
240,13,299.22,414.5,168.77999999999997,178.92999999999995,1,4,1.0
240,12,375.99,558.04,161.62,148.31000000000006,1,5,1.0
240,16,175.3,611.36,188.94,161.27999999999997,1,4,1.0
240,18,105.41,587.32,142.46,133.39999999999998,1,4,1.0
240,21,287.02,1059.92,83.93,109.67999999999984,1,4,0.0
240,11,215.62,92.88,176.64,176.88,1,5,0.0
240,14,674.52,1111.25,132.39999999999998,151.45000000000005,1,4,1.0
240,19,790.45,1132.82,122.5,145.22000000000003,1,4,1.0
240,17,756.3,746.42,100.44000000000005,98.81000000000006,1,4,0.0
240,20,1000.71,456.97,77.89999999999986,146.20999999999992,1,4,0.0
240,15,196.7,278.33,164.48000000000002,158.41000000000003,1,5,0.0
241,7,49.92,1086.28,126.61,125.90000000000009,1,4,0.0
241,9,42.66,181.79,160.03,173.04999999999998,1,5,1.0
241,10,133.92,1059.36,196.13000000000002,178.3800000000001,1,5,1.0
241,13,294.37,408.8,166.43,183.66000000000003,1,4,1.0
241,12,371.46,555.45,161.62000000000006,148.30999999999995,1,5,1.0
241,16,173.03,610.39,188.94000000000003,161.27999999999997,1,4,1.0
241,18,102.17,586.67,142.45999999999998,133.41000000000008,1,4,1.0
241,21,284.22,1057.68,83.94,109.67999999999984,1,4,0.0
241,11,213.3,92.88,176.64999999999998,176.88,1,5,0.0
241,14,673.09,1110.77,132.39,150.49,1,4,1.0
241,19,790.45,1131.9,122.5,143.3499999999999,1,4,1.0
241,17,753.52,743.3,100.45000000000005,98.81000000000006,1,4,0.0
241,20,1000.02,455.81,77.8900000000001,146.20999999999998,1,4,0.0
241,15,191.69,278.33,164.47000000000003,158.41000000000003,1,5,0.0
242,7,47.92,1084.29,126.61,125.90000000000009,1,4,0.0
242,9,42.06,181.79,160.03,173.04999999999998,1,5,1.0
242,10,128.38,1056.24,196.13,178.37999999999988,1,5,1.0
242,13,289.51,409.06,164.13,180.93,1,4,1.0
242,12,369.0,555.45,161.62,148.30999999999995,1,5,1.0
242,16,169.15,609.1,188.93999999999997,161.26999999999998,1,4,1.0
242,18,97.42,584.51,142.45999999999998,133.40999999999997,1,4,1.0
242,21,282.54,1056.28,83.94,109.68000000000006,1,4,0.0
242,11,213.3,95.04,172.52999999999997,173.41999999999996,1,5,0.0
242,14,671.65,1110.29,132.39,149.51999999999998,1,4,1.0
242,19,790.45,1130.98,122.5,141.49,1,4,1.0
242,17,750.75,740.18,100.44000000000005,98.81000000000006,1,4,0.0
242,20,999.32,454.65,77.89999999999998,146.21000000000004,1,4,0.0
242,15,187.68,274.32,164.46999999999997,158.41000000000003,1,5,0.0
243,7,45.93,1082.29,126.6,125.90000000000009,1,4,0.0
243,9,37.56,181.79,160.03,173.04999999999998,1,5,1.0
243,10,122.83,1053.12,196.13,178.3800000000001,1,5,1.0
243,13,284.66,409.33,161.82999999999998,178.19,1,4,1.0
243,12,366.54,555.45,161.61999999999995,148.30999999999995,1,5,1.0
243,16,165.26,607.8,188.94,161.2800000000001,1,4,1.0
243,18,92.68,582.36,142.45,133.39999999999998,1,4,1.0
243,21,280.86,1054.88,83.94,109.67999999999984,1,4,0.0
243,11,213.3,97.21,168.40999999999997,169.95000000000005,1,5,0.0
243,14,670.21,1109.82,132.39,148.54999999999995,1,4,1.0
243,19,783.49,1128.65,122.5,141.5,1,4,1.0
243,17,750.53,739.74,100.44000000000005,98.80999999999995,1,4,0.0
243,20,998.62,453.49,77.89999999999998,146.21000000000004,1,4,0.0
243,15,187.68,274.57,164.46999999999997,158.41000000000003,1,5,0.0
244,7,43.93,1080.29,126.6,125.90000000000009,1,4,0.0
244,9,33.07,181.79,160.03,173.04999999999998,1,5,1.0
244,10,113.3,1047.05,196.12,178.3800000000001,1,5,1.0
244,13,279.8,408.1,168.5,179.94999999999993,1,4,1.0
244,12,364.08,555.45,161.61000000000007,148.30999999999995,1,5,1.0
244,16,161.38,606.51,188.94,161.26999999999998,1,4,1.0
244,18,87.93,580.2,142.45,133.39999999999998,1,4,1.0
244,21,279.18,1053.48,83.94,109.68000000000006,1,4,0.0
244,11,213.3,99.37,164.28999999999996,166.49,1,5,0.0
244,14,668.77,1109.34,132.39999999999998,147.59000000000015,1,4,1.0
244,19,776.53,1126.33,122.5,141.5,1,4,1.0
244,17,750.32,739.31,100.43999999999994,98.81000000000006,1,4,0.0
244,20,997.93,452.32,77.88999999999999,146.21999999999997,1,4,0.0
244,15,187.68,274.82,164.46999999999997,158.41000000000003,1,5,0.0
245,7,39.43,1072.8,126.60999999999999,125.90000000000009,1,4,0.0
245,9,25.58,181.79,160.03000000000003,173.04999999999998,1,5,1.0
245,10,103.76,1040.98,196.13,178.37999999999988,1,5,1.0
245,13,274.95,403.9,164.75,184.68000000000006,1,4,1.0
245,12,361.62,555.45,161.61,148.30999999999995,1,5,1.0
245,16,154.91,603.05,188.94000000000003,161.2800000000001,1,4,1.0
245,18,87.93,580.44,140.67,133.15999999999997,1,4,1.0
245,21,277.5,1052.08,83.94,109.68000000000006,1,4,1.0
245,11,213.3,101.54,160.18,163.01999999999998,1,5,0.0
245,14,667.33,1108.86,132.39999999999998,146.62000000000012,1,4,1.0
245,19,769.57,1124.01,122.4899999999999,141.5,1,4,1.0
245,17,750.1,738.88,100.43999999999994,98.81000000000006,1,4,0.0
245,20,997.23,451.16,77.90000000000009,146.21999999999997,1,4,0.0
245,15,187.68,275.08,164.46999999999997,158.40000000000003,1,5,0.0
246,7,39.43,1072.8,135.57,133.4000000000001,1,4,0.0
246,9,25.58,183.03,160.03000000000003,173.05999999999997,1,5,1.0
246,10,103.76,1040.55,196.13,178.3800000000001,1,5,1.0
246,13,274.08,406.54,163.5,182.69,1,4,1.0
246,12,359.16,555.45,161.60999999999996,148.30999999999995,1,5,1.0
246,16,148.43,599.6,188.94,161.27999999999997,1,4,1.0
246,18,87.93,580.69,138.89,132.90999999999997,1,4,1.0
246,21,276.2,1050.59,83.94,109.68000000000006,1,4,1.0
246,11,213.3,103.7,156.06,159.56,1,5,0.0
246,14,665.89,1108.38,132.39999999999998,145.65999999999985,1,4,1.0
246,19,767.25,1124.79,122.49000000000001,141.49,1,4,1.0
246,17,749.88,738.44,100.44000000000005,98.80999999999995,1,4,0.0
246,20,996.53,450.0,77.90000000000009,146.22000000000003,1,4,0.0
246,15,187.68,275.33,164.46999999999997,158.40000000000003,1,5,0.0
247,7,38.68,1071.8,135.57,133.4000000000001,1,4,0.0
247,9,25.58,184.28,160.03000000000003,173.05999999999997,1,5,1.0
247,10,103.76,1040.12,196.13,178.37000000000012,1,5,1.0
247,13,273.22,409.18,162.25,180.69,1,4,1.0
247,12,356.7,555.45,161.60999999999996,148.30999999999995,1,5,1.0
247,16,141.96,596.15,188.93999999999997,161.26999999999998,1,4,1.0
247,18,87.93,580.93,137.10999999999999,132.67000000000007,1,4,1.0
247,21,274.89,1049.1,83.94,109.68000000000006,1,4,1.0
247,11,213.3,105.87,151.94,156.08999999999997,1,5,0.0
247,14,664.45,1107.9,132.39999999999998,144.68999999999983,1,4,1.0
247,19,764.93,1125.56,122.49000000000001,141.49,1,4,1.0
247,17,749.67,738.01,100.44000000000005,98.81000000000006,1,4,0.0
247,20,995.84,448.84,77.88999999999999,146.21999999999997,1,4,0.0
247,15,187.68,275.58,164.46999999999997,158.41000000000003,1,5,0.0
248,7,37.94,1070.8,135.56,133.4000000000001,1,4,0.0
248,9,25.58,185.53,160.03000000000003,173.05999999999997,1,5,1.0
248,10,103.76,1039.68,196.13,178.37999999999988,1,5,1.0
248,13,272.36,411.82,160.99,178.7,1,4,1.0
248,12,354.24,555.45,161.61,148.30999999999995,1,5,1.0
248,16,141.31,596.92,188.94,161.2800000000001,1,4,1.0
248,18,87.93,581.17,135.32999999999998,132.43000000000006,1,4,1.0
248,21,273.59,1047.61,83.93,109.68000000000006,1,4,1.0
248,11,213.3,108.03,147.82,152.61999999999998,1,5,0.0
248,14,662.59,1106.59,132.39,144.70000000000005,1,4,1.0
248,19,762.61,1126.33,122.49000000000001,141.5,1,4,1.0
248,17,749.45,737.58,100.43999999999994,98.80999999999995,1,4,0.0
248,20,995.14,447.68,77.89999999999998,146.21999999999997,1,4,0.0
248,15,187.68,275.83,164.46999999999997,158.41000000000003,1,5,0.0
249,7,37.19,1069.8,135.56,133.4000000000001,1,4,0.0
249,9,25.58,186.78,160.03000000000003,173.05999999999997,1,5,1.0
249,10,103.76,1039.25,196.13,178.3800000000001,1,5,1.0
249,13,271.49,414.46,159.74,176.70999999999998,1,4,1.0
249,12,351.78,555.45,161.61,148.30999999999995,1,5,1.0
249,16,140.66,597.7,188.94000000000003,161.27999999999997,1,4,1.0
249,18,87.93,581.42,133.54999999999998,132.18000000000006,1,4,1.0
249,21,272.28,1046.12,83.94000000000005,109.67000000000007,1,4,1.0
249,11,213.3,110.2,143.7,149.15000000000003,1,5,0.0
249,14,660.72,1105.29,132.39999999999998,144.69000000000005,1,4,1.0
249,19,761.83,1126.33,119.79999999999995,138.01999999999998,1,4,1.0
249,17,749.23,737.14,100.43999999999994,98.81000000000006,1,4,0.0
249,20,995.14,447.68,79.63999999999999,146.21999999999997,1,4,0.0
249,15,187.68,276.08,164.46999999999997,158.41000000000003,1,5,0.0
250,7,36.44,1068.8,135.56,133.4000000000001,1,4,0.0
250,9,25.58,188.03,160.03000000000003,173.05999999999997,1,5,1.0
250,10,105.78,1038.96,194.98,177.22000000000003,1,5,1.0
250,13,270.63,417.1,158.48000000000002,174.72000000000003,1,4,1.0
250,12,349.32,555.45,161.61,148.30999999999995,1,5,1.0
250,16,140.01,598.48,188.94,161.26999999999998,1,4,1.0
250,18,87.93,581.66,131.76999999999998,131.94000000000005,1,4,1.0
250,21,270.97,1044.62,83.94,109.68000000000006,1,4,1.0
250,11,213.5,113.09,143.69,149.15,1,5,0.0
250,14,658.86,1103.98,132.39,144.69000000000005,1,4,1.0
250,19,761.06,1126.33,117.10000000000002,134.55000000000018,1,4,1.0
250,17,749.02,736.71,100.44000000000005,98.80999999999995,1,4,0.0
250,20,995.14,447.68,81.38,146.21999999999997,1,4,0.0
250,15,187.68,276.33,164.46999999999997,158.41000000000003,1,5,0.0
251,7,35.69,1067.81,135.56,133.4000000000001,1,4,0.0
251,9,25.58,189.28,160.03000000000003,173.05999999999997,1,5,1.0
251,10,107.81,1038.67,193.82,176.06999999999994,1,5,1.0
251,13,269.77,419.73,157.23000000000002,172.73000000000002,1,4,1.0
251,12,346.86,555.45,161.61,148.30999999999995,1,5,1.0
251,16,139.37,599.25,188.94,161.27999999999997,1,4,1.0
251,18,87.93,581.91,129.98999999999998,131.69000000000005,1,4,1.0
251,21,269.67,1043.13,83.94,109.67999999999984,1,4,1.0
251,11,213.69,115.98,143.7,149.14999999999998,1,5,0.0
251,14,656.99,1102.67,132.39999999999998,144.69999999999982,1,4,1.0
251,19,760.28,1126.33,114.39999999999998,131.07000000000016,1,4,1.0
251,17,746.79,736.71,100.44000000000005,98.80999999999995,1,4,0.0
251,20,995.14,447.68,83.12,146.21999999999997,1,4,0.0
251,15,185.67,278.33,164.47,158.41000000000003,1,5,0.0
252,7,34.94,1066.81,135.57,133.4000000000001,1,4,0.0
252,9,26.7,191.15,160.03,173.05999999999997,1,5,1.0
252,10,109.83,1038.39,192.66000000000003,174.89999999999986,1,5,1.0
252,13,267.5,421.35,157.23000000000002,172.73000000000002,1,4,1.0
252,12,345.56,552.86,161.62,148.30999999999995,1,5,1.0
252,16,138.72,600.03,188.94000000000003,161.27999999999997,1,4,1.0
252,18,87.93,582.15,128.20999999999998,131.45000000000005,1,4,1.0
252,21,268.27,1042.15,83.94,109.67999999999984,1,4,1.0
252,11,213.88,118.87,143.7,149.14999999999998,1,5,0.0
252,14,655.13,1101.37,132.39,144.69000000000005,1,4,1.0
252,19,759.51,1126.33,111.70000000000005,127.60000000000014,1,4,1.0
252,17,744.56,736.71,100.44000000000005,98.80999999999995,1,4,0.0
252,20,995.14,447.68,84.86000000000001,146.21999999999997,1,4,0.0
252,15,183.67,280.34,164.47,158.41000000000003,1,5,0.0
253,7,36.44,1064.18,135.56,133.40999999999985,1,4,0.0
253,9,27.83,193.02,160.01999999999998,173.05999999999997,1,5,1.0
253,10,111.85,1038.1,191.51000000000002,173.75,1,5,1.0
253,13,265.23,422.97,157.22999999999996,172.73000000000002,1,4,1.0
253,12,344.27,550.27,161.61,148.31000000000006,1,5,1.0
253,16,138.07,600.81,188.94,161.2700000000001,1,4,1.0
253,18,87.93,582.39,126.43,131.21000000000004,1,4,1.0
253,21,266.87,1041.17,83.94,109.67999999999984,1,4,1.0
253,11,214.08,121.76,143.68999999999997,149.15000000000003,1,5,0.0
253,14,653.26,1100.06,132.39999999999998,144.70000000000005,1,4,1.0
253,19,758.74,1126.33,109.0,124.13000000000011,1,4,1.0
253,17,742.33,736.71,100.43999999999994,98.80999999999995,1,4,0.0
253,20,990.5,446.52,89.5,146.22000000000003,1,4,0.0
253,22,233.71,1108.61,93.81999999999996,90.93000000000006,1,5,0.0
253,15,181.66,276.33,164.47,158.41000000000003,1,5,0.0
254,7,37.94,1061.56,135.56,133.4000000000001,1,4,0.0
254,9,28.95,194.9,160.03,173.04999999999998,1,5,1.0
254,10,113.87,1037.81,190.36,172.59000000000015,1,5,1.0
254,13,262.97,424.59,157.22999999999996,172.73000000000008,1,4,1.0
254,12,342.97,547.68,161.61999999999995,148.31000000000006,1,5,1.0
254,16,137.42,601.59,188.94000000000003,161.26999999999998,1,4,1.0
254,18,87.93,582.64,124.65,130.96000000000004,1,4,1.0
254,21,265.47,1040.19,83.94,109.67999999999984,1,4,1.0
254,11,214.27,124.64,143.68999999999997,149.16000000000003,1,5,0.0
254,14,652.3,1099.74,130.6400000000001,143.57999999999993,1,4,1.0
254,19,757.96,1126.33,106.29999999999995,120.65000000000009,1,4,1.0
254,17,740.1,736.71,100.43999999999994,98.80999999999995,1,4,0.0
254,20,985.86,445.36,94.13999999999999,146.22000000000003,1,4,0.0
254,22,230.32,1104.75,93.82999999999998,90.92000000000007,1,5,0.0
254,15,179.66,272.32,164.47,158.41000000000003,1,5,0.0
255,7,39.43,1058.94,135.57,133.39999999999986,1,4,0.0
255,9,30.07,196.77,160.03,173.05999999999997,1,5,1.0
255,10,115.9,1037.52,189.20000000000002,171.44000000000005,1,5,1.0
255,13,260.7,426.21,157.23000000000002,172.73000000000008,1,4,1.0
255,12,341.68,545.09,161.61,148.30999999999995,1,5,1.0
255,16,136.78,602.36,188.94000000000003,161.27999999999997,1,4,1.0
255,18,87.93,582.88,122.87,130.72000000000003,1,4,1.0
255,21,264.07,1039.21,83.94,109.68000000000006,1,4,1.0
255,11,214.46,127.53,143.70000000000002,149.16,1,5,0.0
255,14,651.34,1099.42,128.87,142.46000000000004,1,4,1.0
255,19,755.64,1126.33,106.30000000000007,120.65000000000009,1,4,1.0
255,17,737.87,736.71,100.43999999999994,98.80999999999995,1,4,0.0
255,20,981.22,444.2,98.77999999999997,146.21999999999997,1,4,0.0
255,22,226.94,1100.88,93.82,90.91999999999985,1,5,0.0
255,15,182.16,273.82,164.48,158.41000000000003,1,5,0.0
256,7,40.93,1056.32,135.57,133.4000000000001,1,4,0.0
256,9,30.45,198.64,160.03,173.06,1,5,1.0
256,10,117.92,1037.24,188.03999999999996,170.27999999999997,1,5,1.0
256,13,260.38,426.21,157.23000000000002,172.73000000000008,1,4,1.0
256,12,337.79,550.92,161.62,148.31000000000006,1,5,1.0
256,16,136.13,603.14,188.94,161.27999999999997,1,4,1.0
256,18,87.93,583.12,121.09,130.48000000000002,1,4,1.0
256,21,262.67,1038.23,83.94,109.68000000000006,1,4,1.0
256,11,214.65,130.42,143.70000000000002,149.16,1,5,0.0
256,14,650.38,1099.1,127.11000000000001,141.34000000000015,1,4,1.0
256,19,753.32,1126.33,106.29999999999995,120.65000000000009,1,4,1.0
256,17,735.64,736.71,100.45000000000005,98.80999999999995,1,4,0.0
256,20,976.58,443.04,103.41999999999996,146.20999999999998,1,4,0.0
256,22,226.94,1099.91,93.82,90.91999999999985,1,5,0.0
256,15,184.67,275.33,164.47,158.40000000000003,1,5,0.0
257,7,42.43,1053.32,135.57,133.4000000000001,1,4,0.0
257,9,30.82,200.51,160.03,173.06,1,5,1.0
257,10,119.94,1036.95,186.89,169.1199999999999,1,5,1.0
257,13,260.05,426.21,157.22999999999996,172.73000000000008,1,4,1.0
257,12,333.91,556.74,161.60999999999996,148.31999999999994,1,5,1.0
257,16,135.48,603.92,188.94000000000003,161.2700000000001,1,4,1.0
257,18,87.93,583.37,119.31,130.23000000000002,1,4,1.0
257,21,261.27,1037.25,83.94,109.68000000000006,1,4,1.0
257,11,214.85,133.31,143.69000000000003,149.16000000000003,1,5,0.0
257,14,649.42,1098.77,125.35000000000002,140.23000000000002,1,4,1.0
257,19,751.0,1126.33,106.29999999999995,120.65000000000009,1,4,1.0
257,17,733.42,736.71,100.44000000000005,98.80999999999995,1,4,0.0
257,20,975.26,445.36,103.83999999999992,146.22000000000003,1,4,0.0
257,22,226.94,1098.94,93.82,90.92999999999984,1,5,0.0
257,15,187.18,276.83,164.46999999999997,158.41000000000003,1,5,0.0
258,7,43.93,1050.33,135.57,133.4000000000001,1,4,0.0
258,9,31.2,202.39,160.02,173.06,1,5,1.0
258,10,121.96,1036.66,185.74,167.97000000000003,1,5,1.0
258,13,259.73,426.21,157.22999999999996,172.73000000000008,1,4,1.0
258,12,330.02,560.63,161.62,148.31000000000006,1,5,1.0
258,16,137.64,608.23,180.73000000000002,155.66999999999996,1,4,1.0
258,18,87.93,583.61,117.53,129.99,1,4,1.0
258,21,259.88,1036.28,83.93,109.67000000000007,1,4,1.0
258,11,215.04,136.2,143.69000000000003,149.16000000000003,1,5,0.0
258,14,648.46,1098.45,123.58999999999992,139.1099999999999,1,4,1.0
258,19,748.68,1126.33,106.30000000000007,120.65000000000009,1,4,1.0
258,17,732.38,737.06,100.44000000000005,98.81000000000006,1,4,0.0
258,20,973.94,447.68,104.25999999999999,146.21999999999997,1,4,0.0
258,22,226.94,1097.97,93.82,90.93000000000006,1,5,0.0
258,15,189.68,278.33,164.48000000000002,158.41000000000003,1,5,0.0
259,7,41.68,1048.08,135.57,133.4000000000001,1,4,0.0
259,9,31.57,204.26,160.03,173.06,1,5,1.0
259,10,123.99,1036.37,184.57999999999998,166.81000000000017,1,5,1.0
259,13,259.41,426.21,157.22999999999996,172.73000000000008,1,4,0.0
259,12,326.14,564.51,161.61,148.32000000000005,1,5,1.0
259,16,139.8,612.54,172.51,150.06000000000006,1,4,1.0
259,18,87.93,583.86,115.75,129.74,1,4,1.0
259,21,258.48,1035.3,83.93,109.67000000000007,1,4,1.0
259,11,214.6,139.88,143.70000000000002,149.16000000000003,1,5,0.0
259,14,647.51,1098.13,121.82000000000005,137.98999999999978,1,4,1.0
259,19,747.13,1126.33,106.29999999999995,120.65000000000009,1,4,1.0
259,17,731.33,737.4,100.44999999999993,98.82000000000005,1,4,0.0
259,20,972.61,450.0,104.68999999999994,146.22000000000003,1,4,0.0
259,22,226.94,1097.01,93.82,90.92000000000007,1,5,0.0
259,15,189.68,279.34,164.48000000000002,158.41000000000003,1,5,0.0
260,7,39.43,1045.83,135.57,133.4000000000001,1,4,0.0
260,9,30.45,209.13,160.03,173.06,1,5,1.0
260,10,126.01,1036.09,183.42000000000002,165.6500000000001,1,5,1.0
260,13,249.69,431.39,157.24,172.73000000000002,1,4,0.0
260,12,325.49,564.51,161.62,148.32000000000005,1,5,1.0
260,16,141.96,616.85,164.29,144.45999999999992,1,4,1.0
260,18,87.93,584.1,113.97,129.5,1,4,1.0
260,21,257.22,1035.3,83.94,109.67000000000007,1,4,1.0
260,11,214.17,143.57,143.70000000000002,149.16000000000003,1,5,0.0
260,14,646.55,1097.81,120.05000000000007,136.8800000000001,1,4,1.0
260,19,745.59,1126.33,106.28999999999996,120.65000000000009,1,4,1.0
260,17,730.29,737.75,100.45000000000005,98.80999999999995,1,4,0.0
260,20,971.29,452.33,105.11000000000013,146.20999999999998,1,4,0.0
260,22,226.45,1094.1,93.82999999999998,90.93000000000006,1,5,0.0
260,15,189.68,280.34,164.48000000000002,158.41000000000003,1,5,0.0
261,7,37.94,1045.83,135.56,133.4000000000001,1,4,0.0
261,9,29.32,214.0,160.03,173.06,1,5,1.0
261,10,128.03,1035.8,182.27,164.49,1,5,1.0
261,13,239.98,436.57,157.23,172.72999999999996,1,4,0.0
261,12,324.84,564.51,161.62,148.32000000000005,1,5,1.0
261,16,139.69,619.76,164.3,144.46000000000004,1,4,1.0
261,18,78.22,588.63,113.97,129.5,1,4,1.0
261,21,255.96,1035.3,83.93999999999997,109.67000000000007,1,4,1.0
261,11,213.74,147.25,143.69,149.16000000000003,1,5,0.0
261,14,643.64,1098.7,120.05000000000007,136.87999999999988,1,4,1.0
261,19,744.04,1126.33,106.30000000000007,120.65000000000009,1,4,1.0
261,17,729.25,738.1,100.45000000000005,98.80999999999995,1,4,0.0
261,22,225.97,1091.2,93.83000000000001,90.93000000000006,1,5,0.0
261,15,188.01,283.02,164.47000000000003,158.40000000000003,1,5,0.0
262,7,36.44,1045.83,135.56,133.4000000000001,1,4,0.0
262,9,28.2,218.87,160.03,173.06,1,5,1.0
262,10,124.56,1037.19,182.26999999999998,164.49,1,5,1.0
262,13,239.34,439.81,157.23,172.71999999999997,1,4,0.0
262,12,324.84,565.81,161.62,148.31000000000006,1,5,1.0
262,16,137.42,622.67,164.30000000000004,144.46000000000004,1,4,1.0
262,18,68.5,593.16,113.97999999999999,129.51,1,4,1.0
262,21,254.7,1035.3,83.94,109.67000000000007,1,4,1.0
262,11,213.3,150.94,143.7,149.14999999999998,1,5,0.0
262,14,640.73,1099.6,120.04999999999995,136.8800000000001,1,4,1.0
262,19,740.94,1124.79,106.29999999999995,120.65000000000009,1,4,1.0
262,17,728.21,738.44,100.44999999999993,98.81999999999994,1,4,0.0
262,22,223.07,1092.65,93.82,90.92999999999984,1,5,0.0
262,15,186.34,285.69,164.47,158.41000000000003,1,5,0.0
263,7,34.94,1045.83,135.57,133.4000000000001,1,4,0.0
263,9,27.08,223.74,160.03000000000003,173.06,1,5,1.0
263,10,121.1,1038.57,182.27,164.5,1,5,1.0
263,13,238.69,443.04,157.23000000000002,172.72999999999996,1,4,0.0
263,12,324.84,567.1,161.62,148.31999999999994,1,5,1.0
263,16,135.16,625.59,164.29999999999998,144.45999999999992,1,4,1.0
263,18,67.86,594.46,113.97000000000001,129.5,1,4,1.0
263,21,253.44,1035.3,83.94,109.67000000000007,1,4,1.0
263,11,212.87,154.62,143.7,149.15999999999997,1,5,0.0
263,14,637.82,1100.49,120.05999999999995,136.87999999999988,1,4,1.0
263,19,737.85,1123.24,106.29999999999995,120.65000000000009,1,4,1.0
263,17,726.48,739.48,100.43999999999994,98.81999999999994,1,4,0.0
263,22,220.17,1094.11,93.82000000000002,90.92000000000007,1,5,0.0
263,15,184.67,288.36,164.47,158.40999999999997,1,5,0.0
264,7,33.44,1045.83,135.57,133.4000000000001,1,4,0.0
264,9,25.58,228.98,160.03000000000003,173.06000000000003,1,5,1.0
264,10,117.63,1039.96,182.26999999999998,164.49,1,5,1.0
264,13,230.92,455.34,157.23,172.73000000000008,1,4,0.0
264,12,320.96,572.93,161.61,148.31000000000006,1,5,1.0
264,16,132.89,628.5,164.3,144.46000000000004,1,4,1.0
264,18,67.21,595.75,113.97000000000001,129.51,1,4,1.0
264,21,252.18,1035.3,83.94,109.67000000000007,1,4,1.0
264,11,212.44,158.3,143.69,149.15999999999997,1,5,0.0
264,14,634.91,1101.39,120.06000000000006,136.87999999999988,1,4,1.0
264,19,734.76,1121.69,106.28999999999996,120.64999999999986,1,4,1.0
264,17,724.75,740.52,100.44000000000005,98.82000000000005,1,4,0.0
264,22,219.68,1093.14,93.82999999999998,90.91999999999985,1,5,0.0
264,15,183.0,291.04,164.47000000000003,158.40999999999997,1,5,0.0
265,7,32.54,1046.43,135.57000000000002,133.39999999999986,1,4,0.0
265,9,24.08,234.23,160.03000000000003,173.04999999999998,1,5,1.0
265,10,114.16,1041.35,182.27,164.49,1,5,1.0
265,13,223.15,467.65,157.23,172.72000000000003,1,4,0.0
265,12,317.07,578.76,161.62,148.31000000000006,1,5,0.0
265,16,134.19,631.74,164.29000000000002,144.46000000000004,1,4,1.0
265,18,64.62,602.88,113.97,129.5,1,4,1.0
265,21,250.92,1035.3,83.94000000000003,109.67000000000007,1,4,1.0
265,11,212.0,161.99,143.7,149.14999999999998,1,5,0.0
265,14,632.0,1102.29,120.05999999999995,136.87000000000012,1,4,1.0
265,19,730.89,1122.47,106.30000000000007,120.64999999999986,1,4,1.0
265,17,723.01,741.56,100.45000000000005,98.82000000000005,1,4,0.0
265,22,219.2,1092.17,93.82,90.92999999999984,1,5,0.0
265,15,181.33,293.71,164.47,158.41000000000003,1,5,0.0
266,7,31.64,1047.03,135.57,133.4000000000001,1,4,0.0
266,9,21.08,241.72,160.03000000000003,173.05999999999997,1,5,1.0
266,10,110.69,1042.73,182.28000000000003,164.5,1,5,1.0
266,13,221.86,471.53,157.22999999999996,172.73000000000002,1,4,0.0
266,12,313.84,584.58,161.61,148.31999999999994,1,5,0.0
266,16,135.48,634.97,164.29999999999998,144.47000000000003,1,4,1.0
266,18,62.03,610.0,113.97,129.5,1,4,1.0
266,21,249.66,1035.3,83.94000000000003,109.67000000000007,1,4,1.0
266,11,211.57,165.67,143.7,149.16,1,5,0.0
266,14,626.12,1103.68,120.05999999999995,136.87999999999988,1,4,1.0
266,19,727.02,1123.24,106.30000000000007,120.65000000000009,1,4,1.0
266,17,721.28,742.6,100.44000000000005,98.81999999999994,1,4,0.0
266,22,216.3,1092.17,93.82,90.92999999999984,1,5,0.0
266,15,179.66,296.39,164.47,158.41000000000003,1,5,0.0
267,7,30.74,1047.63,135.57,133.39999999999986,1,4,0.0
267,9,18.09,249.21,160.03,173.05999999999997,1,5,1.0
267,10,104.8,1044.47,182.26999999999998,164.49,1,5,1.0
267,13,220.56,475.42,157.23000000000002,172.71999999999997,1,4,0.0
267,12,310.6,590.41,161.60999999999996,148.32000000000005,1,5,0.0
267,16,129.65,641.45,164.29999999999998,144.45999999999992,1,4,1.0
267,18,60.09,617.12,113.97,129.5,1,4,1.0
267,21,248.4,1035.3,83.93999999999997,109.67000000000007,1,4,1.0
267,11,204.64,174.34,143.69,149.15,1,5,0.0
267,14,620.25,1105.08,120.04999999999995,136.8800000000001,1,4,1.0
267,19,723.15,1124.01,106.30000000000007,120.65000000000009,1,4,1.0
267,17,719.55,743.64,100.44000000000005,98.82000000000005,1,4,0.0
267,20,971.94,468.57,108.05999999999995,146.20999999999998,1,4,1.0
267,22,213.39,1092.17,93.83000000000004,90.92999999999984,1,5,0.0
267,15,179.66,303.41,164.47,158.40999999999997,1,5,0.0
268,7,29.85,1048.23,135.56,133.4000000000001,1,4,0.0
268,9,18.09,258.95,160.03,173.06,1,5,1.0
268,10,98.91,1046.2,182.27,164.49,1,5,1.0
268,13,210.2,481.89,157.23000000000002,172.73000000000002,1,4,0.0
268,12,311.89,595.59,161.62,148.31999999999994,1,5,0.0
268,16,123.83,647.92,164.3,144.47000000000003,1,4,1.0
268,18,58.14,624.24,113.98,129.5,1,4,1.0
268,21,245.79,1036.79,83.94000000000003,109.68000000000006,1,4,1.0
268,11,197.7,183.01,143.7,149.15000000000003,1,5,0.0
268,14,614.37,1106.48,120.05999999999995,136.87999999999988,1,4,1.0
268,19,705.75,1127.49,106.29999999999995,120.65000000000009,1,4,1.0
268,17,711.75,754.05,100.44000000000005,98.81000000000006,1,4,0.0
268,20,962.65,472.05,108.07000000000005,146.20999999999998,1,4,1.0
268,22,212.91,1092.17,93.83000000000001,90.92999999999984,1,5,0.0
268,15,179.66,310.43,164.47,158.40999999999997,1,5,0.0
269,7,28.95,1048.83,135.56,133.4000000000001,1,4,0.0
269,9,18.09,268.69,160.03,173.05,1,5,1.0
269,10,93.01,1047.93,182.26999999999998,164.5,1,5,1.0
269,13,199.84,488.37,157.23,172.72000000000003,1,4,0.0
269,12,313.19,600.77,161.61,148.31000000000006,1,5,0.0
269,16,121.88,653.1,164.3,144.47000000000003,1,4,1.0
269,18,55.55,627.48,113.98,129.5,1,4,1.0
269,21,243.18,1038.28,83.94,109.68000000000006,1,4,1.0
269,11,194.23,196.87,143.70000000000002,149.15999999999997,1,5,1.0
269,14,608.49,1107.88,120.05999999999995,136.87999999999988,1,4,1.0
269,19,688.34,1130.97,106.29999999999995,120.64999999999986,1,4,1.0
269,17,703.95,764.45,100.43999999999994,98.80999999999995,1,4,0.0
269,20,953.37,475.53,108.06000000000006,146.22000000000003,1,4,1.0
269,22,212.43,1092.17,93.82,90.92999999999984,1,5,0.0
269,15,178.65,314.44,164.47,158.41000000000003,1,5,0.0
270,7,25.2,1052.95,135.57000000000002,133.39999999999986,1,4,0.0
270,9,15.84,277.68,160.03,173.05,1,5,1.0
270,10,87.12,1049.67,182.26999999999998,164.49,1,5,1.0
270,13,199.2,503.33,150.49,167.47999999999996,1,4,0.0
270,12,303.48,607.89,161.60999999999996,148.32000000000005,1,5,0.0
270,16,119.94,658.28,164.3,144.46000000000004,1,4,1.0
270,18,52.96,630.72,113.97999999999999,129.5,1,4,1.0
270,21,240.57,1039.77,83.94,109.68000000000006,1,4,1.0
270,11,191.35,202.65,143.69000000000003,149.16,1,5,1.0
270,14,605.36,1109.67,120.05999999999995,136.87999999999988,1,4,1.0
270,19,687.18,1134.46,106.30000000000007,120.63999999999987,1,4,1.0
270,17,701.34,766.18,100.44999999999993,98.81000000000006,1,4,0.0
270,20,941.77,482.49,108.05999999999995,146.22000000000003,1,4,1.0
270,22,210.01,1095.56,93.82999999999998,90.92000000000007,1,5,0.0
270,15,177.65,318.45,164.47,158.41000000000003,1,5,0.0
271,7,21.46,1057.07,135.56,133.4000000000001,1,4,0.0
271,9,13.59,286.67,160.03,173.05,1,5,0.0
271,10,81.22,1051.4,182.28,164.49,1,5,1.0
271,13,198.55,518.3,143.75,162.22000000000003,1,4,0.0
271,12,293.76,615.02,161.62,148.31000000000006,1,5,0.0
271,16,112.17,668.64,164.3,144.46000000000004,1,4,1.0
271,18,47.14,635.25,113.97000000000001,129.5,1,4,1.0
271,21,240.57,1044.79,78.32999999999998,104.66000000000008,1,4,1.0
271,11,188.46,208.43,143.68999999999997,149.15999999999997,1,5,1.0
271,14,602.23,1111.46,120.05999999999995,136.87999999999988,1,4,1.0
271,19,686.02,1137.94,106.30000000000007,120.64999999999986,1,4,1.0
271,17,698.74,767.91,100.45000000000005,98.82000000000005,1,4,0.0
271,20,930.16,489.46,108.07000000000005,146.20999999999998,1,4,1.0
271,22,207.59,1098.94,93.83000000000001,90.92999999999984,1,5,0.0
271,15,175.64,327.48,164.48000000000002,158.39999999999998,1,5,0.0
272,7,17.71,1061.19,135.57,133.39999999999986,1,4,0.0
272,9,9.85,296.4,160.03,173.06,1,5,0.0
272,10,74.87,1057.18,182.26999999999998,164.49,1,5,1.0
272,13,195.96,533.55,130.98999999999998,154.74,1,4,0.0
272,12,282.76,626.67,161.61,148.31000000000006,1,5,0.0
272,16,104.4,679.0,164.29999999999998,144.46000000000004,1,4,1.0
272,18,41.31,639.78,113.97,129.5,1,4,1.0
272,21,240.57,1049.8,72.73000000000002,99.65000000000009,1,4,1.0
272,11,185.57,214.21,143.69,149.16,1,5,1.0
272,14,599.09,1113.25,120.05999999999995,136.8800000000001,1,4,1.0
272,19,684.86,1140.26,106.29999999999995,120.65000000000009,1,4,1.0
272,17,696.14,769.65,100.45000000000005,98.81000000000006,1,4,0.0
272,20,917.4,498.74,126.63999999999999,146.21000000000004,1,4,1.0
272,22,202.27,1099.91,93.83000000000001,90.91999999999985,1,5,0.0
272,15,173.64,336.5,164.47000000000003,158.41000000000003,1,5,0.0
273,7,13.96,1065.31,135.57,133.4000000000001,1,4,0.0
273,9,6.1,306.14,160.03,173.06,1,5,0.0
273,10,68.51,1062.96,182.26999999999998,164.49,1,5,1.0
273,13,193.37,548.8,118.23000000000002,147.26,1,4,0.0
273,12,271.75,638.32,161.62,148.31999999999994,1,5,0.0
273,16,103.11,684.83,164.3,144.45999999999992,1,4,1.0
273,18,30.95,655.32,113.96999999999998,129.5,1,4,1.0
273,21,236.84,1054.28,72.72999999999999,99.65000000000009,1,4,1.0
273,11,182.1,221.14,143.69000000000003,149.16000000000003,1,5,1.0
273,14,595.96,1115.04,120.05999999999995,136.8800000000001,1,4,1.0
273,19,683.7,1142.58,106.29999999999995,120.65000000000009,1,4,1.0
273,17,693.54,771.38,100.45000000000005,98.81000000000006,1,4,0.0
273,20,904.63,508.02,145.2199999999999,146.22000000000003,1,4,1.0
273,22,196.95,1100.88,93.82999999999998,90.91999999999985,1,5,0.0
273,15,164.61,348.54,164.46999999999997,158.40999999999997,1,5,0.0
274,7,14.71,1073.55,124.35,128.16000000000008,1,4,0.0
274,9,3.05,328.72,149.16,160.96999999999997,1,5,0.0
274,10,62.16,1068.74,182.27,164.49,1,5,1.0
274,13,176.53,554.4,137.73999999999998,148.77999999999997,1,4,0.0
274,12,265.28,640.91,161.61,148.32000000000005,1,5,0.0
274,16,101.81,690.66,164.3,144.46000000000004,1,4,1.0
274,18,20.59,670.86,113.97,129.5,1,4,1.0
274,21,233.11,1058.75,72.72999999999996,99.65000000000009,1,4,1.0
274,11,173.43,233.28,143.7,149.15,1,5,1.0
274,14,592.83,1116.83,120.04999999999995,136.8800000000001,1,4,1.0
274,19,674.42,1146.06,106.30000000000007,120.65000000000009,1,4,1.0
274,17,688.34,773.69,100.44999999999993,98.80999999999995,1,4,0.0
274,20,897.67,508.02,145.22000000000014,146.22000000000003,1,4,0.0
274,23,35.16,0.0,100.65,69.31,1,4,0.0
274,22,196.95,1114.41,86.59000000000003,82.70999999999981,1,5,0.0
274,15,155.59,360.57,164.47,158.41000000000003,1,5,0.0
275,7,15.46,1081.8,113.13,122.90000000000009,1,4,0.0
275,9,0.0,351.3,138.3,148.88,1,5,0.0
275,10,55.8,1074.51,182.26999999999998,164.5,1,5,1.0
275,13,159.7,560.0,157.23000000000002,150.29999999999995,1,4,0.0
275,12,258.8,643.5,161.62,148.32000000000005,1,5,0.0
275,16,91.45,693.25,164.3,144.46000000000004,1,4,1.0
275,18,10.23,686.4,113.97,129.5,1,4,1.0
275,21,229.38,1063.23,72.73000000000002,99.65000000000009,1,4,1.0
275,11,168.81,250.04,143.69,149.15,1,5,1.0
275,14,588.07,1120.19,120.05999999999995,136.87999999999988,1,4,1.0
275,19,665.13,1149.54,106.29999999999995,120.65000000000009,1,4,1.0
275,17,683.14,776.0,100.44000000000005,98.82000000000005,1,4,0.0
275,20,890.71,508.02,145.22000000000003,146.22000000000003,1,4,0.0
275,23,17.18,10.78,100.65,69.31,1,4,0.0
275,22,196.95,1127.94,79.35000000000002,74.5,1,5,0.0
275,15,155.59,369.6,164.47,158.40999999999997,1,5,0.0
276,7,10.22,1084.05,113.13,122.90000000000009,1,4,0.0
276,9,0.0,364.7,122.25,144.47000000000003,1,5,0.0
276,10,49.44,1080.29,182.27,164.5,1,5,1.0
276,13,153.87,575.85,157.23000000000002,143.51,1,4,0.0
276,12,248.44,651.92,161.62,148.31000000000006,1,5,0.0
276,16,84.33,699.72,164.3,144.45999999999992,1,4,1.0
276,18,9.58,689.64,113.98,129.5,1,4,1.0
276,21,224.34,1069.38,72.72999999999999,99.65999999999985,1,4,1.0
276,11,164.19,266.79,143.69,149.15999999999997,1,5,1.0
276,14,583.31,1123.55,120.06000000000006,136.8800000000001,1,4,1.0
276,19,660.49,1155.34,106.29999999999995,120.65000000000009,1,4,1.0
276,17,677.94,778.32,100.43999999999994,98.80999999999995,1,4,0.0
276,20,882.59,511.5,145.2199999999999,146.22000000000003,1,4,0.0
276,23,8.59,25.16,102.08,78.28,1,4,0.0
276,22,195.02,1128.42,79.35,74.5,1,5,0.0
276,15,155.59,378.62,164.47,158.40999999999997,1,5,0.0
277,7,4.97,1086.29,113.13,122.91000000000008,1,4,0.0
277,9,0.0,378.1,106.21,140.05999999999995,1,5,0.0
277,10,43.09,1086.07,182.27,164.49,1,5,1.0
277,13,148.05,591.7,157.22999999999996,136.7299999999999,1,4,0.0
277,12,238.08,660.34,161.61999999999998,148.30999999999995,1,5,0.0
277,16,77.21,706.2,164.3,144.45999999999992,1,4,1.0
277,18,8.94,692.87,113.97,129.5,1,4,1.0
277,21,219.31,1075.54,72.73000000000002,99.65000000000009,1,4,1.0
277,11,159.56,283.55,143.7,149.15999999999997,1,5,0.0
277,14,578.56,1126.91,120.05000000000007,136.8699999999999,1,4,1.0
277,19,655.85,1161.14,106.29999999999995,120.64999999999986,1,4,1.0
277,17,671.88,785.25,100.44000000000005,98.80999999999995,1,4,0.0
277,20,874.46,514.98,145.2199999999999,146.22000000000003,1,4,0.0
277,23,0.0,39.54,103.5,87.25999999999999,1,4,0.0
277,22,193.08,1128.91,79.35,74.5,1,5,0.0
277,15,151.58,391.66,164.47,158.41000000000003,1,5,0.0
278,7,2.49,1092.29,112.62,122.90000000000009,1,4,0.0
278,9,0.0,397.6,94.2,128.04999999999995,1,5,0.0
278,10,46.55,1091.96,177.43,159.63999999999987,1,5,1.0
278,13,140.28,600.25,157.23,140.48000000000002,1,4,0.0
278,12,235.49,686.26,150.63,136.63,1,5,0.0
278,16,68.79,716.55,164.3,144.47000000000003,1,4,1.0
278,18,4.47,706.47,112.61,129.5,1,4,1.0
278,21,210.35,1079.46,72.72999999999999,99.64999999999986,1,4,1.0
278,11,156.1,289.62,143.69000000000003,149.14999999999998,1,5,0.0
278,14,573.8,1130.27,120.06000000000006,136.87000000000012,1,4,1.0
278,19,651.21,1166.96,97.01999999999998,113.67000000000007,1,4,1.0
278,17,665.81,792.18,100.44000000000005,98.82000000000005,1,4,0.0
278,20,861.7,528.91,145.2199999999999,146.21000000000004,1,4,0.0
278,23,0.0,41.34,107.1,105.21000000000001,1,4,0.0
278,22,189.7,1131.81,79.35000000000002,74.5,1,5,0.0
278,15,147.56,404.7,164.48000000000002,158.41000000000003,1,5,0.0
279,7,0.0,1098.28,112.11,122.90000000000009,1,4,0.0
279,9,0.0,417.1,82.2,116.03999999999996,1,5,0.0
279,10,50.02,1097.84,172.57999999999998,154.80000000000018,1,5,1.0
279,13,132.51,608.8,157.23000000000002,144.23000000000002,1,4,0.0
279,12,232.9,712.17,139.64000000000001,124.97000000000003,1,5,0.0
279,16,60.38,726.91,164.29,144.47000000000003,1,4,1.0
279,18,0.0,720.07,111.26,129.5,1,4,1.0
279,21,201.4,1083.37,72.72999999999999,99.66000000000008,1,4,1.0
279,11,152.63,295.69,143.7,149.14999999999998,1,5,0.0
279,14,552.54,1144.81,120.05000000000007,136.8800000000001,1,4,1.0
279,19,646.57,1172.78,87.75,106.69000000000005,1,4,1.0
279,20,848.94,542.83,145.2199999999999,146.2199999999999,1,4,0.0
279,23,0.0,43.14,110.7,123.16000000000001,1,4,0.0
279,22,186.31,1134.71,79.35000000000002,74.5,1,5,0.0
279,15,138.54,417.74,164.47,158.39999999999998,1,5,0.0
280,7,0.0,1098.28,106.12,122.90000000000009,1,4,0.0
280,9,10.49,419.35,82.2,116.02999999999997,1,5,0.0
280,10,53.49,1103.73,167.73,149.95000000000005,1,5,1.0
280,13,127.97,608.1,144.27,155.93999999999994,1,4,0.0
280,12,218.66,720.59,139.64000000000001,124.96999999999991,1,5,0.0
280,16,53.25,744.4,164.3,144.46000000000004,1,4,1.0
280,18,0.0,734.96,105.43,129.5,1,4,1.0
280,21,201.4,1091.79,68.80999999999997,91.24000000000001,1,4,1.0
280,11,147.43,311.29,143.69,149.14999999999998,1,5,0.0
280,14,552.54,1145.93,120.05000000000007,136.87999999999988,1,4,1.0
280,19,645.41,1175.1,87.75,106.69000000000005,1,4,1.0
280,20,844.29,555.6,145.23000000000002,146.20999999999992,1,4,0.0
280,23,0.0,61.11,96.32,123.16000000000001,1,4,0.0
280,22,180.99,1141.0,79.34999999999997,74.5,1,5,0.0
280,15,129.51,430.77,164.47000000000003,158.40999999999997,1,5,0.0
281,7,0.0,1100.53,102.37,122.90000000000009,1,4,0.0
281,9,20.98,421.59,82.2,116.04000000000002,1,5,0.0
281,10,56.96,1109.61,162.89,145.11000000000013,1,5,1.0
281,13,123.44,637.32,131.3,137.7299999999999,1,4,0.0
281,12,204.42,729.01,139.64000000000001,124.96000000000004,1,5,0.0
281,16,46.13,761.88,164.3,144.46000000000004,1,4,1.0
281,18,0.0,749.85,99.6,129.5,1,4,1.0
281,21,201.4,1100.2,64.9,82.82999999999993,1,4,0.0
281,11,142.23,326.89,143.69000000000003,149.16000000000003,1,5,0.0
281,14,543.58,1151.53,120.05999999999995,136.8800000000001,1,4,1.0
281,20,839.65,568.36,145.22000000000003,146.21000000000004,1,4,0.0
281,23,0.0,79.08,81.94,123.17,1,4,0.0
281,22,175.67,1147.29,79.35000000000002,74.5,1,5,0.0
281,15,129.51,430.77,164.47000000000003,158.40999999999997,1,5,0.0
282,7,0.0,1102.77,98.63,122.91000000000008,1,4,0.0
282,9,12.74,423.84,92.68,129.52000000000004,1,5,0.0
282,10,60.42,1115.5,158.05,140.26,1,5,1.0
282,13,122.79,652.16,120.83,133.25,1,4,0.0
282,12,196.65,738.72,139.64000000000001,124.95999999999992,1,5,0.0
282,16,40.95,771.59,156.51999999999998,137.32999999999993,1,4,1.0
282,18,0.0,766.67,89.9,112.68000000000006,1,4,1.0
282,21,195.8,1109.15,64.89999999999998,82.82999999999993,1,4,0.0
282,11,135.29,338.16,143.70000000000002,149.14999999999998,1,5,0.0
282,14,539.11,1159.36,118.36000000000001,134.6400000000001,1,4,1.0
282,20,848.93,572.96,133.6500000000001,136.9699999999999,1,4,1.0
282,23,0.0,109.64,78.35,123.16000000000001,1,4,0.0
282,22,170.83,1153.57,79.35,74.5,1,5,0.0
283,7,0.0,1111.01,87.39,122.91000000000008,1,4,0.0
283,9,4.5,426.09,103.17,143.01000000000005,1,5,0.0
283,10,56.09,1120.7,158.04999999999998,140.26999999999998,1,5,1.0
283,13,122.15,667.0,110.35,128.76999999999998,1,4,0.0
283,12,188.88,748.43,139.64,124.97000000000003,1,5,0.0
283,16,35.77,781.3,148.73,130.21000000000004,1,4,1.0
283,18,0.0,783.5,80.2,95.85000000000002,1,4,1.0
283,21,190.21,1118.11,64.9,82.82000000000016,1,4,0.0
283,11,128.36,349.42,143.7,149.15999999999997,1,5,0.0
283,14,534.63,1167.2,116.66999999999996,132.39999999999986,1,4,0.0
283,20,843.13,576.44,133.64999999999998,136.9699999999999,1,4,1.0
283,23,0.0,140.19,74.75,123.17000000000002,1,4,0.0
283,22,166.0,1159.86,79.35,74.5,1,5,0.0
284,7,0.0,1119.25,76.15,122.91000000000008,1,4,0.0
284,9,5.24,436.58,103.18,143.00000000000006,1,5,0.0
284,10,51.75,1125.9,158.05,140.26999999999998,1,5,1.0
284,13,116.32,676.6,111.08000000000001,129.51999999999998,1,4,0.0
284,12,182.4,757.5,139.64000000000001,124.96000000000004,1,5,0.0
284,16,33.18,789.07,148.73,130.19999999999993,1,4,1.0
284,18,0.0,804.22,75.02,95.85000000000002,1,4,1.0
284,21,187.97,1121.46,64.9,82.82999999999993,1,4,0.0
284,11,126.63,372.81,135.01,130.96999999999997,1,5,0.0
284,14,530.62,1169.21,116.66999999999996,132.38999999999987,1,4,0.0
284,17,645.01,830.37,91.72000000000003,84.89999999999998,1,4,0.0
284,20,837.33,579.92,133.64999999999998,136.97000000000003,1,4,1.0
284,23,0.0,149.18,63.97,123.15999999999997,1,4,0.0
284,24,808.01,0.0,140.19000000000005,90.87,1,4,0.0
284,25,707.36,0.0,107.84000000000003,80.09,1,4,0.0
284,22,162.61,1165.18,79.35,74.5,1,5,0.0
285,7,0.0,1131.23,70.18,116.92000000000007,1,4,0.0
285,9,5.99,447.06,103.18,143.01000000000005,1,5,0.0
285,10,45.69,1128.5,158.04,140.26999999999998,1,5,1.0
285,13,110.49,686.2,111.81000000000002,130.27999999999997,1,4,0.0
285,12,175.93,766.56,139.64,124.97000000000003,1,5,0.0
285,16,30.59,796.84,148.73,130.19999999999993,1,4,1.0
285,18,0.0,824.94,69.84,95.84999999999991,1,4,1.0
285,21,185.73,1124.82,64.9,82.83000000000015,1,4,0.0
285,11,124.89,396.2,126.33999999999999,112.78000000000003,1,5,0.0
285,20,830.37,596.17,133.64999999999998,136.97000000000003,1,4,1.0
285,23,0.0,158.17,53.19,123.16,1,4,0.0
285,24,793.63,17.97,140.19000000000005,90.88,1,4,0.0
285,25,689.38,21.57,107.84000000000003,80.09,1,4,0.0
285,22,159.23,1170.5,79.35000000000002,74.5,1,5,0.0
286,7,0.0,1143.2,64.2,110.94000000000005,1,4,0.0
286,9,3.0,456.05,103.17,143.00999999999993,1,5,0.0
286,10,39.62,1131.1,158.04999999999998,140.26999999999998,1,5,1.0
286,13,107.26,695.8,109.54,126.50999999999999,1,4,0.0
286,12,170.75,775.63,139.64,124.96000000000004,1,5,0.0
286,16,28.0,815.62,148.73,130.20000000000005,1,4,1.0
286,18,0.0,831.41,64.66,95.85000000000002,1,4,1.0
286,21,182.37,1129.86,64.9,82.82000000000016,1,4,0.0
286,11,120.56,410.94,126.34,112.78000000000003,1,5,0.0
286,20,823.41,612.41,133.64,136.97000000000003,1,4,1.0
286,23,0.0,176.14,46.0,123.16000000000003,1,4,0.0
286,24,788.21,21.57,138.41999999999996,92.65,1,4,0.0
286,25,682.19,26.96,115.01999999999998,90.87,1,4,0.0
287,7,0.0,1152.19,56.71,110.94000000000005,1,4,0.0
287,9,1.5,471.04,101.68,142.99999999999994,1,5,0.0
287,10,32.69,1138.04,158.04,140.26,1,5,1.0
287,13,104.02,721.9,108.78000000000002,106.24000000000001,1,4,0.0
287,12,165.57,784.69,139.64,124.95999999999992,1,5,0.0
287,16,25.41,834.39,148.73,130.21000000000004,1,4,1.0
287,18,0.0,837.89,59.48,95.85000000000002,1,4,1.0
287,11,116.23,425.67,126.33999999999999,112.78000000000003,1,5,0.0
287,20,817.6,617.05,133.64999999999998,136.97000000000003,1,4,1.0
287,23,0.0,194.11,38.81,123.16999999999996,1,4,0.0
287,24,782.8,25.16,136.6400000000001,94.44,1,4,0.0
287,25,675.01,32.35,122.19000000000005,101.65,1,4,0.0
288,7,0.0,1158.18,54.46,110.95000000000005,1,4,0.0
288,9,0.0,486.02,100.18,143.01,1,5,0.0
288,10,25.75,1144.97,158.05,140.26,1,5,1.0
288,13,104.67,736.2,100.58,101.0,1,4,0.0
288,12,160.39,793.75,139.64,124.97000000000003,1,5,0.0
288,16,28.0,840.87,134.5,123.08000000000004,1,4,1.0
288,18,0.0,852.78,54.95,95.85000000000002,1,4,1.0
288,11,107.56,441.27,126.34,112.77999999999997,1,5,0.0
288,20,811.8,621.69,133.6500000000001,136.9799999999999,1,4,0.0
288,23,0.0,208.51,38.81,108.76999999999998,1,4,0.0
288,24,764.85,41.34,140.19999999999993,101.63999999999999,1,4,0.0
288,25,667.82,43.14,122.18999999999994,101.64,1,4,0.0
289,7,0.0,1164.18,52.21,110.93999999999983,1,4,0.0
289,9,0.75,500.25,94.19,143.01,1,5,0.0
289,10,18.82,1155.37,158.04000000000002,140.2700000000002,1,5,1.0
289,13,105.31,750.5,92.38999999999999,95.76999999999998,1,4,0.0
289,12,155.21,802.82,139.64000000000001,124.95999999999992,1,5,0.0
289,16,30.59,847.35,120.25999999999999,115.94999999999993,1,4,1.0
289,18,0.0,867.67,50.42,95.85000000000002,1,4,1.0
289,11,98.89,456.87,126.33999999999999,112.78999999999996,1,5,0.0
289,20,804.84,637.94,133.64999999999998,136.9699999999999,1,4,1.0
289,24,746.9,57.53,143.75,108.83000000000001,1,4,0.0
289,25,660.63,53.92,122.19000000000005,101.64999999999999,1,4,0.0
290,7,0.0,1170.17,47.72,110.93999999999983,1,4,0.0
290,9,1.5,514.49,88.19,143.0,1,5,0.0
290,10,15.35,1160.57,158.05,140.26999999999998,1,5,1.0
290,13,91.72,761.45,98.38,101.0,1,4,0.0
290,12,151.32,818.36,139.64,124.96000000000004,1,5,0.0
290,16,24.12,860.3,120.25999999999999,115.95000000000005,1,4,1.0
290,18,0.0,879.32,48.47,95.84999999999991,1,4,1.0
290,11,95.42,474.21,126.33999999999999,112.78000000000003,1,5,0.0
290,17,620.74,896.24,91.72000000000003,84.89999999999998,1,4,0.0
290,20,799.04,643.74,133.6500000000001,136.97000000000003,1,4,1.0
290,24,737.91,70.11,143.75,108.83,1,4,0.0
290,25,653.44,64.7,122.18999999999994,101.64999999999999,1,4,0.0
291,7,0.0,1176.16,43.22,110.94999999999982,1,4,0.0
291,9,1.5,522.73,88.19,143.0,1,5,0.0
291,10,11.88,1165.77,158.05,140.26999999999998,1,5,1.0
291,13,78.12,772.4,104.38,106.24000000000001,1,4,0.0
291,12,147.44,833.9,139.64,124.96000000000004,1,5,0.0
291,16,17.64,873.25,120.27,115.95000000000005,1,4,1.0
291,18,0.0,890.98,46.53,95.85000000000002,1,4,1.0
291,11,91.96,491.54,126.34000000000002,112.79000000000002,1,5,0.0
291,17,611.2,904.91,91.7299999999999,84.89999999999998,1,4,0.0
291,20,793.24,649.54,133.64,136.97000000000003,1,4,0.0
291,24,728.93,82.69,143.74,108.83000000000001,1,4,0.0
291,25,646.25,75.49,122.19000000000005,101.64999999999999,1,4,0.0
292,7,0.0,1183.65,36.48,110.94999999999982,1,4,0.0
292,9,1.5,530.97,88.19,143.0,1,5,0.0
292,10,10.15,1169.24,158.04999999999998,140.26,1,5,1.0
292,13,67.76,784.35,103.58999999999999,104.0,1,4,0.0
292,12,139.02,849.44,139.64000000000001,124.95999999999992,1,5,0.0
292,16,18.94,881.02,115.08000000000001,115.95000000000005,1,4,1.0
292,18,0.0,890.98,46.53,95.85000000000002,1,4,0.0
292,11,91.96,491.54,126.34000000000002,112.79000000000002,1,5,0.0
292,17,601.67,913.58,91.72000000000003,84.89999999999998,1,4,0.0
292,20,787.44,658.82,133.64,136.9799999999999,1,4,0.0
292,24,716.35,97.07,143.74,108.83000000000001,1,4,0.0
292,25,631.87,91.66,122.18999999999994,101.65,1,4,0.0
293,7,0.0,1191.14,29.74,110.94999999999982,1,4,0.0
293,9,0.0,556.44,80.7,143.0,1,5,0.0
293,10,8.42,1172.71,158.04000000000002,140.26,1,5,1.0
293,13,57.4,796.3,102.79999999999998,101.75999999999999,1,4,0.0
293,12,130.6,864.98,139.65,124.96000000000004,1,5,0.0
293,16,20.23,888.79,109.90999999999998,115.95000000000005,1,4,1.0
293,18,0.0,909.1,31.0,77.73000000000002,1,4,0.0
293,21,154.39,1178.5,66.01000000000002,82.86999999999989,1,4,0.0
293,19,593.19,1230.8,87.75,106.69000000000005,1,4,0.0
293,20,781.63,668.11,133.64999999999998,136.97000000000003,1,4,0.0
293,24,703.76,111.45,143.75,108.83,1,4,0.0
293,25,617.49,107.84,122.20000000000005,101.65,1,4,0.0
293,22,135.04,1208.22,79.35,74.5,1,5,0.0
294,7,0.0,1198.64,24.49,110.93999999999983,1,4,0.0
294,9,0.0,574.43,70.2,128.0100000000001,1,5,0.0
294,10,0.0,1179.64,157.79,140.26999999999998,1,5,1.0
294,13,45.79,810.8,105.81,95.0,1,4,0.0
294,12,126.74,873.2,139.64,124.95999999999992,1,5,0.0
294,16,14.4,896.56,109.91,115.95000000000005,1,4,1.0
294,18,0.0,923.34,29.71,77.73000000000002,1,4,0.0
294,21,148.24,1182.97,66.0,82.87999999999988,1,4,0.0
294,19,588.55,1240.08,87.75,106.69000000000005,1,4,0.0
294,20,771.19,679.71,133.64999999999998,136.9699999999999,1,4,0.0
294,24,701.97,124.02,134.77999999999997,107.05,1,4,0.0
294,25,617.49,122.22,122.20000000000005,101.65,1,4,0.0
295,7,0.0,1206.13,19.25,110.93999999999983,1,4,0.0
295,9,0.0,592.42,59.71,113.0200000000001,1,5,0.0
295,10,0.0,1186.57,154.33,140.26999999999998,1,5,1.0
295,13,34.19,825.3,108.81,88.24000000000001,1,4,0.0
295,12,122.87,881.42,139.64,124.96000000000004,1,5,0.0
295,16,8.58,904.33,109.9,115.94999999999993,1,4,1.0
295,21,142.08,1187.45,66.0,82.86999999999989,1,4,0.0
295,19,583.91,1249.36,87.75,106.70000000000005,1,4,0.0
295,20,760.75,691.31,133.64,136.98000000000002,1,4,0.0
295,24,700.17,136.6,125.82000000000005,105.25,1,4,0.0
295,25,617.49,136.6,122.20000000000005,101.65,1,4,0.0
295,22,126.34,1226.6,79.35,74.5,1,5,0.0
296,7,0.0,1218.11,15.51,110.95000000000005,1,4,0.0
296,9,0.0,599.16,54.46,113.01999999999998,1,5,0.0
296,10,0.0,1193.51,150.86,140.26,1,5,1.0
296,13,29.35,818.0,118.55000000000001,112.95000000000005,1,4,0.0
296,12,112.71,893.03,139.64,124.96000000000004,1,5,0.0
296,16,4.29,919.22,107.72,115.95000000000005,1,4,1.0
296,21,144.32,1202.58,63.21000000000001,71.10000000000014,1,4,0.0
296,19,579.27,1259.81,87.75,106.69000000000005,1,4,0.0
296,17,579.13,939.58,91.73000000000002,84.89999999999998,1,4,0.0
296,20,749.14,705.24,133.64999999999998,136.97000000000003,1,4,0.0
296,24,689.39,150.98,125.82000000000005,105.25000000000003,1,4,0.0
296,25,610.3,152.77,122.20000000000005,101.64999999999998,1,4,0.0
296,22,119.08,1233.37,79.35000000000001,74.5,1,5,0.0
297,9,0.0,605.9,49.22,113.01999999999998,1,5,0.0
297,10,0.0,1236.8,135.3,117.77999999999997,1,5,1.0
297,13,24.51,840.6,105.79,107.75999999999999,1,4,0.0
297,12,102.55,904.63,139.64,124.96999999999991,1,5,1.0
297,16,0.0,934.11,105.53,115.94999999999993,1,4,1.0
297,21,146.56,1217.72,60.41999999999999,59.319999999999936,1,4,0.0
297,17,580.0,952.56,83.92999999999995,78.85000000000014,1,4,0.0
297,20,737.54,719.16,133.6500000000001,136.98000000000002,1,4,0.0
297,24,678.6,165.36,125.82999999999993,105.25,1,4,0.0
297,25,603.11,168.95,122.19999999999993,101.65000000000003,1,4,0.0
297,22,111.83,1240.14,79.35000000000001,74.5,1,5,0.0
297,26,673.72,0.0,113.72000000000003,71.26,1,4,0.0
298,9,0.0,611.15,47.72,113.01999999999998,1,5,0.0
298,10,0.0,1245.47,128.37,117.76999999999998,1,5,1.0
298,13,18.23,847.8,108.07,109.2700000000001,1,4,0.0
298,12,97.23,916.24,139.64,124.97000000000003,1,5,1.0
298,16,0.0,949.65,100.35,115.94999999999993,1,4,1.0
298,21,138.73,1222.19,58.72,59.32999999999993,1,4,0.0
298,17,580.87,965.53,76.13,72.81999999999994,1,4,0.0
298,20,725.94,733.09,133.64,136.9699999999999,1,4,0.0
298,24,671.41,185.13,125.83000000000004,105.25,1,4,0.0
298,25,590.53,183.33,122.19000000000005,101.65,1,4,0.0
298,22,108.93,1247.88,79.35,74.5,1,5,0.0
298,26,667.92,3.48,119.5,80.55,1,4,0.0
298,27,149.02,650.75,79.45999999999998,100.72000000000003,1,5,0.0
299,10,0.0,1254.14,121.43,117.76999999999998,1,5,1.0
299,13,11.94,873.0,96.86,92.76999999999998,1,4,0.0
299,12,91.91,927.85,139.64000000000001,124.95999999999992,1,5,0.0
299,16,0.0,965.19,95.17,115.95000000000005,1,4,1.0
299,21,130.89,1226.67,57.04000000000002,59.319999999999936,1,4,0.0
299,17,570.46,979.4,76.13999999999999,72.82000000000005,1,4,0.0
299,20,714.33,747.01,133.64999999999998,136.97000000000003,1,4,1.0
299,24,664.22,204.9,125.82999999999993,105.24999999999997,1,4,0.0
299,25,577.95,197.71,122.18999999999994,101.64000000000001,1,4,0.0
299,28,1022.92,1031.06,57.08000000000004,119.62000000000012,1,6,0.0
299,22,106.03,1255.62,79.35,74.5,1,5,0.0
299,26,662.12,6.96,125.27999999999997,89.84,1,4,1.0
299,27,140.07,664.18,79.46000000000001,100.72000000000003,1,5,0.0
300,10,0.0,1261.94,113.63,117.76999999999998,1,5,1.0
300,13,7.1,871.6,108.10000000000001,107.72000000000003,1,4,0.0
300,12,85.63,940.42,139.64000000000001,124.97000000000014,1,5,0.0
300,16,0.0,972.96,86.11,115.95000000000005,1,4,1.0
300,21,123.06,1236.19,59.27000000000001,61.549999999999955,1,4,0.0
300,17,568.73,984.6,76.13999999999999,72.82000000000005,1,4,0.0
300,20,707.37,755.13,133.64999999999998,136.98000000000002,1,4,1.0
300,24,649.85,224.67,125.81999999999994,105.25000000000003,1,4,0.0
300,25,565.37,213.88,122.18999999999994,101.64999999999998,1,4,0.0
300,28,1028.12,1044.07,51.88000000000011,119.61000000000013,1,6,0.0
300,22,102.16,1264.33,79.35,74.5,1,5,0.0
300,26,647.03,20.89,125.29000000000008,89.83,1,4,1.0
300,27,136.15,674.81,79.46000000000001,100.73000000000002,1,5,0.0
301,10,0.0,1269.74,105.83,117.76999999999998,1,5,1.0
301,13,2.27,894.1,105.83,98.75999999999999,1,4,0.0
301,12,79.34,953.0,139.64,124.96000000000004,1,5,0.0
301,16,0.0,980.73,77.04,115.95000000000005,1,4,0.0
301,21,115.22,1245.7,61.50999999999999,63.799999999999955,1,4,0.0
301,14,462.94,1260.8,116.67000000000002,132.4000000000001,1,4,0.0
301,20,700.41,763.26,133.64,136.97000000000003,1,4,1.0
301,24,635.47,244.44,125.81999999999994,105.25,1,4,0.0
301,25,552.79,230.06,122.19000000000005,101.64999999999998,1,4,0.0
301,28,1033.32,1057.07,46.680000000000064,119.61000000000013,1,6,0.0
301,22,98.29,1273.03,79.34999999999998,74.5,1,5,0.0
301,26,631.95,34.81,125.27999999999997,89.84,1,4,1.0
301,27,132.23,685.44,79.46000000000001,100.7299999999999,1,5,0.0
301,29,591.69,0.0,83.88,75.34,1,4,1.0
302,10,0.0,1279.27,98.03,117.77999999999997,1,5,1.0
302,13,1.13,881.33,114.67,118.24000000000001,1,4,0.0
302,12,75.61,960.46,139.64,124.96000000000004,1,5,0.0
302,16,0.0,994.32,71.22,115.94999999999993,1,4,0.0
302,21,111.31,1253.54,61.5,63.789999999999964,1,4,0.0
302,14,448.95,1277.03,116.67000000000002,132.4000000000001,1,4,0.0
302,20,695.77,772.54,133.64,136.97000000000003,1,4,1.0
302,24,630.07,253.43,125.82999999999993,105.24000000000001,1,4,0.0
302,25,552.8,248.03,113.19000000000005,98.05999999999997,1,4,0.0
302,28,1025.49,1068.34,54.50999999999999,119.61000000000013,1,6,0.0
302,22,93.93,1280.29,79.35,74.5,1,5,0.0
302,26,622.67,51.06,125.28000000000009,89.82999999999998,1,4,1.0
302,27,126.64,693.84,79.46,100.71999999999991,1,5,0.0
302,29,582.5,8.71,83.88,75.33000000000001,1,4,1.0
303,10,0.0,1288.81,90.23,117.76999999999998,1,5,0.0
303,13,0.0,868.56,123.5,137.73000000000002,1,4,0.0
303,12,71.88,967.92,139.64000000000001,124.96000000000015,1,5,0.0
303,16,0.0,1007.92,65.39,115.94999999999993,1,4,0.0
303,21,107.39,1261.37,61.510000000000005,63.79000000000019,1,4,0.0
303,14,434.96,1293.26,116.67000000000002,132.4000000000001,1,4,0.0
303,20,691.12,781.82,133.64999999999998,136.9799999999999,1,4,1.0
303,24,624.68,262.41,125.83000000000004,105.25,1,4,0.0
303,25,552.82,266.0,104.18999999999994,94.45999999999998,1,4,0.0
303,28,1017.67,1079.6,62.33000000000004,119.62000000000012,1,6,0.0
303,22,89.58,1287.54,79.35000000000001,74.5,1,5,0.0
303,26,613.38,67.3,125.27999999999997,89.83999999999999,1,4,0.0
303,27,121.04,702.23,79.46,100.73000000000002,1,5,0.0
303,29,573.31,17.41,83.88000000000011,75.34,1,4,0.0
304,10,0.0,1298.34,84.16,117.77999999999997,1,5,0.0
304,13,0.0,885.35,116.22,137.73000000000002,1,4,0.0
304,12,68.15,975.38,139.64,124.95999999999992,1,5,0.0
304,16,0.0,1029.29,60.21,115.95000000000005,1,4,0.0
304,21,104.03,1261.37,61.50999999999999,63.79000000000019,1,4,0.0
304,14,420.41,1303.89,116.67000000000002,132.39999999999986,1,4,0.0
304,20,685.32,793.43,133.64999999999998,136.97000000000003,1,4,1.0
304,24,617.49,289.37,125.83000000000004,105.25,1,4,0.0
304,25,543.83,282.18,104.18999999999994,94.45999999999998,1,4,0.0
304,28,1010.73,1079.6,69.26999999999998,139.56000000000017,1,6,0.0
304,22,88.61,1289.96,79.35000000000001,74.5,1,5,0.0
304,26,605.26,84.71,125.27999999999997,89.83,1,4,0.0
304,27,110.91,719.74,87.87,102.39999999999998,1,5,0.0
304,30,91.84,616.06,105.74000000000001,109.21000000000004,1,6,0.0
304,29,572.34,40.63,83.88999999999999,75.32999999999998,1,4,0.0
305,10,0.0,1307.88,78.09,117.76999999999998,1,5,0.0
305,13,0.0,902.14,108.95,137.7199999999999,1,4,0.0
305,12,64.79,994.41,139.64,124.95999999999992,1,5,0.0
305,16,0.0,1050.65,55.03,115.94999999999982,1,4,0.0
305,21,100.67,1261.37,61.510000000000005,63.79000000000019,1,4,0.0
305,14,405.87,1314.52,116.66999999999996,132.4000000000001,1,4,0.0
305,20,679.52,805.03,133.64999999999998,136.97000000000003,1,4,1.0
305,24,610.3,316.33,125.83000000000004,105.25,1,4,0.0
305,25,534.85,298.35,104.17999999999995,94.46999999999997,1,4,0.0
305,28,1003.8,1079.6,76.20000000000005,159.5,1,6,0.0
305,22,87.65,1292.38,79.35,74.5,1,5,0.0
305,26,597.14,102.11,125.27999999999997,89.83999999999999,1,4,0.0
305,27,100.79,737.25,96.27,104.08000000000004,1,5,0.0
305,30,84.9,636.86,105.75,109.21000000000004,1,6,0.0
305,29,571.38,63.84,83.88,75.34,1,4,0.0
306,10,0.0,1314.72,77.39,110.84999999999991,1,5,0.0
306,13,0.0,915.57,107.83,137.7199999999999,1,4,0.0
306,12,61.43,1000.0,139.64,124.97000000000003,1,5,0.0
306,16,0.0,1058.42,49.85,115.94999999999982,1,4,0.0
306,21,97.31,1270.88,61.50999999999999,63.799999999999955,1,4,0.0
306,20,669.08,823.6,133.64,136.97000000000003,1,4,1.0
306,24,601.32,328.91,125.81999999999994,105.25,1,4,0.0
306,25,527.66,307.34,104.19000000000005,94.46000000000004,1,4,0.0
306,28,993.4,1084.8,83.14999999999998,159.5,1,6,0.0
306,22,85.23,1299.15,79.35000000000001,74.5,1,5,0.0
306,26,592.5,119.52,125.27999999999997,89.83,1,4,0.0
306,27,93.05,744.98,96.27,104.07999999999993,1,5,0.0
306,30,75.37,655.93,105.74000000000001,109.21000000000004,1,6,0.0
306,29,564.6,77.38,83.88999999999999,75.34,1,4,0.0
307,10,0.0,1321.56,76.69,103.92000000000007,1,5,0.0
307,13,0.0,929.0,106.71,137.72000000000003,1,4,0.0
307,12,58.07,1005.6,139.64000000000001,124.95999999999992,1,5,0.0
307,16,0.0,1066.19,44.67,115.95000000000005,1,4,0.0
307,21,93.96,1280.4,61.510000000000005,63.789999999999964,1,4,0.0
307,20,658.63,842.16,133.64999999999998,136.97000000000003,1,4,1.0
307,24,592.33,341.5,125.81999999999994,105.24000000000001,1,4,0.0
307,25,520.47,316.33,104.18999999999994,94.46000000000004,1,4,0.0
307,28,983.0,1090.0,90.09999999999991,159.5,1,6,1.0
307,31,1043.18,1101.43,36.819999999999936,118.3599999999999,1,5,0.0
307,26,587.86,136.92,125.27999999999997,89.84,1,4,0.0
307,27,85.31,752.72,96.27000000000001,104.07999999999993,1,5,0.0
307,30,65.83,675.0,105.75000000000001,109.21000000000004,1,6,0.0
307,29,557.83,90.92,83.88999999999999,75.33999999999999,1,4,0.0
308,10,2.01,1317.14,90.39999999999999,103.91999999999985,1,5,0.0
308,13,0.0,945.23,102.79,137.72000000000003,1,4,0.0
308,12,51.92,1017.35,139.64,124.95999999999992,1,5,0.0
308,16,0.0,1071.37,42.73,115.95000000000005,1,4,0.0
308,21,91.72,1292.71,61.50999999999999,63.789999999999964,1,4,0.0
308,20,655.15,849.12,133.64999999999998,136.98000000000002,1,4,1.0
308,24,594.13,355.89,118.63999999999999,94.44999999999999,1,4,0.0
308,25,520.47,328.91,104.18999999999994,94.45999999999998,1,4,0.0
308,28,979.53,1099.55,95.31999999999994,156.01999999999998,1,6,1.0
308,31,1038.54,1108.39,41.460000000000036,118.3599999999999,1,5,0.0
308,26,584.37,149.7,113.70000000000005,88.66000000000003,1,4,0.0
308,27,88.21,762.4,96.27,104.08000000000004,1,5,0.0
308,30,62.37,681.93,105.74000000000001,109.21000000000004,1,6,0.0
308,29,547.68,112.2,83.88,75.33999999999999,1,4,0.0
308,32,72.18,0.0,208.49,103.81,1,4,0.0
309,10,2.01,1326.76,94.1,103.92000000000007,1,5,0.0
309,13,0.0,961.45,98.87,137.73000000000002,1,4,0.0
309,12,45.76,1029.1,139.64000000000001,124.97000000000003,1,5,0.0
309,16,0.0,1076.55,40.79,115.95000000000005,1,4,0.0
309,21,89.48,1305.02,61.510000000000005,63.789999999999964,1,4,0.0
309,17,516.73,1066.08,76.13,72.81000000000017,1,4,0.0
309,20,651.67,856.08,133.6500000000001,136.9799999999999,1,4,1.0
309,24,595.92,370.29,111.47000000000003,83.63999999999999,1,4,0.0
309,25,520.47,341.49,104.18999999999994,94.45999999999998,1,4,0.0
309,28,976.06,1109.1,100.53999999999996,152.5400000000002,1,6,1.0
309,31,1033.89,1115.35,46.1099999999999,118.36000000000013,1,5,0.0
309,22,80.88,1315.59,79.35,74.5,1,5,0.0
309,26,580.89,162.48,102.11000000000001,87.49000000000001,1,4,0.0
309,27,91.11,772.07,96.27999999999999,104.07999999999993,1,5,0.0
309,30,58.9,688.87,105.75,109.21000000000004,1,6,0.0
309,29,537.52,133.48,83.88,75.34,1,4,1.0
309,32,48.11,0.0,208.49,131.89,1,4,0.0
310,10,3.01,1335.89,86.3,103.90999999999985,1,5,0.0
310,13,0.0,969.29,96.64,137.72000000000003,1,4,0.0
310,12,44.08,1038.61,139.64,124.97000000000003,1,5,0.0
310,16,0.0,1076.55,40.79,115.95000000000005,1,4,0.0
310,21,89.48,1308.38,61.510000000000005,63.789999999999964,1,4,0.0
310,17,515.86,1071.28,76.13,72.80999999999995,1,4,0.0
310,20,651.67,866.54,126.69000000000005,126.51999999999998,1,4,1.0
310,24,586.94,390.06,111.46999999999991,83.63999999999999,1,4,0.0
310,25,516.88,359.46,104.17999999999995,94.47000000000003,1,4,0.0
310,28,965.66,1121.23,100.54000000000008,152.53999999999996,1,6,1.0
310,31,1029.25,1122.32,50.75,118.35000000000014,1,5,0.0
310,22,80.04,1317.06,79.34999999999998,74.5,1,5,0.0
310,26,579.73,177.56,102.11000000000001,87.49000000000001,1,4,0.0
310,27,88.69,782.22,96.28,104.08999999999992,1,5,0.0
310,30,52.83,695.8,105.75000000000001,109.21000000000004,1,6,0.0
310,29,532.68,150.9,83.8900000000001,75.32999999999998,1,4,1.0
310,32,44.1,0.0,214.50000000000003,160.0,1,4,0.0
310,33,62.12,0.0,188.54,52.29,1,4,0.0
311,10,4.01,1345.01,78.5,103.92000000000007,1,5,0.0
311,12,42.4,1048.13,139.65,124.95999999999981,1,5,0.0
311,21,89.48,1311.73,61.510000000000005,63.799999999999955,1,4,0.0
311,14,384.6,1348.1,108.79999999999995,123.44000000000005,1,4,0.0
311,17,514.99,1076.48,76.13999999999999,72.80999999999995,1,4,0.0
311,20,651.67,877.0,119.73000000000002,116.05999999999995,1,4,1.0
311,24,577.95,409.83,111.46999999999991,83.64000000000004,1,4,0.0
311,25,513.28,377.43,104.19000000000005,94.46999999999997,1,4,0.0
311,28,955.26,1133.37,100.53999999999996,152.5400000000002,1,6,1.0
311,31,1024.6,1129.28,55.40000000000009,118.36000000000013,1,5,0.0
311,22,79.21,1318.52,79.34000000000002,74.5,1,5,0.0
311,26,578.57,192.65,102.1099999999999,87.48999999999998,1,4,0.0
311,27,86.28,792.38,96.27000000000001,104.08000000000004,1,5,0.0
311,30,46.76,702.73,105.75,109.22000000000003,1,6,0.0
311,29,527.85,168.31,83.88,75.34,1,4,1.0
311,32,40.09,0.0,220.51000000000002,188.1,1,4,0.0
311,33,44.06,0.0,174.49,96.38,1,4,0.0
312,12,34.57,1062.12,139.64000000000001,124.96000000000004,1,5,0.0
312,21,89.48,1311.74,66.55999999999999,68.25999999999999,1,4,0.0
312,17,511.52,1079.95,76.13999999999999,72.80999999999995,1,4,0.0
312,20,647.03,889.76,119.73000000000002,116.06000000000006,1,4,1.0
312,24,570.76,422.41,111.47000000000003,83.64999999999998,1,4,0.0
312,25,511.48,388.22,104.18999999999994,94.45999999999998,1,4,0.0
312,28,950.06,1135.1,101.3900000000001,152.5400000000002,1,6,1.0
312,31,1028.08,1145.52,51.92000000000007,118.36000000000013,1,5,0.0
312,22,78.37,1319.98,79.35,74.5,1,5,0.0
312,26,578.57,210.05,102.1099999999999,87.49000000000001,1,4,0.0
312,27,85.79,803.5,96.27999999999999,104.08000000000004,1,5,0.0
312,30,44.16,714.0,105.75,109.21000000000004,1,6,0.0
312,29,525.43,180.9,77.1400000000001,72.9,1,4,1.0
312,32,36.08,22.06,220.51,188.1,1,4,0.0
312,33,25.01,0.0,186.51000000000002,118.44,1,4,0.0
313,12,26.74,1076.11,139.64,124.96000000000004,1,5,0.0
313,21,89.48,1311.75,71.61999999999999,72.73000000000002,1,4,1.0
313,14,382.36,1350.34,108.80000000000001,123.44000000000005,1,4,0.0
313,17,508.06,1083.41,76.13000000000005,72.81999999999994,1,4,0.0
313,20,642.39,902.53,119.73000000000002,116.06000000000006,1,4,1.0
313,24,563.57,434.99,111.46999999999991,83.64999999999998,1,4,0.0
313,25,509.69,399.0,104.18,94.47000000000003,1,4,0.0
313,28,944.86,1136.84,102.2399999999999,152.52999999999997,1,6,1.0
313,31,1031.56,1161.77,48.440000000000055,118.36000000000013,1,5,0.0
313,22,77.53,1321.44,79.35,74.5,1,5,0.0
313,26,578.57,227.46,102.1099999999999,87.48999999999998,1,4,0.0
313,27,85.31,814.63,96.27000000000001,104.08000000000004,1,5,0.0
313,30,41.56,725.27,105.75,109.21000000000004,1,6,0.0
313,29,523.01,193.5,70.38999999999999,70.45999999999998,1,4,1.0
313,32,32.07,44.13,220.51000000000002,188.1,1,4,0.0
313,33,5.96,0.0,198.54,140.5,1,4,1.0
314,12,23.94,1083.38,139.64000000000001,124.95999999999981,1,5,0.0
314,21,86.68,1313.43,71.62,72.73000000000002,1,4,1.0
314,17,503.72,1091.22,76.13999999999999,72.80999999999995,1,4,0.0
314,20,640.07,909.49,119.7299999999999,116.05999999999995,1,4,1.0
314,24,550.99,458.36,111.47000000000003,83.63999999999999,1,4,0.0
314,25,498.9,411.58,104.19000000000005,94.47000000000003,1,4,0.0
314,28,941.39,1146.37,102.24000000000012,152.5400000000002,1,6,1.0
314,31,1014.14,1166.41,65.86000000000001,118.3599999999999,1,5,0.0
314,22,75.44,1327.3,79.35,74.5,1,5,0.0
314,26,572.77,240.22,102.11000000000001,87.48999999999998,1,4,0.0
314,27,85.31,818.5,96.27000000000001,104.08000000000004,1,5,0.0
314,30,43.3,733.07,105.74,109.20999999999992,1,6,0.0
314,29,523.01,202.69,70.38999999999999,70.45999999999998,1,4,1.0
314,32,28.05,57.16,220.51,188.1,1,4,0.0
314,33,3.95,15.04,198.54000000000002,140.5,1,4,1.0
315,12,21.14,1090.66,139.64,124.95999999999981,1,5,0.0
315,21,83.88,1315.11,71.62,72.73000000000002,1,4,1.0
315,14,374.53,1355.93,108.80000000000001,123.45000000000005,1,4,0.0
315,17,499.39,1099.02,76.13,72.80999999999995,1,4,0.0
315,20,637.75,916.45,119.73000000000002,116.05999999999995,1,4,1.0
315,24,538.41,481.72,111.47000000000003,83.64999999999998,1,4,0.0
315,25,488.12,424.17,104.17999999999995,94.45999999999998,1,4,0.0
315,28,937.93,1155.9,102.24000000000012,152.53999999999996,1,6,1.0
315,31,996.72,1171.05,83.27999999999997,118.36000000000013,1,5,0.0
315,22,73.35,1333.15,79.35,74.5,1,5,0.0
315,26,566.97,252.99,102.11000000000001,87.49000000000001,1,4,0.0
315,27,85.31,822.37,96.27000000000001,104.08000000000004,1,5,0.0
315,30,45.03,740.87,105.75,109.21000000000004,1,6,0.0
315,29,523.01,211.88,70.38999999999999,70.45999999999998,1,4,0.0
315,32,24.04,70.2,220.51000000000002,188.10000000000002,1,4,0.0
315,33,1.94,30.09,198.55,140.5,1,4,1.0
316,12,19.46,1102.97,139.64,124.96000000000004,1,5,0.0
316,21,83.88,1324.62,71.62,72.73000000000002,1,4,1.0
316,17,496.79,1105.08,76.12999999999994,72.82000000000016,1,4,0.0
316,20,634.27,921.09,119.72000000000003,116.06000000000006,1,4,1.0
316,24,536.61,481.72,111.47000000000003,83.64999999999998,1,4,0.0
316,25,488.12,429.56,104.17999999999995,94.45999999999998,1,4,0.0
316,28,936.19,1167.17,102.24000000000001,152.53999999999996,1,6,1.0
316,31,997.88,1178.01,82.12,118.3599999999999,1,5,0.0
316,22,72.52,1341.93,79.35000000000001,74.5,1,5,0.0
316,26,562.33,265.75,102.11000000000001,87.49000000000001,1,4,0.0
316,27,87.24,827.69,96.28000000000002,104.07999999999993,1,5,0.0
316,30,45.03,753.01,105.75,109.21000000000004,1,6,0.0
316,29,522.04,220.58,70.38999999999999,70.46000000000001,1,4,0.0
316,32,24.04,92.27,220.51000000000002,188.10000000000002,1,4,0.0
316,33,0.97,53.15,193.5,140.5,1,4,1.0
317,10,10.03,1341.0,84.47,103.92000000000007,1,5,0.0
317,12,17.78,1115.28,139.64,124.96000000000004,1,5,0.0
317,21,83.88,1334.14,71.62,72.7199999999998,1,4,1.0
317,14,372.29,1371.6,108.79999999999995,123.45000000000005,1,4,0.0
317,17,494.19,1111.15,76.13000000000005,72.80999999999995,1,4,0.0
317,20,630.79,925.73,119.72000000000003,116.05999999999995,1,4,1.0
317,24,534.82,481.72,111.46999999999991,83.64999999999998,1,4,0.0
317,25,488.12,434.95,104.17999999999995,94.46999999999997,1,4,0.0
317,28,934.46,1178.44,102.24000000000001,152.53999999999996,1,6,1.0
317,31,999.04,1184.98,80.96000000000004,118.34999999999991,1,5,0.0
317,22,71.68,1350.7,79.35,74.5,1,5,0.0
317,26,557.69,278.52,102.1099999999999,87.48000000000002,1,4,0.0
317,27,89.18,833.01,96.26999999999998,104.08000000000004,1,5,0.0
317,29,521.08,229.29,70.38999999999999,70.46000000000001,1,4,0.0
317,32,24.04,114.33,220.51000000000002,188.10000000000002,1,4,0.0
317,33,0.0,76.22,188.45,140.5,1,4,1.0
318,10,4.01,1349.02,84.47,103.92000000000007,1,5,0.0
318,12,15.54,1120.31,139.64000000000001,124.97000000000003,1,5,0.0
318,21,86.12,1337.49,71.62,72.73000000000002,1,4,1.0
318,17,491.59,1120.69,76.13000000000005,72.80999999999995,1,4,0.0
318,20,628.46,930.38,119.73000000000002,116.05000000000007,1,4,1.0
318,24,538.41,494.3,111.47000000000003,83.65000000000003,1,4,0.0
318,25,484.52,442.14,104.19000000000005,94.46000000000004,1,4,0.0
318,28,930.12,1182.77,102.24999999999989,152.53999999999996,1,6,1.0
318,31,1001.36,1200.06,78.63999999999999,118.36000000000013,1,5,0.0
318,22,70.01,1351.96,79.35000000000001,74.5,1,5,0.0
318,26,556.53,285.48,102.11000000000001,87.49000000000001,1,4,0.0
318,27,89.18,838.81,96.26999999999998,104.08000000000004,1,5,0.0
318,29,518.17,235.58,70.38999999999999,70.46000000000001,1,4,0.0
318,32,16.02,135.39,220.51,188.10000000000002,1,4,0.0
318,33,0.0,95.29,180.43,146.5,1,4,1.0
319,10,2.0,1361.06,84.48,103.91000000000008,1,5,0.0
319,12,13.3,1125.35,139.64999999999998,124.96000000000004,1,5,0.0
319,21,88.36,1340.85,71.61999999999999,72.73000000000002,1,4,1.0
319,14,371.17,1379.44,108.80000000000001,123.44000000000005,1,4,0.0
319,17,488.99,1130.22,76.13,72.80999999999995,1,4,1.0
319,20,626.14,935.02,119.73000000000002,116.04999999999995,1,4,1.0
319,24,542.01,506.89,111.47000000000003,83.63999999999999,1,4,0.0
319,25,480.93,449.33,104.19,94.45999999999998,1,4,0.0
319,28,925.79,1187.11,102.24000000000001,152.5300000000002,1,6,1.0
319,31,1003.68,1215.15,76.32000000000005,118.34999999999991,1,5,0.0
319,22,68.34,1353.21,79.35,74.5,1,5,0.0
319,26,555.37,292.44,102.11000000000001,87.49000000000001,1,4,0.0
319,27,94.01,847.51,96.27999999999999,104.09000000000003,1,5,0.0
319,29,515.27,241.86,70.38999999999999,70.45999999999998,1,4,0.0
319,32,8.0,156.45,220.51,188.10000000000002,1,4,0.0
319,33,0.0,114.36,172.41,152.5,1,4,1.0
320,10,1.0,1364.06,84.47,103.92000000000007,1,5,0.0
320,12,11.07,1133.18,139.64000000000001,124.97000000000003,1,5,0.0
320,21,85.56,1345.33,71.62,72.73000000000002,1,4,1.0
320,14,370.61,1381.68,108.80000000000001,123.43999999999983,1,4,0.0
320,17,486.39,1135.42,76.13,72.80999999999995,1,4,1.0
320,20,621.5,941.98,119.73000000000002,116.05999999999995,1,4,1.0
320,24,531.22,519.44,116.87,87.26999999999998,1,4,0.0
320,25,477.33,474.49,104.19,94.47000000000003,1,4,0.0
320,28,925.79,1187.11,102.24000000000001,152.5300000000002,1,6,1.0
320,31,999.04,1220.95,76.31999999999994,118.34999999999991,1,5,0.0
320,22,66.67,1355.72,79.35000000000001,74.5,1,5,0.0
320,26,549.56,302.88,102.11000000000001,87.49000000000001,1,4,0.0
320,27,93.53,853.8,96.27000000000001,104.08000000000004,1,5,0.0
320,29,511.4,245.25,70.38999999999999,70.45999999999998,1,4,0.0
320,32,10.02,191.55,190.39999999999998,174.06,1,4,0.0
320,33,0.0,135.42,168.4,152.50000000000003,1,4,1.0
321,10,0.0,1367.07,84.47,103.92000000000007,1,5,0.0
321,12,8.83,1141.02,139.64,124.96000000000004,1,5,0.0
321,21,82.77,1349.8,71.61999999999999,72.73000000000002,1,4,1.0
321,14,370.05,1383.91,108.80000000000001,123.44999999999982,1,4,0.0
321,17,483.79,1140.62,76.12999999999994,72.82000000000016,1,4,1.0
321,20,616.86,948.94,119.73000000000002,116.05999999999995,1,4,1.0
321,24,520.44,532.0,122.25999999999999,90.88,1,4,0.0
321,25,473.74,499.65,104.18999999999994,94.47000000000003,1,4,0.0
321,28,910.19,1197.51,102.2399999999999,136.8900000000001,1,6,0.0
321,31,994.4,1226.75,76.32000000000005,118.3599999999999,1,5,0.0
321,22,64.99,1358.23,79.35000000000001,74.5,1,5,0.0
321,26,543.76,313.33,102.11000000000001,87.48000000000002,1,4,0.0
321,27,93.05,860.09,96.27,104.07999999999993,1,5,0.0
321,29,507.53,248.64,70.38999999999999,70.44999999999999,1,4,0.0
321,32,12.03,226.65,160.3,160.02,1,4,0.0
321,33,0.0,156.48,164.38,152.50000000000003,1,4,1.0
322,10,0.0,1373.09,82.47,103.92000000000007,1,5,0.0
322,12,6.03,1143.26,139.64,124.96000000000004,1,5,0.0
322,21,81.65,1345.33,71.62,72.73000000000002,1,4,1.0
322,14,368.37,1385.03,108.80000000000001,123.45000000000005,1,4,0.0
322,17,482.05,1144.96,76.14000000000004,72.80999999999995,1,4,1.0
322,20,612.22,960.54,119.73000000000002,116.05999999999995,1,4,1.0
322,24,516.84,539.19,122.26999999999998,90.88,1,4,0.0
322,25,468.35,510.44,104.17999999999995,94.45999999999998,1,4,0.0
322,28,899.79,1202.71,102.24000000000001,136.88999999999987,1,6,0.0
322,31,980.48,1226.75,90.23000000000002,127.65000000000009,1,5,0.0
322,22,63.74,1364.08,79.35,74.5,1,5,0.0
322,26,541.44,316.81,102.1099999999999,87.49000000000001,1,4,0.0
322,27,90.15,865.41,96.26999999999998,104.08000000000004,1,5,0.0
322,29,493.99,282.01,70.38999999999999,70.44999999999999,1,4,0.0
322,32,9.03,242.69,160.3,160.03000000000003,1,4,0.0
322,33,0.0,178.55,151.34,144.46999999999997,1,4,1.0
323,10,0.0,1379.11,80.46,103.92000000000007,1,5,0.0
323,12,3.23,1145.49,139.64000000000001,124.97000000000003,1,5,0.0
323,21,78.29,1351.48,71.61999999999999,72.73000000000002,1,4,1.0
323,14,366.7,1386.15,108.79000000000002,123.44999999999982,1,4,0.0
323,17,480.32,1149.29,76.14000000000004,72.80999999999995,1,4,1.0
323,20,607.58,972.15,119.7299999999999,116.06000000000006,1,4,0.0
323,24,513.25,546.38,122.25999999999999,90.88,1,4,0.0
323,25,462.96,521.22,104.18,94.47000000000003,1,4,0.0
323,28,889.39,1207.91,102.24000000000001,136.88999999999987,1,6,0.0
323,31,966.55,1226.75,104.15000000000009,136.95000000000005,1,5,0.0
323,22,62.48,1369.93,79.35000000000002,74.5,1,5,0.0
323,26,539.12,320.29,102.11000000000001,87.48999999999995,1,4,0.0
323,27,87.24,870.73,96.28000000000002,104.07999999999993,1,5,0.0
323,29,480.45,315.38,70.39000000000004,70.45999999999998,1,4,0.0
323,32,6.02,258.74,160.29999999999998,160.01999999999998,1,4,0.0
323,33,0.0,200.62,138.3,136.44,1,4,1.0
324,10,0.0,1382.12,78.45,103.92000000000007,1,5,0.0
324,12,2.67,1148.29,139.64000000000001,124.97000000000003,1,5,0.0
324,21,74.93,1357.64,71.62,72.72999999999979,1,4,1.0
324,14,364.46,1393.99,108.80000000000001,123.44000000000005,1,4,0.0
324,17,473.39,1156.22,76.13,72.81999999999994,1,4,1.0
324,20,605.26,981.43,119.73000000000002,116.06000000000006,1,4,0.0
324,24,511.45,548.18,122.26000000000005,90.88,1,4,0.0
324,25,460.26,528.41,104.19000000000005,94.47000000000003,1,4,0.0
324,28,885.05,1211.38,102.24000000000001,136.88999999999987,1,6,0.0
324,31,960.75,1233.71,104.15000000000009,136.95000000000005,1,5,0.0
324,22,62.9,1372.02,79.35,74.5,1,5,0.0
324,26,539.12,326.09,102.11000000000001,87.49000000000001,1,4,0.0
324,27,85.57,872.69,96.27000000000001,104.07999999999993,1,5,0.0
324,29,476.1,323.6,70.38999999999999,70.45999999999998,1,4,0.0
324,32,3.01,273.78,156.29000000000002,160.02000000000004,1,4,0.0
324,33,0.0,221.68,131.28,136.44,1,4,1.0
325,10,0.0,1385.12,76.45,103.92000000000007,1,5,0.0
325,12,2.11,1151.09,139.64,124.96000000000004,1,5,0.0
325,21,73.81,1359.32,71.62,72.72000000000003,1,4,1.0
325,14,363.9,1399.58,103.77000000000004,113.93000000000006,1,4,0.0
325,17,466.45,1163.16,76.14000000000004,72.80999999999995,1,4,1.0
325,20,602.94,990.71,119.71999999999991,116.05999999999995,1,4,0.0
325,24,509.65,549.97,122.26999999999998,90.88999999999999,1,4,0.0
325,25,457.56,535.6,104.19,94.47000000000003,1,4,0.0
325,28,880.72,1214.84,102.24000000000001,136.8900000000001,1,6,0.0
325,31,954.95,1240.67,104.14999999999986,136.94999999999982,1,5,0.0
325,22,63.32,1374.11,79.35,74.5,1,5,0.0
325,27,83.89,874.65,96.27,104.08000000000004,1,5,0.0
325,29,471.75,331.82,70.38,70.45999999999998,1,4,0.0
325,32,0.0,288.82,152.28,160.03000000000003,1,4,0.0
325,33,0.0,242.74,124.26,136.44,1,4,1.0
326,10,0.0,1393.15,74.44,103.91999999999985,1,5,0.0
326,12,1.06,1160.04,137.34,124.97000000000003,1,5,0.0
326,21,72.69,1361.0,71.62,72.72000000000003,1,4,1.0
326,14,363.34,1405.17,98.74000000000001,104.42999999999984,1,4,0.0
326,17,463.85,1166.63,76.13999999999999,72.80999999999995,1,4,1.0
326,20,600.62,1002.32,119.72000000000003,116.06000000000006,1,4,0.0
326,24,507.86,553.57,122.25999999999999,90.88,1,4,0.0
326,25,454.87,542.79,104.17999999999995,94.46000000000004,1,4,0.0
326,28,878.99,1220.91,102.24000000000001,136.88999999999987,1,6,0.0
326,31,949.15,1248.8,104.13999999999999,136.95000000000005,1,5,0.0
326,22,62.07,1377.04,79.35,74.5,1,5,0.0
326,27,82.21,876.6,96.27,104.09000000000003,1,5,0.0
326,29,468.39,340.59,70.38999999999999,70.46000000000004,1,4,0.0
326,32,0.0,307.88,144.25,160.01999999999998,1,4,0.0
326,33,0.0,254.78,121.25,136.44000000000003,1,4,1.0
327,10,0.0,1401.17,72.44,103.91999999999985,1,5,0.0
327,12,0.0,1169.0,135.04,124.96000000000004,1,5,0.0
327,21,71.57,1364.91,71.62,72.73000000000002,1,4,1.0
327,14,359.42,1409.64,98.74000000000001,104.42999999999984,1,4,0.0
327,19,451.63,1439.64,85.45000000000005,97.43999999999983,1,4,0.0
327,17,461.25,1170.09,76.13999999999999,72.82000000000016,1,4,1.0
327,20,598.29,1013.92,119.73000000000002,116.06000000000006,1,4,0.0
327,24,506.06,557.16,122.26000000000005,90.88,1,4,0.0
327,25,452.17,549.98,104.19,94.46000000000004,1,4,0.0
327,28,877.25,1226.98,102.24000000000001,136.88999999999987,1,6,0.0
327,31,943.35,1256.92,104.13999999999999,136.94999999999982,1,5,0.0
327,22,60.81,1379.96,79.35,74.50999999999999,1,5,0.0
327,27,80.53,878.56,96.27000000000001,104.08000000000004,1,5,0.0
327,29,465.03,349.36,70.38999999999999,70.44999999999999,1,4,0.0
327,32,0.0,326.93,136.23,160.02999999999997,1,4,0.0
327,33,0.0,266.81,118.24,136.44,1,4,1.0
328,10,0.0,1401.17,72.44,103.91999999999985,1,5,0.0
328,12,7.83,1185.8,120.47000000000001,108.16000000000008,1,5,0.0
328,21,70.45,1368.83,71.61999999999999,72.73000000000002,1,4,1.0
328,14,355.5,1414.12,98.75,104.43000000000006,1,4,0.0
328,19,451.63,1439.64,85.45000000000005,97.43999999999983,1,4,0.0
328,17,461.25,1172.69,76.13999999999999,72.81999999999994,1,4,1.0
328,20,590.17,1023.2,119.73000000000002,116.05999999999995,1,4,0.0
328,24,498.87,566.15,122.25999999999999,90.88,1,4,0.0
328,25,446.78,553.57,104.19000000000005,94.46999999999991,1,4,0.0
328,28,875.52,1233.91,102.24000000000001,136.88999999999987,1,6,0.0
328,31,938.7,1261.56,104.14999999999986,136.95000000000005,1,5,0.0
328,22,59.98,1381.64,79.35000000000002,74.5,1,5,0.0
328,27,76.61,887.52,96.27,104.08000000000004,1,5,0.0
328,29,461.67,358.12,70.38999999999993,70.45999999999998,1,4,0.0
328,32,0.0,333.95,129.21,160.03000000000003,1,4,0.0
328,33,0.0,280.85,113.23,136.44,1,4,1.0
329,10,0.0,1401.17,72.44,103.91999999999985,1,5,1.0
329,12,15.67,1202.6,105.89999999999999,91.36000000000013,1,5,0.0
329,21,63.74,1374.43,71.62,72.72000000000003,1,4,1.0
329,14,351.59,1418.04,98.74000000000001,104.43000000000006,1,4,0.0
329,19,451.63,1439.64,85.45000000000005,97.43999999999983,1,4,1.0
329,17,461.25,1175.29,76.13999999999999,72.81999999999994,1,4,1.0
329,20,582.05,1032.49,119.73000000000002,116.04999999999995,1,4,0.0
329,24,491.68,575.14,122.26000000000005,90.88,1,4,0.0
329,25,441.39,557.17,104.18000000000006,94.46000000000004,1,4,0.0
329,28,873.79,1240.85,102.24000000000001,136.8900000000001,1,6,0.0
329,31,934.06,1266.2,104.15000000000009,136.95000000000005,1,5,0.0
329,22,59.14,1383.31,79.35000000000001,74.5,1,5,0.0
329,26,511.27,378.31,102.11000000000001,87.48000000000002,1,4,0.0
329,27,72.69,896.47,96.28,104.07999999999993,1,5,0.0
329,29,458.31,366.89,70.39000000000004,70.46000000000004,1,4,0.0
329,32,0.0,340.97,122.19,160.02999999999997,1,4,0.0
329,33,0.0,294.89,108.21,136.44,1,4,0.0
330,10,0.0,1407.19,66.42,103.91999999999985,1,5,1.0
330,12,9.51,1207.64,105.89999999999999,91.3599999999999,1,5,0.0
330,21,62.06,1380.58,71.62,72.73000000000002,1,4,1.0
330,14,347.67,1421.95,98.74000000000001,104.43000000000006,1,4,0.0
330,19,446.99,1448.93,85.45000000000005,97.42999999999984,1,4,1.0
330,17,459.52,1182.23,76.13,72.80999999999995,1,4,1.0
330,20,582.05,1032.49,119.73000000000002,116.04999999999995,1,4,0.0
330,24,488.08,594.91,122.27000000000004,90.88,1,4,0.0
330,25,441.39,575.14,104.18000000000006,94.47000000000003,1,4,0.0
330,28,872.92,1252.98,102.24000000000001,136.88999999999987,1,6,0.0
330,31,931.74,1273.16,104.15000000000009,136.94999999999982,1,5,0.0
330,22,57.68,1388.95,79.35,74.5,1,5,0.0
330,26,504.31,387.59,102.10999999999996,87.49000000000001,1,4,0.0
330,27,68.78,902.63,96.27000000000001,104.08000000000004,1,5,0.0
330,29,454.96,375.66,70.39000000000004,70.44999999999999,1,4,0.0
330,32,0.0,353.01,113.16,160.01999999999998,1,4,0.0
331,10,0.0,1413.2,60.4,103.91999999999985,1,5,1.0
331,12,3.36,1212.67,105.9,91.3599999999999,1,5,0.0
331,21,60.38,1386.74,71.62,72.72000000000003,1,4,1.0
331,14,345.99,1426.43,98.74000000000001,104.42999999999984,1,4,0.0
331,19,442.34,1458.21,85.45999999999998,97.43000000000006,1,4,1.0
331,17,457.78,1189.16,76.13999999999999,72.80999999999995,1,4,1.0
331,20,582.05,1032.49,119.73000000000002,116.04999999999995,1,4,1.0
331,24,484.49,614.68,122.25999999999999,90.88,1,4,0.0
331,25,441.39,593.12,104.18000000000006,94.46000000000004,1,4,0.0
331,28,872.05,1265.12,102.24000000000001,136.8900000000001,1,6,0.0
331,31,929.42,1280.12,104.14999999999998,136.96000000000004,1,5,0.0
331,22,56.21,1394.59,79.35,74.5,1,5,0.0
331,26,497.35,396.87,102.11000000000001,87.49000000000001,1,4,1.0
331,29,451.6,384.42,70.38999999999999,70.45999999999998,1,4,1.0
331,32,0.0,365.04,104.14,160.03000000000003,1,4,0.0
332,10,0.0,1420.23,57.39,103.91000000000008,1,5,1.0
332,12,3.36,1212.67,105.9,91.3599999999999,1,5,1.0
332,21,59.82,1390.65,71.62,72.73000000000002,1,4,1.0
332,14,344.31,1430.91,98.75,104.42999999999984,1,4,0.0
332,19,438.86,1461.69,85.46000000000004,97.42999999999984,1,4,1.0
332,17,456.92,1196.1,76.12999999999994,72.81000000000017,1,4,1.0
332,20,580.66,1034.34,119.73000000000002,116.06000000000017,1,4,1.0
332,24,477.3,616.48,122.25999999999993,90.88,1,4,0.0
332,25,431.5,597.61,104.19000000000005,94.46000000000004,1,4,0.0
332,28,872.05,1272.92,102.24000000000001,136.88999999999987,1,6,0.0
332,31,929.42,1285.93,104.14999999999998,136.95000000000005,1,5,0.0
332,22,54.75,1400.24,79.35,74.5,1,5,0.0
332,26,497.35,402.67,102.11000000000001,87.49000000000001,1,4,1.0
332,29,449.36,388.34,70.38999999999999,70.46000000000004,1,4,1.0
332,32,0.0,365.04,104.14,160.03000000000003,1,4,0.0
333,10,0.0,1427.25,54.38,103.92000000000007,1,5,1.0
333,12,1.68,1219.95,104.22,91.3599999999999,1,5,1.0
333,21,59.26,1394.57,71.62,72.73000000000002,1,4,0.0
333,14,343.19,1438.18,98.75,104.42999999999984,1,4,0.0
333,19,435.38,1465.17,85.45000000000005,97.42999999999984,1,4,1.0
333,17,456.05,1203.03,76.14000000000004,72.80999999999995,1,4,1.0
333,20,579.27,1036.2,119.72000000000003,116.05999999999995,1,4,1.0
333,24,470.11,618.27,122.25999999999999,90.88,1,4,0.0
333,25,421.62,602.1,104.17999999999995,94.47000000000003,1,4,0.0
333,28,872.05,1280.72,102.24000000000001,136.88999999999987,1,6,0.0
333,31,929.42,1291.73,104.14999999999998,136.95000000000005,1,5,0.0
333,22,53.29,1405.88,79.35,74.5,1,5,0.0
333,26,497.35,408.48,102.11000000000001,87.47999999999996,1,4,1.0
333,29,447.12,392.26,70.38999999999999,70.44999999999999,1,4,1.0
334,10,0.0,1431.26,52.38,103.92000000000007,1,5,1.0
334,12,0.0,1227.22,102.54,91.3599999999999,1,5,1.0
334,21,54.79,1397.93,71.62,72.73000000000002,1,4,0.0
334,14,342.07,1445.46,98.75,104.43000000000006,1,4,0.0
334,19,431.9,1473.29,85.45000000000005,97.44000000000005,1,4,1.0
334,17,453.45,1207.36,76.14000000000004,72.82000000000016,1,4,1.0
334,20,577.87,1038.06,119.73000000000002,116.04999999999995,1,4,1.0
334,24,466.52,625.46,122.25999999999999,90.88,1,4,0.0
334,25,411.73,606.59,104.18999999999994,94.46999999999991,1,4,0.0
334,28,872.05,1289.39,102.24000000000001,136.88999999999987,1,6,0.0
334,31,929.42,1301.01,104.14999999999998,136.95000000000005,1,5,0.0
334,22,52.87,1407.55,79.35,74.5,1,5,0.0
334,26,493.87,415.44,102.11000000000001,87.49000000000001,1,4,1.0
334,29,444.33,399.53,70.38000000000005,70.46000000000004,1,4,1.0
335,10,0.0,1435.27,50.37,103.92000000000007,1,5,1.0
335,12,0.0,1232.82,99.74,91.36000000000013,1,5,1.0
335,21,50.31,1401.29,71.62,72.72000000000003,1,4,0.0
335,14,338.72,1458.89,98.73999999999995,104.42999999999984,1,4,0.0
335,19,428.42,1481.41,85.44999999999999,97.43999999999983,1,4,1.0
335,17,450.85,1211.7,76.13,72.80999999999995,1,4,1.0
335,20,576.48,1039.91,119.73000000000002,116.05999999999995,1,4,1.0
335,24,462.92,632.65,122.27000000000004,90.88,1,4,0.0
335,25,401.84,611.09,104.19,94.45999999999992,1,4,0.0
335,28,867.72,1289.39,102.24000000000001,135.14999999999986,1,6,0.0
335,31,929.42,1310.29,104.14999999999998,136.95000000000005,1,5,0.0
335,26,490.39,422.4,102.11000000000001,87.49000000000001,1,4,1.0
335,29,441.53,406.81,70.39000000000004,70.44999999999999,1,4,1.0
336,10,0.0,1443.29,45.36,103.92000000000007,1,5,1.0
336,12,0.0,1238.41,96.94,91.3599999999999,1,5,1.0
336,21,47.51,1405.2,71.62,72.73000000000002,1,4,0.0
336,14,335.92,1465.04,98.74000000000001,104.43000000000006,1,4,0.0
336,19,421.46,1490.7,85.45000000000005,97.43000000000006,1,4,1.0
336,17,447.38,1216.03,76.13999999999999,72.81999999999994,1,4,1.0
336,20,575.09,1041.77,119.73000000000002,116.05999999999995,1,4,1.0
336,24,455.73,645.23,122.26999999999998,90.88,1,4,0.0
336,25,401.84,612.89,104.19,94.46000000000004,1,4,0.0
336,28,863.38,1289.39,102.25,133.40999999999985,1,6,0.0
336,31,923.62,1324.22,104.14999999999998,136.95000000000005,1,5,0.0
336,26,482.26,428.2,102.11000000000001,87.49000000000007,1,4,1.0
336,29,438.17,410.72,70.38999999999999,70.45999999999998,1,4,1.0
337,10,0.0,1451.31,40.34,103.92000000000007,1,5,0.0
337,12,0.0,1244.57,93.59,91.36000000000013,1,5,1.0
337,21,44.71,1409.12,71.62,72.73000000000002,1,4,0.0
337,14,333.12,1471.2,98.74000000000001,104.43000000000006,1,4,0.0
337,19,414.5,1499.98,85.44999999999999,97.43000000000006,1,4,0.0
337,17,443.92,1220.37,76.12999999999994,72.81000000000017,1,4,1.0
337,20,570.45,1054.53,119.71999999999991,116.05999999999995,1,4,1.0
337,24,448.54,657.81,122.26999999999992,90.8900000000001,1,4,0.0
337,28,858.18,1291.99,102.24000000000001,133.41000000000008,1,6,0.0
337,31,917.82,1338.14,104.14999999999998,136.94999999999982,1,5,0.0
337,26,474.14,434.0,102.11000000000001,87.49000000000001,1,4,1.0
337,29,434.81,414.64,70.38999999999999,70.46000000000004,1,4,1.0
338,10,0.0,1456.33,35.33,103.92000000000007,1,5,0.0
338,12,0.0,1250.72,90.23,91.3599999999999,1,5,1.0
338,21,39.68,1413.04,71.62,72.72000000000003,1,4,0.0
338,14,329.76,1475.68,98.75,104.42999999999984,1,4,0.0
338,19,408.69,1508.1,85.45999999999998,97.44000000000005,1,4,0.0
338,17,440.45,1223.83,76.13000000000005,72.82000000000016,1,4,1.0
338,20,565.8,1067.3,119.73000000000002,116.05999999999995,1,4,1.0
338,24,443.15,657.81,122.25999999999999,90.8900000000001,1,4,0.0
338,28,852.98,1294.59,102.24000000000001,133.41000000000008,1,6,0.0
338,31,915.5,1346.27,104.13999999999999,136.95000000000005,1,5,0.0
338,26,469.5,440.97,102.11000000000001,87.48000000000002,1,4,1.0
338,29,429.78,425.84,62.57000000000005,63.18000000000001,1,4,1.0
339,10,0.0,1461.34,30.32,103.92000000000007,1,5,0.0
339,12,0.0,1257.44,85.19,91.3599999999999,1,5,1.0
339,21,34.64,1416.95,71.62,72.73000000000002,1,4,0.0
339,14,326.41,1480.15,98.73999999999995,104.42999999999984,1,4,0.0
339,19,402.89,1516.22,85.44999999999999,97.44000000000005,1,4,0.0
339,17,433.51,1230.77,76.13999999999999,72.80999999999995,1,4,0.0
339,20,555.36,1078.9,119.73000000000002,116.05999999999995,1,4,1.0
339,24,437.76,657.81,122.25999999999999,90.8900000000001,1,4,0.0
339,28,851.25,1304.99,102.24000000000001,133.41000000000008,1,6,0.0
339,31,913.18,1354.39,104.1400000000001,136.94999999999982,1,5,0.0
339,26,464.86,447.93,102.11000000000001,87.48999999999995,1,4,1.0
339,29,424.74,437.04,54.75999999999999,55.889999999999986,1,4,1.0
340,10,0.0,1464.35,28.31,103.92000000000007,1,5,0.0
340,12,0.0,1264.15,80.16,91.3599999999999,1,5,0.0
340,21,32.96,1419.75,71.62,72.73000000000002,1,4,0.0
340,14,323.05,1485.17,88.12,93.25999999999999,1,4,0.0
340,19,401.73,1517.39,85.44999999999999,97.42999999999984,1,4,0.0
340,17,429.18,1235.1,76.13,72.81000000000017,1,4,0.0
340,20,544.92,1090.5,119.73000000000002,116.05999999999995,1,4,1.0
340,24,432.37,663.21,122.25999999999999,90.88,1,4,0.0
340,28,849.52,1315.39,102.24000000000001,133.40999999999985,1,6,0.0
340,31,898.09,1359.03,116.91999999999996,136.95000000000005,1,5,0.0
340,26,461.38,452.57,102.11000000000001,87.48999999999995,1,4,1.0
340,29,421.38,441.52,54.75999999999999,55.89000000000004,1,4,1.0
341,10,0.0,1467.36,26.3,103.92000000000007,1,5,0.0
341,12,0.0,1270.31,75.12,91.36000000000013,1,5,0.0
341,21,31.28,1422.55,71.62,72.73000000000002,1,4,0.0
341,14,319.69,1490.19,77.49000000000001,82.07999999999993,1,4,0.0
341,19,400.57,1518.55,85.44999999999999,97.43000000000006,1,4,0.0
341,17,424.85,1239.43,76.13,72.81999999999994,1,4,0.0
341,20,544.92,1093.4,116.24000000000001,113.15999999999985,1,4,1.0
341,24,426.98,668.6,122.25999999999999,90.88,1,4,0.0
341,28,842.58,1322.32,102.24000000000001,133.42000000000007,1,6,0.0
341,31,883.01,1363.67,129.69000000000005,136.94999999999982,1,5,0.0
341,26,457.9,457.21,102.11000000000001,87.49000000000007,1,4,1.0
341,29,418.03,446.0,54.76000000000005,55.889999999999986,1,4,1.0
342,12,0.0,1276.46,70.08,91.3599999999999,1,5,0.0
342,21,28.49,1424.79,71.61,72.72000000000003,1,4,1.0
342,14,315.77,1491.87,77.5,82.08000000000015,1,4,0.0
342,19,399.41,1520.87,85.44999999999999,97.43000000000006,1,4,0.0
342,17,418.78,1248.97,76.13000000000005,72.80999999999995,1,4,0.0
342,20,544.92,1096.3,112.75,110.25999999999999,1,4,1.0
342,24,419.79,666.79,122.25999999999993,96.28000000000009,1,4,0.0
342,28,835.65,1329.26,102.24000000000001,133.41000000000008,1,6,0.0
342,31,873.73,1370.63,129.68999999999994,136.94999999999982,1,5,0.0
342,26,452.1,461.85,102.11000000000001,87.49000000000001,1,4,1.0
342,29,407.95,451.03,54.75999999999999,55.89000000000004,1,4,1.0
343,12,0.0,1276.46,61.13,91.3599999999999,1,5,0.0
343,21,25.69,1427.03,71.62,72.72000000000003,1,4,0.0
343,14,311.85,1493.55,77.5,82.08000000000015,1,4,0.0
343,19,398.25,1523.19,85.44999999999999,97.42999999999984,1,4,0.0
343,17,412.71,1258.5,76.14000000000004,72.81999999999994,1,4,0.0
343,20,544.92,1099.2,109.2700000000001,107.3599999999999,1,4,1.0
343,24,412.6,664.99,122.25999999999999,101.67999999999995,1,4,0.0
343,28,830.45,1338.79,102.24000000000001,133.42000000000007,1,6,0.0
343,31,864.44,1377.59,129.68999999999994,136.95000000000005,1,5,0.0
343,26,446.29,466.49,102.10999999999996,87.49000000000001,1,4,1.0
343,29,397.88,456.07,54.75999999999999,55.889999999999986,1,4,1.0
344,12,0.0,1279.26,53.3,91.3599999999999,1,5,0.0
344,21,22.33,1430.94,71.62,72.73000000000002,1,4,0.0
344,14,306.26,1499.7,77.49000000000001,82.08999999999992,1,4,0.0
344,19,388.97,1527.83,85.44999999999999,97.43000000000006,1,4,0.0
344,17,407.51,1262.84,76.13999999999999,72.81000000000017,1,4,0.0
344,20,544.92,1102.1,105.78000000000009,104.46000000000004,1,4,1.0
344,24,400.02,664.99,122.25999999999999,101.67999999999995,1,4,0.0
344,28,825.25,1348.33,102.24000000000001,133.41000000000008,1,6,0.0
344,31,862.12,1383.4,129.68999999999994,136.94999999999982,1,5,0.0
344,26,440.49,468.81,102.11000000000001,87.48999999999995,1,4,1.0
344,29,391.73,459.43,54.75,55.89000000000004,1,4,1.0
345,12,0.0,1282.06,45.46,91.36000000000013,1,5,0.0
345,21,18.97,1434.86,71.62,72.73000000000002,1,4,0.0
345,14,300.66,1505.86,77.5,82.08000000000015,1,4,0.0
345,19,385.49,1528.99,85.44999999999999,97.43000000000006,1,4,0.0
345,17,402.31,1267.17,76.13,72.81999999999994,1,4,0.0
345,20,539.12,1106.74,105.77999999999997,104.46000000000004,1,4,1.0
345,24,387.43,664.99,122.26999999999998,101.67999999999995,1,4,0.0
345,28,818.31,1355.26,102.24000000000001,133.41000000000008,1,6,0.0
345,31,859.8,1389.2,129.69000000000005,136.95000000000005,1,5,0.0
345,34,978.2,1465.78,101.79999999999995,139.25,1,5,0.0
345,26,434.69,471.14,102.10999999999996,87.48000000000002,1,4,1.0
345,29,385.57,462.78,54.75999999999999,55.889999999999986,1,4,1.0
346,12,0.0,1282.06,45.46,91.36000000000013,1,5,0.0
346,21,12.82,1443.25,71.62,72.73000000000002,1,4,0.0
346,14,288.91,1516.49,77.5,82.07999999999993,1,4,0.0
346,19,382.01,1530.15,85.44999999999999,97.42999999999984,1,4,0.0
346,17,398.84,1269.77,76.14000000000004,72.81999999999994,1,4,0.0
346,20,533.32,1111.38,105.77999999999997,104.45999999999981,1,4,1.0
346,24,373.06,672.18,122.25999999999999,101.68000000000006,1,4,0.0
346,28,810.51,1360.46,102.24000000000001,133.40999999999985,1,6,0.0
346,31,859.8,1398.48,129.69000000000005,136.95000000000005,1,5,0.0
346,34,975.88,1472.75,104.12,148.51,1,5,0.0
346,26,427.73,478.1,102.11000000000001,87.49000000000001,1,4,1.0
346,29,379.41,467.82,54.75999999999999,55.89000000000004,1,4,1.0
347,21,6.66,1451.65,71.62,72.7199999999998,1,4,0.0
347,14,277.16,1527.12,77.48999999999995,82.08000000000015,1,4,0.0
347,19,377.37,1534.79,85.44999999999999,97.43000000000006,1,4,0.0
347,17,395.38,1272.37,76.13,72.82000000000016,1,4,1.0
347,20,527.13,1113.7,105.77999999999997,104.47000000000003,1,4,1.0
347,24,358.68,679.37,122.25999999999999,101.67999999999995,1,4,0.0
347,28,802.71,1365.66,102.24000000000001,133.40999999999985,1,6,0.0
347,31,859.8,1407.76,129.69000000000005,136.95000000000005,1,5,0.0
347,34,973.56,1479.71,106.44000000000005,157.78999999999996,1,5,0.0
347,26,420.77,485.06,102.11000000000001,87.48999999999995,1,4,1.0
347,29,373.26,472.86,54.75999999999999,55.889999999999986,1,4,1.0
348,21,3.33,1458.36,69.36,72.73000000000002,1,4,0.0
348,14,276.26,1527.57,79.73000000000002,82.08000000000015,1,4,0.0
348,19,372.72,1539.43,85.45999999999998,97.42999999999984,1,4,0.0
348,17,390.17,1281.04,76.13999999999999,72.80999999999995,1,4,1.0
348,20,520.94,1116.02,105.77999999999997,104.47000000000003,1,4,1.0
348,24,353.28,681.16,122.27000000000004,101.68000000000006,1,4,0.0
348,28,799.24,1369.13,102.24000000000001,133.40999999999985,1,6,0.0
348,31,849.36,1414.73,129.68999999999994,136.95000000000005,1,5,0.0
348,34,973.56,1494.79,106.44000000000005,157.78999999999996,1,5,0.0
348,26,413.8,487.38,102.10999999999996,87.49000000000001,1,4,1.0
348,29,362.63,476.77,54.75999999999999,55.889999999999986,1,4,1.0
349,21,0.0,1465.08,67.09,72.72000000000003,1,4,0.0
349,14,275.37,1528.02,81.94999999999999,82.07999999999993,1,4,0.0
349,19,353.7,1546.14,85.44999999999999,97.43999999999983,1,4,1.0
349,17,384.97,1289.71,76.13999999999999,72.80999999999995,1,4,1.0
349,20,514.75,1118.34,105.77999999999997,104.47000000000003,1,4,1.0
349,24,347.89,682.96,122.27000000000004,101.67999999999995,1,4,0.0
349,28,795.78,1372.59,102.24000000000001,133.42000000000007,1,6,0.0
349,31,838.91,1421.69,129.70000000000005,136.95000000000005,1,5,0.0
349,34,973.56,1509.88,106.44000000000005,157.78999999999996,1,5,1.0
349,26,406.84,489.7,102.11000000000001,87.49000000000007,1,4,1.0
349,29,351.99,480.69,54.75999999999999,55.89000000000004,1,4,1.0
350,21,0.0,1465.08,58.7,72.72000000000003,1,4,0.0
350,14,274.47,1528.46,84.19,82.08999999999992,1,4,0.0
350,19,349.78,1553.42,85.45000000000005,97.42999999999984,1,4,1.0
350,17,383.24,1289.71,75.27999999999997,68.5,1,4,1.0
350,20,501.98,1128.79,105.78999999999996,104.46000000000004,1,4,1.0
350,24,344.3,688.35,122.25999999999999,101.67999999999995,1,4,0.0
350,28,785.38,1378.66,102.24000000000001,133.40999999999985,1,6,0.0
350,31,838.91,1424.01,129.70000000000005,136.95000000000005,1,5,0.0
350,34,966.6,1514.52,106.43999999999994,157.78999999999996,1,5,1.0
350,26,394.08,492.02,102.11000000000001,87.49000000000001,1,4,1.0
350,29,343.6,481.25,54.75999999999999,55.889999999999986,1,4,1.0
351,21,0.0,1465.08,50.3,72.72000000000003,1,4,0.0
351,14,273.58,1528.91,86.41000000000003,82.07999999999993,1,4,0.0
351,19,345.86,1560.69,85.45999999999998,97.44000000000005,1,4,1.0
351,17,381.51,1289.71,74.42000000000002,64.19000000000005,1,4,1.0
351,20,489.22,1139.23,105.77999999999997,104.46000000000004,1,4,1.0
351,24,340.7,693.75,122.27000000000004,101.66999999999996,1,4,0.0
351,28,774.97,1384.73,102.25,133.41000000000008,1,6,0.0
351,31,833.11,1432.13,129.68999999999994,136.94999999999982,1,5,0.0
351,34,959.63,1519.16,106.44999999999993,157.78999999999996,1,5,1.0
351,26,381.32,494.34,102.11000000000001,87.49000000000007,1,4,1.0
351,29,335.21,481.81,54.76000000000005,55.89000000000004,1,4,1.0
352,21,0.0,1465.08,38.55,72.72000000000003,1,4,0.0
352,14,272.68,1529.36,88.63999999999999,82.08000000000015,1,4,0.0
352,19,343.07,1561.81,85.44999999999999,97.44000000000005,1,4,1.0
352,17,377.17,1288.84,74.43,64.19000000000005,1,4,1.0
352,20,482.26,1141.55,105.77999999999997,104.46000000000004,1,4,1.0
352,24,329.92,708.12,122.25999999999999,101.67999999999995,1,4,0.0
352,28,773.24,1381.26,102.24000000000001,133.41000000000008,1,6,0.0
352,31,827.31,1440.25,129.69000000000005,136.95000000000005,1,5,0.0
352,34,958.47,1522.64,106.45000000000005,157.78999999999996,1,5,1.0
352,26,375.51,494.34,102.11000000000001,87.49000000000007,1,4,1.0
352,29,330.73,483.49,54.75999999999999,55.889999999999986,1,4,1.0
353,21,0.0,1465.08,26.8,72.72000000000003,1,4,0.0
353,14,264.29,1532.72,88.63999999999999,82.07999999999993,1,4,0.0
353,19,340.27,1562.93,85.45000000000005,97.43999999999983,1,4,1.0
353,17,372.84,1287.97,74.43,64.20000000000005,1,4,1.0
353,20,475.3,1143.87,105.78000000000003,104.47000000000003,1,4,1.0
353,24,319.14,722.5,122.25999999999999,101.67999999999995,1,4,0.0
353,28,772.37,1381.26,102.25,133.41000000000008,1,6,0.0
353,31,822.67,1441.41,129.69000000000005,136.94999999999982,1,5,0.0
353,34,957.31,1526.12,106.45000000000005,157.80000000000018,1,5,0.0
353,26,369.71,494.34,102.11000000000001,87.49000000000007,1,4,1.0
353,29,326.25,485.17,54.75999999999999,55.88999999999993,1,4,1.0
354,21,0.0,1467.31,20.64,72.73000000000002,1,4,0.0
354,14,255.9,1536.07,88.64000000000001,82.09000000000015,1,4,0.0
354,19,332.43,1562.93,85.45999999999998,97.43999999999983,1,4,1.0
354,17,364.17,1287.97,74.43,64.20000000000005,1,4,1.0
354,20,474.14,1143.87,105.77999999999997,104.47000000000003,1,4,1.0
354,24,311.95,722.5,122.25999999999999,101.67999999999995,1,4,0.0
354,28,771.51,1381.26,102.24000000000001,133.41000000000008,1,6,0.0
354,31,818.03,1442.57,129.69000000000005,136.95000000000005,1,5,0.0
354,34,945.71,1543.55,106.44000000000005,139.21000000000004,1,5,0.0
354,26,365.07,492.02,102.11000000000001,87.49000000000001,1,4,1.0
354,29,317.86,482.93,54.75999999999999,55.89000000000004,1,4,1.0
355,21,0.0,1469.55,14.49,72.73000000000002,1,4,0.0
355,14,251.42,1539.99,88.64000000000001,82.07999999999993,1,4,0.0
355,19,329.08,1562.93,85.44999999999999,97.43999999999983,1,4,1.0
355,17,355.5,1287.97,74.43,64.20000000000005,1,4,1.0
355,20,472.98,1143.87,105.77999999999997,104.47000000000003,1,4,0.0
355,24,304.76,722.5,122.25999999999999,101.67999999999995,1,4,0.0
355,28,766.31,1384.73,102.24000000000001,133.41000000000008,1,6,0.0
355,31,806.42,1448.38,129.70000000000005,136.94999999999982,1,5,0.0
355,34,934.11,1560.98,106.43999999999994,120.6099999999999,1,5,0.0
355,26,360.43,489.7,102.11000000000001,87.49000000000007,1,4,1.0
355,29,309.46,480.69,54.76000000000005,55.89000000000004,1,4,1.0
356,21,0.0,1468.99,12.25,72.73000000000002,1,4,0.0
356,14,246.94,1543.91,88.63999999999999,82.07999999999993,1,4,0.0
356,19,325.72,1562.93,85.44999999999999,97.43999999999983,1,4,1.0
356,17,346.84,1289.71,74.42000000000002,64.19000000000005,1,4,1.0
356,20,456.73,1138.07,105.77999999999997,104.46000000000004,1,4,0.0
356,24,290.38,722.5,122.25999999999999,101.67999999999995,1,4,0.0
356,28,761.11,1388.19,102.24000000000001,133.41999999999985,1,6,0.0
356,31,794.82,1454.18,129.68999999999994,136.95000000000005,1,5,0.0
356,34,922.5,1559.82,106.45000000000005,120.61000000000013,1,5,0.0
356,26,351.15,485.06,102.11000000000001,87.48999999999995,1,4,1.0
356,29,301.63,476.77,57.0,58.139999999999986,1,4,1.0
357,14,230.16,1538.31,96.45000000000002,92.19000000000005,1,4,0.0
357,19,315.65,1562.93,85.45000000000005,97.43999999999983,1,4,1.0
357,17,341.64,1288.55,74.42000000000002,64.19000000000005,1,4,1.0
357,20,440.49,1132.27,105.77999999999997,104.46000000000004,1,4,0.0
357,24,276.0,722.5,122.25999999999999,101.67999999999995,1,4,0.0
357,28,754.17,1390.79,102.24000000000001,133.42000000000007,1,6,0.0
357,31,793.66,1453.02,129.69000000000005,136.95000000000005,1,5,0.0
357,34,910.9,1558.66,106.44000000000005,120.6099999999999,1,5,0.0
357,26,341.86,480.42,102.11000000000001,87.48999999999995,1,4,1.0
357,29,293.8,472.86,59.24000000000001,60.379999999999995,1,4,1.0
358,14,226.57,1537.19,96.45999999999998,92.20000000000005,1,4,0.0
358,19,305.57,1562.93,85.45999999999998,97.43999999999983,1,4,1.0
358,17,336.44,1287.4,74.42000000000002,64.18999999999983,1,4,1.0
358,20,435.84,1127.63,105.78000000000003,104.45999999999981,1,4,0.0
358,24,267.01,722.5,122.25999999999999,101.67999999999995,1,4,0.0
358,28,747.24,1393.39,102.24000000000001,133.41999999999985,1,6,0.0
358,31,792.5,1451.86,129.69000000000005,136.95000000000005,1,5,0.0
358,34,903.94,1558.66,106.43999999999994,120.6099999999999,1,5,0.0
358,26,336.06,480.42,102.11000000000001,87.48999999999995,1,4,1.0
358,29,287.08,471.74,59.25,60.379999999999995,1,4,1.0
359,14,222.99,1536.07,96.45999999999998,92.20000000000005,1,4,0.0
359,19,299.42,1561.25,85.44999999999999,97.44000000000005,1,4,1.0
359,17,331.24,1286.24,74.42000000000002,64.19000000000005,1,4,1.0
359,20,431.2,1122.99,105.78000000000003,104.46000000000004,1,4,0.0
359,24,258.03,722.5,122.26000000000005,101.67999999999995,1,4,0.0
359,28,736.84,1386.46,102.24000000000001,133.40999999999985,1,6,0.0
359,31,776.25,1451.85,129.70000000000005,136.95000000000005,1,5,0.0
359,34,896.98,1558.66,106.43999999999994,120.6099999999999,1,5,0.0
359,26,330.26,480.42,102.11000000000001,87.48999999999995,1,4,1.0
359,29,280.37,470.62,59.24000000000001,60.379999999999995,1,4,1.0
360,14,219.41,1534.96,96.46000000000001,92.19000000000005,1,4,0.0
360,19,293.26,1559.57,85.44999999999999,97.44000000000005,1,4,1.0
360,17,328.64,1286.24,74.42000000000002,64.19000000000005,1,4,1.0
360,20,424.63,1120.67,105.77999999999997,104.46000000000004,1,4,0.0
360,24,249.04,717.11,122.26000000000002,101.67999999999995,1,4,0.0
360,28,729.9,1387.33,102.24000000000001,133.41000000000008,1,6,0.0
360,31,766.97,1447.21,129.68999999999994,136.95000000000005,1,5,0.0
360,34,890.01,1558.66,106.45000000000005,120.6099999999999,1,5,0.0
360,26,324.46,479.26,102.11000000000001,87.49000000000001,1,4,1.0
360,29,273.09,471.18,59.25,60.37999999999994,1,4,1.0
361,14,215.83,1533.84,96.46000000000001,92.19000000000005,1,4,0.0
361,19,290.74,1558.73,85.45999999999998,97.44000000000005,1,4,1.0
361,17,326.04,1286.24,74.41999999999996,64.19000000000005,1,4,1.0
361,20,418.05,1118.35,105.78000000000003,104.46000000000004,1,4,0.0
361,24,240.05,711.72,122.25999999999999,101.67999999999995,1,4,0.0
361,28,722.97,1388.19,102.24000000000001,133.41999999999985,1,6,0.0
361,31,762.33,1444.89,129.68999999999994,136.94999999999982,1,5,0.0
361,34,883.05,1558.66,106.44000000000005,120.6099999999999,1,5,0.0
361,26,318.66,478.1,102.10999999999996,87.48000000000002,1,4,1.0
361,29,265.82,471.74,59.24000000000001,60.379999999999995,1,4,1.0
362,14,212.25,1532.72,96.45999999999998,92.19000000000005,1,4,0.0
362,19,288.23,1557.9,85.44999999999999,97.42999999999984,1,4,1.0
362,17,320.83,1283.64,80.5,67.67999999999984,1,4,1.0
362,20,411.48,1116.03,105.77999999999997,104.46000000000004,1,4,0.0
362,24,238.25,711.72,122.26999999999998,101.67999999999995,1,4,0.0
362,28,716.9,1388.19,102.24000000000001,133.41999999999985,1,6,0.0
362,31,757.69,1442.57,129.68999999999994,136.95000000000005,1,5,0.0
362,34,879.57,1557.5,106.43999999999994,120.6099999999999,1,5,0.0
362,26,310.53,475.78,102.11000000000001,87.48000000000002,1,4,1.0
362,29,259.66,470.06,59.25,60.38000000000005,1,4,1.0
363,14,206.28,1531.22,96.46000000000001,92.20000000000005,1,4,0.0
363,19,285.71,1557.06,85.45000000000005,97.43000000000006,1,4,1.0
363,17,315.63,1281.04,86.57,71.16000000000008,1,4,1.0
363,20,404.9,1113.7,105.78000000000003,104.47000000000003,1,4,0.0
363,24,236.46,711.72,122.26000000000002,101.67999999999995,1,4,0.0
363,28,710.83,1388.19,102.25,133.41999999999985,1,6,0.0
363,31,753.05,1442.57,129.69000000000005,136.95000000000005,1,5,0.0
363,34,876.09,1556.34,106.43999999999994,120.61000000000013,1,5,0.0
363,26,302.41,473.46,102.10999999999996,87.48000000000008,1,4,1.0
363,29,253.5,468.38,59.25,60.389999999999986,1,4,1.0
364,14,200.31,1529.73,96.45999999999998,92.19000000000005,1,4,0.0
364,19,283.19,1556.22,85.44999999999999,97.43000000000006,1,4,1.0
364,17,309.57,1277.57,86.56,71.16000000000008,1,4,1.0
364,20,398.33,1111.38,105.78000000000003,104.4699999999998,1,4,0.0
364,24,229.27,704.53,122.25999999999996,101.68000000000006,1,4,0.0
364,28,708.23,1389.93,102.25999999999999,127.3599999999999,1,6,0.0
364,31,748.41,1442.57,129.69000000000005,136.95000000000005,1,5,0.0
364,34,876.09,1555.18,106.43999999999994,120.6099999999999,1,5,0.0
364,26,298.93,469.97,102.11000000000001,87.49000000000001,1,4,1.0
364,29,249.59,467.26,59.23999999999998,60.389999999999986,1,4,1.0
365,14,194.34,1528.24,96.46000000000001,92.19000000000005,1,4,0.0
365,19,277.03,1554.54,85.46000000000004,97.43000000000006,1,4,1.0
365,17,303.5,1274.11,86.57,71.16000000000008,1,4,1.0
365,20,391.75,1109.06,105.77999999999997,104.47000000000003,1,4,0.0
365,24,224.47,703.33,122.27000000000001,101.67999999999995,1,4,0.0
365,28,705.63,1391.66,102.26999999999998,121.30999999999995,1,6,0.0
365,31,739.12,1437.93,129.68999999999994,136.95000000000005,1,5,0.0
365,34,876.09,1554.02,106.43999999999994,120.61000000000013,1,5,0.0
365,26,295.45,466.49,102.11000000000001,87.49000000000001,1,4,1.0
365,29,245.67,466.14,59.25000000000003,60.389999999999986,1,4,1.0
366,14,188.75,1526.67,96.44999999999999,92.19999999999982,1,4,0.0
366,19,270.88,1552.86,85.44999999999999,97.43000000000006,1,4,1.0
366,17,301.77,1270.64,86.56,71.15999999999985,1,4,1.0
366,20,389.51,1108.37,105.78000000000003,104.46000000000004,1,4,0.0
366,24,219.68,702.13,122.25999999999999,101.67999999999995,1,4,0.0
366,28,703.03,1388.19,102.26999999999998,121.30999999999995,1,6,0.0
366,31,729.84,1433.29,129.68999999999994,136.95000000000005,1,5,0.0
366,34,869.13,1550.54,106.44000000000005,120.61000000000013,1,5,0.0
366,26,289.65,465.33,102.11000000000001,87.49000000000007,1,4,1.0
366,29,238.96,461.66,59.23999999999998,60.38999999999993,1,4,1.0
367,14,183.15,1525.11,96.46000000000001,92.19000000000005,1,4,0.0
367,19,266.4,1550.62,85.46000000000004,97.43000000000006,1,4,1.0
367,17,300.03,1267.17,86.57000000000005,71.15999999999985,1,4,1.0
367,20,387.26,1107.67,105.78000000000003,104.46000000000004,1,4,0.0
367,24,214.89,700.93,122.25999999999999,101.68000000000006,1,4,0.0
367,28,700.43,1384.73,102.2700000000001,121.29999999999995,1,6,0.0
367,31,720.56,1433.29,129.69000000000005,136.95000000000005,1,5,0.0
367,34,862.16,1547.06,106.45000000000005,120.61000000000013,1,5,0.0
367,26,283.84,464.17,102.11000000000001,87.48999999999995,1,4,1.0
367,29,232.24,457.19,59.25,60.38000000000005,1,4,1.0
368,14,177.55,1523.54,96.45999999999998,92.19000000000005,1,4,0.0
368,19,259.69,1546.7,85.44999999999999,97.44000000000005,1,4,1.0
368,17,297.43,1267.17,86.57,71.15999999999985,1,4,1.0
368,20,385.02,1106.97,105.78000000000003,104.47000000000003,1,4,0.0
368,24,211.29,697.34,122.27000000000001,101.67999999999995,1,4,0.0
368,28,696.1,1383.86,102.26999999999998,121.31000000000017,1,6,0.0
368,31,713.59,1430.97,129.69999999999993,136.95000000000005,1,5,0.0
368,34,855.2,1543.58,106.43999999999994,120.61000000000013,1,5,0.0
368,26,280.36,464.17,102.11000000000001,87.48999999999995,1,4,1.0
368,29,225.53,455.51,59.23999999999998,60.379999999999995,1,4,1.0
369,14,171.96,1521.97,96.46000000000001,92.19000000000005,1,4,0.0
369,19,252.97,1542.78,85.45000000000002,97.44000000000005,1,4,1.0
369,17,294.83,1267.17,86.57,71.15999999999985,1,4,1.0
369,20,382.78,1106.28,105.78000000000003,104.46000000000004,1,4,0.0
369,24,207.7,693.75,122.25999999999999,101.66999999999996,1,4,0.0
369,28,691.77,1382.99,102.25999999999999,121.30999999999995,1,6,0.0
369,31,713.59,1429.81,129.69999999999993,136.95000000000005,1,5,0.0
369,34,848.24,1540.09,106.43999999999994,120.62000000000012,1,5,0.0
369,26,276.88,464.17,102.11000000000001,87.48999999999995,1,4,1.0
369,29,218.81,453.83,59.25,60.39000000000004,1,4,1.0
370,14,166.36,1520.41,96.45999999999998,92.18999999999983,1,4,0.0
370,19,249.99,1542.41,85.44999999999999,97.43999999999983,1,4,1.0
370,17,290.5,1266.31,86.56,71.16000000000008,1,4,1.0
370,20,380.53,1105.58,105.78000000000003,104.46000000000004,1,4,0.0
370,24,204.11,691.95,122.25999999999999,101.67999999999995,1,4,0.0
370,28,691.77,1382.99,104.85000000000002,121.30999999999995,1,6,0.0
370,31,713.59,1428.65,129.69999999999993,136.94999999999982,1,5,0.0
370,34,843.6,1540.1,106.43999999999994,120.61000000000013,1,5,0.0
370,26,272.24,458.37,102.11000000000001,87.49000000000001,1,4,1.0
370,29,216.57,449.91,59.25,60.389999999999986,1,4,1.0
371,14,162.21,1518.65,96.45000000000002,92.18999999999983,1,4,0.0
371,19,247.0,1542.04,85.45999999999998,97.43000000000006,1,4,1.0
371,17,286.16,1265.44,86.57,71.15999999999985,1,4,1.0
371,20,378.29,1104.89,105.77999999999997,104.45999999999981,1,4,0.0
371,24,200.51,690.15,122.25999999999999,101.68000000000006,1,4,0.0
371,28,691.77,1382.99,107.43000000000006,121.30999999999995,1,6,0.0
371,31,709.73,1426.33,129.68999999999994,136.95000000000005,1,5,0.0
371,34,838.96,1540.1,106.43999999999994,120.61000000000013,1,5,0.0
371,26,267.6,452.57,102.10999999999996,87.48999999999995,1,4,1.0
371,29,214.33,446.0,59.24999999999997,60.379999999999995,1,4,1.0
372,14,158.05,1516.89,96.45999999999998,92.18999999999983,1,4,0.0
372,19,244.02,1541.67,85.45000000000002,97.42999999999984,1,4,1.0
372,17,274.03,1258.5,86.56,71.16000000000008,1,4,1.0
372,20,376.05,1104.19,105.77999999999997,104.46000000000004,1,4,0.0
372,24,196.92,681.16,122.26000000000002,101.68000000000006,1,4,0.0
372,28,688.73,1382.12,107.43999999999994,121.31000000000017,1,6,0.0
372,31,705.86,1424.0,129.68999999999994,136.95000000000005,1,5,0.0
372,34,832.0,1536.61,106.44000000000005,120.62000000000012,1,5,0.0
372,26,261.8,447.93,102.11000000000001,87.48999999999995,1,4,1.0
372,29,210.98,443.76,59.24000000000004,60.379999999999995,1,4,1.0
373,14,153.89,1515.13,96.46000000000001,92.18999999999983,1,4,0.0
373,19,236.56,1539.8,85.44999999999999,97.43000000000006,1,4,1.0
373,17,268.83,1258.5,86.56,71.16000000000008,1,4,1.0
373,20,373.8,1103.49,105.77999999999997,104.47000000000003,1,4,0.0
373,24,193.32,672.18,122.25999999999999,101.68000000000006,1,4,0.0
373,28,685.7,1381.26,107.42999999999995,121.29999999999995,1,6,0.0
373,31,701.99,1421.68,129.68999999999994,136.95000000000005,1,5,0.0
373,34,825.03,1533.13,106.45000000000005,120.61999999999989,1,5,0.0
373,26,256.0,443.29,102.11000000000001,87.47999999999996,1,4,1.0
373,29,207.62,441.52,59.24000000000001,60.39000000000004,1,4,1.0
374,14,149.73,1513.37,96.46000000000001,92.19000000000005,1,4,0.0
374,19,229.1,1537.94,85.45000000000002,97.42999999999984,1,4,1.0
374,17,266.23,1256.77,86.56,71.16000000000008,1,4,1.0
374,20,371.56,1102.8,105.77999999999997,104.46000000000004,1,4,0.0
374,24,182.54,673.97,122.26000000000002,101.67999999999995,1,4,0.0
374,28,682.67,1380.39,107.43000000000006,121.30999999999995,1,6,0.0
374,31,691.55,1421.68,135.49,136.95000000000005,1,5,0.0
374,34,807.63,1525.01,113.40999999999997,125.25999999999999,1,5,0.0
374,26,254.83,443.29,102.10999999999999,87.47999999999996,1,4,1.0
374,29,200.34,439.28,59.24999999999997,60.39000000000004,1,4,1.0
375,14,145.58,1511.61,96.45999999999998,92.19000000000005,1,4,0.0
375,19,221.63,1536.07,85.45999999999998,97.43000000000006,1,4,1.0
375,17,263.63,1255.04,86.56,71.16000000000008,1,4,1.0
375,20,361.58,1102.1,105.78000000000003,104.46000000000004,1,4,0.0
375,24,171.75,675.77,122.26999999999998,101.68000000000006,1,4,0.0
375,28,679.63,1379.52,107.44000000000005,121.30999999999995,1,6,0.0
375,31,681.1,1421.68,141.29999999999995,136.95000000000005,1,5,0.0
375,34,790.22,1516.89,120.38,129.90999999999985,1,5,0.0
375,26,253.67,443.29,102.10999999999999,87.47999999999996,1,4,1.0
375,29,193.07,437.04,59.25,60.389999999999986,1,4,1.0
376,14,141.42,1509.85,96.46000000000001,92.20000000000005,1,4,0.0
376,19,219.58,1534.39,85.46000000000001,97.43999999999983,1,4,1.0
376,17,257.56,1253.3,86.57,71.16000000000008,1,4,1.0
376,20,352.3,1097.46,105.77999999999997,104.46000000000004,1,4,0.0
376,24,168.16,675.77,122.26000000000002,101.68000000000006,1,4,0.0
376,28,677.03,1377.79,107.43000000000006,121.30999999999995,1,6,0.0
376,31,678.78,1421.68,141.30000000000007,136.95000000000005,1,5,0.0
376,34,783.26,1516.89,120.38,129.90999999999985,1,5,0.0
376,26,247.87,443.29,102.11000000000001,87.47999999999996,1,4,1.0
376,29,189.71,437.04,59.25,60.389999999999986,1,4,1.0
377,14,137.26,1508.09,96.46000000000001,92.20000000000005,1,4,0.0
377,19,217.53,1532.71,85.45000000000002,97.44000000000005,1,4,1.0
377,17,251.49,1251.57,86.57,71.16000000000008,1,4,1.0
377,20,347.66,1093.98,105.77999999999997,104.46000000000004,1,4,0.0
377,24,164.56,675.77,122.26999999999998,101.68000000000006,1,4,0.0
377,28,674.43,1376.06,107.43000000000006,121.29999999999995,1,6,0.0
377,31,676.46,1421.68,141.29999999999995,136.95000000000005,1,5,0.0
377,34,776.3,1516.89,120.38,129.90999999999985,1,5,0.0
377,26,242.07,443.29,102.11000000000001,87.47999999999996,1,4,1.0
377,29,186.35,437.04,59.25,60.389999999999986,1,4,1.0
378,14,134.84,1506.23,96.46000000000001,92.19000000000005,1,4,0.0
378,19,215.48,1531.03,85.45000000000002,97.44000000000005,1,4,1.0
378,17,249.41,1250.88,86.57000000000002,71.15999999999985,1,4,1.0
378,20,343.01,1090.5,105.79000000000002,104.46000000000004,1,4,0.0
378,24,164.56,675.77,122.26999999999998,101.68000000000006,1,4,0.0
378,28,667.5,1370.85,107.42999999999995,121.31000000000017,1,6,0.0
378,31,674.14,1421.68,141.30000000000007,136.95000000000005,1,5,0.0
378,34,764.7,1513.41,120.37,129.90999999999985,1,5,0.0
378,26,231.43,443.29,102.11000000000001,87.47999999999996,1,4,1.0
378,29,181.32,436.48,59.24000000000001,60.389999999999986,1,4,1.0
379,14,132.41,1504.36,96.46000000000001,92.20000000000005,1,4,0.0
379,19,213.43,1529.35,85.44999999999999,97.44000000000005,1,4,1.0
379,17,247.33,1250.18,86.56999999999996,71.15999999999985,1,4,1.0
379,20,324.45,1092.82,105.78000000000003,104.46000000000004,1,4,0.0
379,24,164.56,675.77,122.26999999999998,101.68000000000006,1,4,1.0
379,28,660.56,1365.65,107.44000000000005,121.30999999999995,1,6,0.0
379,31,671.82,1421.68,141.29999999999995,136.95000000000005,1,5,0.0
379,34,753.09,1509.93,120.38,129.90999999999985,1,5,0.0
379,26,220.79,443.29,102.10999999999999,87.47999999999996,1,4,1.0
379,29,176.28,435.92,59.25,60.389999999999986,1,4,1.0
380,14,129.99,1502.5,96.45999999999998,92.19000000000005,1,4,0.0
380,19,211.38,1527.68,85.44999999999999,97.42999999999984,1,4,1.0
380,17,245.25,1249.49,86.57,71.16000000000008,1,4,1.0
380,20,323.29,1088.76,105.77999999999997,104.46000000000004,1,4,0.0
380,24,151.98,673.97,122.26000000000002,101.67999999999995,1,4,1.0
380,28,657.59,1362.19,107.42999999999995,121.29999999999995,1,6,0.0
380,31,656.74,1417.04,141.28999999999996,136.95000000000005,1,5,0.0
380,34,746.13,1504.12,120.38,129.91000000000008,1,5,0.0
380,26,216.48,443.29,102.10999999999999,87.47999999999996,1,4,1.0
380,29,171.81,435.92,59.24000000000001,60.389999999999986,1,4,1.0
381,14,127.56,1500.63,96.46000000000001,92.19999999999982,1,4,0.0
381,19,209.32,1526.0,85.45999999999998,97.43000000000006,1,4,1.0
381,17,243.17,1248.8,86.57000000000002,71.16000000000008,1,4,1.0
381,20,322.13,1084.7,105.78000000000003,104.46000000000004,1,4,0.0
381,24,139.4,672.18,122.26000000000002,101.68000000000006,1,4,1.0
381,28,654.62,1358.72,107.42999999999995,121.30999999999995,1,6,0.0
381,31,641.65,1412.4,141.30000000000007,136.94999999999982,1,5,0.0
381,34,739.17,1498.32,120.37,129.91000000000008,1,5,0.0
381,26,212.16,443.29,102.10999999999999,87.47999999999996,1,4,1.0
381,29,167.33,435.92,59.23999999999998,60.389999999999986,1,4,1.0
382,14,125.14,1498.77,96.46,92.19000000000005,1,4,0.0
382,19,207.09,1523.76,85.45000000000002,97.43000000000006,1,4,1.0
382,17,241.09,1248.1,86.57000000000002,71.16000000000008,1,4,1.0
382,20,320.97,1080.63,105.77999999999997,104.4699999999998,1,4,0.0
382,24,132.21,670.38,122.25999999999999,101.67999999999995,1,4,1.0
382,28,651.65,1355.25,107.43000000000006,121.30999999999995,1,6,0.0
382,31,634.69,1407.76,141.29999999999995,136.95000000000005,1,5,0.0
382,34,734.53,1499.48,120.37,129.91000000000008,1,5,0.0
382,26,207.84,443.29,102.10999999999999,87.47999999999996,1,4,1.0
382,29,158.93,435.92,59.25,60.389999999999986,1,4,1.0
383,14,122.71,1496.9,96.46,92.19999999999982,1,4,0.0
383,19,204.85,1521.52,85.45000000000002,97.43000000000006,1,4,1.0
383,17,237.62,1245.5,86.57,71.16000000000008,1,4,1.0
383,20,319.81,1076.57,105.77999999999997,104.47000000000003,1,4,0.0
383,24,125.02,668.58,122.26,101.67999999999995,1,4,1.0
383,28,648.68,1351.79,107.43000000000006,121.29999999999995,1,6,0.0
383,31,627.73,1403.12,141.29999999999995,136.95000000000005,1,5,0.0
383,34,729.88,1500.64,120.38,129.90999999999985,1,5,0.0
383,26,200.72,440.7,102.10999999999999,87.47999999999996,1,4,1.0
383,29,150.54,435.92,59.25,60.389999999999986,1,4,1.0
384,14,121.22,1492.43,96.46000000000001,92.18999999999983,1,4,0.0
384,19,199.25,1513.69,85.44999999999999,97.42999999999984,1,4,1.0
384,17,234.16,1242.9,86.56000000000003,71.15999999999985,1,4,1.0
384,20,314.01,1071.93,105.78000000000003,104.46000000000004,1,4,0.0
384,24,121.43,659.6,122.25999999999999,101.66999999999996,1,4,1.0
384,28,645.7,1348.32,107.43999999999994,121.31000000000017,1,6,0.0
384,31,620.77,1400.8,141.28999999999996,136.95000000000005,1,5,0.0
384,34,721.76,1493.68,120.38,129.90999999999985,1,5,0.0
384,26,193.6,438.11,102.10999999999999,87.48000000000002,1,4,1.0
384,29,146.06,433.68,59.25,60.389999999999986,1,4,1.0
385,14,119.73,1487.95,96.46,92.19000000000005,1,4,0.0
385,19,193.66,1505.85,85.45000000000002,97.44000000000005,1,4,1.0
385,17,228.96,1237.7,86.55999999999997,71.15999999999985,1,4,1.0
385,20,308.2,1067.29,105.79000000000002,104.46000000000004,1,4,0.0
385,24,117.83,650.61,122.27,101.67999999999995,1,4,1.0
385,28,642.73,1344.85,107.42999999999995,121.31000000000017,1,6,0.0
385,31,613.81,1398.48,141.29000000000008,136.95000000000005,1,5,0.0
385,34,713.64,1486.72,120.38,129.91000000000008,1,5,0.0
385,26,192.95,436.81,102.11000000000001,87.48999999999995,1,4,1.0
385,29,141.59,431.45,59.24000000000001,60.379999999999995,1,4,1.0
386,14,118.24,1483.47,96.45,92.20000000000005,1,4,0.0
386,19,191.04,1503.61,85.46000000000001,97.44000000000005,1,4,1.0
386,17,217.69,1233.37,86.56,71.16000000000008,1,4,1.0
386,20,304.34,1063.42,105.78000000000003,104.47000000000003,1,4,0.0
386,24,119.63,652.41,111.47,92.68000000000006,1,4,1.0
386,28,639.76,1341.38,107.43000000000006,121.30999999999995,1,6,0.0
386,31,605.68,1393.83,141.30000000000007,136.95000000000005,1,5,0.0
386,34,704.36,1489.04,120.37,129.91000000000008,1,5,0.0
386,26,192.31,435.52,102.11000000000001,87.48000000000002,1,4,1.0
386,29,139.35,424.17,59.24000000000001,60.389999999999986,1,4,1.0
387,14,113.76,1475.08,96.46,92.19000000000005,1,4,0.0
387,19,188.43,1501.38,85.45999999999998,97.42999999999984,1,4,1.0
387,17,206.42,1229.03,86.57000000000002,71.16000000000008,1,4,1.0
387,20,300.47,1059.56,105.77999999999997,104.46000000000004,1,4,0.0
387,24,121.43,654.2,100.66,83.68999999999994,1,4,1.0
387,28,641.49,1341.38,107.43999999999994,121.30999999999995,1,6,0.0
387,31,597.56,1389.19,141.30000000000007,136.95000000000005,1,5,0.0
387,34,702.03,1484.4,120.38,129.90999999999985,1,5,0.0
387,26,189.07,430.34,102.11000000000001,87.48000000000008,1,4,1.0
387,29,137.11,416.9,59.25,60.379999999999995,1,4,1.0
388,14,109.28,1466.69,96.46000000000001,92.19000000000005,1,4,0.0
388,19,185.82,1499.14,85.44999999999999,97.42999999999984,1,4,1.0
388,17,227.22,1227.33,70.95000000000002,69.40000000000009,1,4,1.0
388,20,296.6,1055.69,105.77999999999997,104.46000000000004,1,4,0.0
388,24,119.63,648.81,100.67000000000002,83.69000000000005,1,4,1.0
388,28,643.23,1341.38,107.42999999999995,121.30999999999995,1,6,0.0
388,31,591.76,1385.71,141.29999999999995,136.95000000000005,1,5,0.0
388,34,699.71,1479.76,120.38,129.91000000000008,1,5,0.0
388,35,767.01,1087.51,46.41999999999996,53.37000000000012,1,4,1.0
388,26,185.83,425.16,102.10999999999999,87.47999999999996,1,4,1.0
388,29,133.19,412.98,59.25,60.389999999999986,1,4,1.0
389,14,105.18,1462.21,96.45999999999998,92.19000000000005,1,4,0.0
389,19,178.55,1494.66,85.44999999999999,97.43999999999983,1,4,1.0
389,17,223.76,1224.73,70.94,69.40000000000009,1,4,1.0
389,20,293.82,1050.12,105.78000000000003,104.46000000000004,1,4,0.0
389,24,117.83,643.42,100.67,83.68000000000006,1,4,1.0
389,28,635.14,1333.29,107.43000000000006,121.30999999999995,1,6,0.0
389,31,585.96,1382.23,141.28999999999996,136.95000000000005,1,5,0.0
389,34,692.75,1475.11,120.38,129.92000000000007,1,5,0.0
389,35,757.73,1082.86,46.41999999999996,53.38000000000011,1,4,1.0
389,26,180.65,421.27,102.10999999999999,87.49000000000001,1,4,1.0
389,29,129.28,409.06,59.24000000000001,60.389999999999986,1,4,1.0
390,14,101.08,1457.73,96.45,92.19000000000005,1,4,0.0
390,19,171.27,1490.18,85.45000000000002,97.43999999999983,1,4,1.0
390,17,220.29,1222.13,70.94000000000003,69.39999999999986,1,4,1.0
390,20,291.03,1044.55,105.78000000000003,104.46000000000004,1,4,0.0
390,24,114.24,636.23,100.67,83.67999999999995,1,4,1.0
390,28,627.05,1325.21,107.43000000000006,121.29999999999995,1,6,0.0
390,31,577.84,1374.11,141.28999999999996,136.95000000000005,1,5,0.0
390,34,685.79,1470.47,120.38,129.91000000000008,1,5,0.0
390,35,751.93,1077.06,46.41000000000008,53.38000000000011,1,4,1.0
390,26,175.47,417.39,102.10999999999999,87.49000000000001,1,4,1.0
390,29,123.68,402.35,59.25,60.379999999999995,1,4,1.0
391,14,96.97,1453.26,96.46000000000001,92.19000000000005,1,4,0.0
391,19,169.59,1485.15,87.10999999999999,97.42999999999984,1,4,1.0
391,17,215.96,1215.2,70.93999999999997,69.38999999999987,1,4,1.0
391,20,288.25,1038.98,105.77999999999997,104.46000000000004,1,4,0.0
391,24,110.64,629.04,100.67,83.69000000000005,1,4,1.0
391,28,618.96,1317.12,107.42999999999995,121.30000000000018,1,6,0.0
391,31,569.71,1365.98,141.29999999999995,136.95000000000005,1,5,0.0
391,34,662.58,1456.55,120.38,129.91000000000008,1,5,0.0
391,35,746.13,1071.26,46.40999999999997,53.38000000000011,1,4,1.0
391,26,165.11,400.55,102.11000000000001,87.49000000000001,1,4,1.0
391,29,118.08,395.63,59.250000000000014,60.389999999999986,1,4,1.0
392,14,86.34,1442.62,96.46000000000001,92.20000000000005,1,4,0.0
392,19,167.91,1480.11,88.77000000000001,97.44000000000005,1,4,1.0
392,17,211.62,1208.26,70.94999999999999,69.40000000000009,1,4,0.0
392,20,285.46,1033.41,105.78000000000003,104.45999999999981,1,4,0.0
392,24,103.45,620.05,100.67,83.69000000000005,1,4,1.0
392,28,600.75,1315.38,107.44000000000005,121.30999999999995,1,6,0.0
392,31,560.43,1359.02,141.30000000000007,136.95000000000005,1,5,0.0
392,34,659.1,1450.75,120.38,129.91000000000008,1,5,0.0
392,35,744.97,1065.46,46.40999999999997,53.37999999999988,1,4,1.0
392,26,162.52,397.32,102.10999999999999,87.48000000000002,1,4,1.0
392,29,115.85,390.6,59.24000000000001,60.379999999999995,1,4,1.0
393,14,75.71,1431.99,96.46,92.19000000000005,1,4,0.0
393,19,163.44,1477.31,88.75999999999999,97.44000000000005,1,4,1.0
393,17,208.15,1204.8,70.95000000000002,69.3900000000001,1,4,0.0
393,20,282.68,1027.84,105.77999999999997,104.46000000000004,1,4,0.0
393,24,96.27,611.07,100.66000000000001,83.67999999999995,1,4,1.0
393,28,582.55,1313.65,107.44000000000005,121.30999999999995,1,6,0.0
393,31,551.15,1352.06,141.29000000000008,136.95000000000005,1,5,0.0
393,34,655.62,1444.94,120.38,129.90999999999985,1,5,0.0
393,35,743.81,1059.66,46.41000000000008,53.36999999999989,1,4,1.0
393,26,159.93,394.08,102.11000000000001,87.49000000000001,1,4,1.0
393,29,113.61,385.56,59.239999999999995,60.389999999999986,1,4,1.0
394,14,76.27,1426.67,96.46,92.19999999999982,1,4,0.0
394,19,158.96,1474.52,88.76999999999998,97.43000000000006,1,4,1.0
394,17,204.69,1201.33,70.94,69.3900000000001,1,4,0.0
394,20,279.58,1022.42,105.78000000000003,104.47000000000014,1,4,0.0
394,24,87.28,602.08,100.66999999999999,83.67999999999995,1,4,1.0
394,28,576.49,1305.85,107.42999999999995,121.31000000000017,1,6,0.0
394,31,546.51,1349.74,141.28999999999996,136.95000000000005,1,5,0.0
394,34,650.98,1433.34,120.37,129.91000000000008,1,5,0.0
394,35,739.17,1050.37,46.41000000000008,53.38000000000011,1,4,1.0
394,26,155.95,386.85,102.11000000000001,87.48999999999995,1,4,1.0
394,29,107.45,378.29,59.249999999999986,60.379999999999995,1,4,1.0
395,14,76.83,1421.36,96.46,92.19000000000005,1,4,0.0
395,19,157.84,1469.48,88.77000000000001,97.43000000000006,1,4,1.0
395,17,200.35,1191.8,70.95000000000002,69.3900000000001,1,4,0.0
395,20,276.49,1017.01,105.77999999999997,104.46000000000004,1,4,0.0
395,24,78.29,593.09,100.67,83.68999999999994,1,4,1.0
395,28,570.42,1298.05,107.43000000000006,121.29999999999995,1,6,0.0
395,31,541.87,1347.42,141.28999999999996,136.94999999999982,1,5,0.0
395,34,646.34,1421.74,120.37,129.91000000000008,1,5,0.0
395,35,734.52,1041.09,46.42000000000007,53.38000000000011,1,4,1.0
395,26,151.96,379.63,102.10999999999999,87.49000000000001,1,4,1.0
395,29,101.3,371.01,59.239999999999995,60.389999999999986,1,4,1.0
396,14,77.39,1416.04,96.46,92.19000000000005,1,4,0.0
396,19,156.72,1464.44,88.77000000000001,97.44000000000005,1,4,1.0
396,17,196.02,1182.26,70.93999999999997,69.3900000000001,1,4,0.0
396,20,273.39,1011.59,105.79000000000002,104.46999999999991,1,4,0.0
396,24,69.31,585.9,100.66,83.69000000000005,1,4,1.0
396,28,564.35,1290.25,107.42999999999995,121.29999999999995,1,6,0.0
396,31,538.38,1343.94,141.29999999999995,136.95000000000005,1,5,0.0
396,34,642.86,1418.26,120.37,129.91000000000008,1,5,0.0
396,35,729.88,1032.97,46.41999999999996,53.37999999999988,1,4,1.0
396,26,146.92,372.36,102.11000000000001,87.47999999999996,1,4,1.0
396,29,98.5,364.3,59.24000000000001,60.379999999999995,1,4,1.0
397,14,77.95,1410.73,96.45,92.19000000000005,1,4,0.0
397,19,148.89,1451.01,88.76000000000002,97.44000000000005,1,4,1.0
397,17,189.08,1171.86,70.94999999999996,69.3900000000001,1,4,0.0
397,20,267.59,1003.47,105.78000000000003,104.46000000000004,1,4,0.0
397,24,60.32,578.71,100.67000000000002,83.68999999999994,1,4,1.0
397,28,558.28,1282.45,107.44000000000005,121.29999999999995,1,6,0.0
397,31,534.9,1340.45,141.30000000000007,136.95000000000005,1,5,0.0
397,34,639.37,1414.77,120.38,129.92000000000007,1,5,0.0
397,35,725.24,1024.85,46.41999999999996,53.37000000000012,1,4,1.0
397,26,141.89,365.08,102.11000000000001,87.49000000000001,1,4,1.0
397,29,95.7,357.58,59.249999999999986,60.39000000000004,1,4,1.0
398,14,75.93,1406.92,96.45999999999998,92.18999999999983,1,4,0.0
398,19,148.33,1442.62,88.75999999999999,97.43000000000006,1,4,1.0
398,17,187.35,1166.66,70.95000000000002,69.38999999999987,1,4,0.0
398,20,261.79,995.35,105.77999999999997,104.45999999999992,1,4,0.0
398,24,54.93,575.12,100.66999999999999,83.67999999999995,1,4,1.0
398,28,557.42,1277.24,107.43000000000006,121.30999999999995,1,6,0.0
398,31,526.78,1331.17,141.30000000000007,136.94999999999982,1,5,0.0
398,34,628.93,1410.13,120.38,129.91999999999985,1,5,0.0
398,35,724.08,1020.21,46.41999999999996,53.36999999999989,1,4,1.0
398,26,139.09,360.05,102.10999999999999,87.47999999999996,1,4,1.0
398,29,92.34,355.34,59.25,60.39000000000004,1,4,1.0
399,14,73.92,1403.12,96.46,92.19000000000005,1,4,0.0
399,19,147.77,1434.22,88.76999999999998,97.44000000000005,1,4,1.0
399,17,185.62,1161.46,70.94,69.38999999999987,1,4,0.0
399,20,259.47,994.19,106.94999999999999,105.6099999999999,1,4,0.0
399,24,49.54,571.53,100.66,83.68000000000006,1,4,1.0
399,28,556.55,1272.04,107.43000000000006,121.30999999999995,1,6,0.0
399,31,518.66,1321.89,141.29000000000008,136.94999999999982,1,5,0.0
399,34,618.49,1405.49,120.37,129.91000000000008,1,5,0.0
399,35,722.92,1015.56,46.42000000000007,53.38000000000011,1,4,1.0
399,26,136.29,355.01,102.11000000000001,87.49000000000001,1,4,1.0
399,29,87.87,345.27,59.24000000000001,60.39000000000004,1,4,1.0
400,14,71.9,1399.31,96.46000000000001,92.19000000000005,1,4,0.0
400,19,143.29,1433.66,85.43,91.83999999999992,1,4,1.0
400,17,185.62,1155.39,70.94,69.38999999999987,1,4,0.0
400,20,257.15,993.03,108.11000000000001,106.75,1,4,0.0
400,24,44.14,558.94,100.67,83.68999999999994,1,4,1.0
400,28,554.82,1261.64,107.42999999999995,121.30999999999995,1,6,0.0
400,31,514.02,1317.25,141.28999999999996,136.95000000000005,1,5,0.0
400,34,604.56,1393.89,120.38000000000011,129.90999999999985,1,5,0.0
400,35,715.96,1009.76,46.40999999999997,53.38000000000011,1,4,1.0
400,26,132.38,347.74,102.1,87.48000000000002,1,4,1.0
400,29,84.51,338.55,59.239999999999995,60.389999999999986,1,4,1.0
401,14,69.89,1395.5,96.46,92.20000000000005,1,4,0.0
401,19,138.81,1433.1,82.09,86.25,1,4,1.0
401,17,185.62,1149.32,70.94,69.40000000000009,1,4,0.0
401,20,250.19,984.91,108.11000000000001,106.75000000000011,1,4,0.0
401,24,38.75,546.36,100.66999999999999,83.68999999999994,1,4,1.0
401,28,548.46,1252.4,107.42999999999995,121.30999999999995,1,6,0.0
401,31,509.37,1312.61,141.29999999999995,136.95000000000005,1,5,0.0
401,34,596.05,1381.51,120.38,129.91000000000008,1,5,0.0
401,35,709.0,1003.96,46.40999999999997,53.37999999999988,1,4,1.0
401,26,128.46,340.46,102.10999999999999,87.49000000000001,1,4,1.0
401,29,81.15,331.84,59.25,60.39000000000004,1,4,1.0
402,14,67.88,1391.7,96.45000000000002,92.19000000000005,1,4,0.0
402,19,138.81,1424.71,82.09,86.24000000000001,1,4,1.0
402,17,185.62,1146.72,70.94,69.39999999999986,1,4,0.0
402,20,243.23,976.78,108.10999999999999,106.75,1,4,0.0
402,24,35.16,540.07,100.66,83.68999999999994,1,4,1.0
402,28,542.1,1243.15,107.43999999999994,121.30999999999995,1,6,0.0
402,31,501.25,1298.68,141.29999999999995,136.95000000000005,1,5,0.0
402,34,587.54,1369.14,120.38,129.90999999999985,1,5,0.0
402,35,704.36,995.84,46.40999999999997,53.370000000000005,1,4,1.0
402,26,125.66,333.19,102.11000000000001,87.48000000000002,1,4,1.0
402,29,77.23,324.57,59.249999999999986,60.379999999999995,1,4,1.0
403,14,65.26,1386.48,93.49,86.58999999999992,1,4,0.0
403,19,138.81,1416.31,82.09,86.25,1,4,1.0
403,17,185.62,1144.12,70.94,69.40000000000009,1,4,0.0
403,20,240.91,967.5,108.10999999999999,106.75,1,4,0.0
403,24,31.56,533.78,100.66999999999999,83.69000000000005,1,4,1.0
403,28,535.75,1233.91,107.42999999999995,121.29999999999995,1,6,0.0
403,31,493.13,1284.76,141.28999999999996,136.95000000000005,1,5,0.0
403,34,579.04,1356.76,120.37,129.91000000000008,1,5,0.0
403,35,699.71,987.71,46.41999999999996,53.37999999999988,1,4,1.0
403,26,122.86,325.91,102.11,87.48999999999995,1,4,1.0
403,29,73.32,317.29,59.24000000000001,60.389999999999986,1,4,1.0
404,14,62.65,1381.25,90.50999999999999,81.0,1,4,0.0
404,19,136.58,1409.6,82.07999999999998,86.24000000000001,1,4,1.0
404,17,175.22,1131.99,79.59,71.12999999999988,1,4,0.0
404,20,238.59,958.22,108.1,106.75,1,4,0.0
404,24,27.97,527.49,100.66,83.68999999999994,1,4,1.0
404,28,533.15,1226.97,107.43000000000006,121.30999999999995,1,6,0.0
404,31,487.33,1275.47,141.29000000000002,136.95000000000005,1,5,0.0
404,34,575.55,1347.48,120.38,129.91000000000008,1,5,0.0
404,35,697.39,983.07,46.41999999999996,53.379999999999995,1,4,1.0
404,26,118.39,316.4,102.11,87.49000000000001,1,4,1.0
404,29,69.96,308.9,59.250000000000014,60.379999999999995,1,4,1.0
405,14,60.04,1376.03,87.54000000000002,75.40000000000009,1,4,0.0
405,19,134.34,1402.88,82.07999999999998,86.25,1,4,1.0
405,17,164.82,1119.85,88.25,72.88000000000011,1,4,1.0
405,20,238.59,948.93,108.1,106.75000000000011,1,4,0.0
405,24,24.37,521.2,100.67,83.67999999999995,1,4,1.0
405,28,530.55,1220.04,107.43000000000006,121.30999999999995,1,6,0.0
405,31,481.53,1266.19,141.29000000000008,136.95000000000005,1,5,0.0
405,34,572.07,1338.19,120.38,129.91999999999985,1,5,0.0
405,35,695.07,978.43,46.41999999999996,53.379999999999995,1,4,1.0
405,26,113.91,306.89,102.11000000000001,87.48000000000002,1,4,1.0
405,29,66.6,300.5,59.25,60.389999999999986,1,4,1.0
406,14,57.8,1370.99,87.54,75.41000000000008,1,4,0.0
406,19,129.86,1397.29,82.08999999999997,86.24000000000001,1,4,1.0
406,17,168.28,1113.79,88.24999999999997,72.87000000000012,1,4,1.0
406,20,238.59,939.65,108.1,106.75000000000011,1,4,0.0
406,24,22.58,512.21,100.66,83.68999999999994,1,4,1.0
406,28,531.41,1207.9,107.44000000000005,121.30999999999995,1,6,0.0
406,31,481.53,1266.19,141.29000000000008,136.95000000000005,1,5,0.0
406,34,563.95,1328.91,120.38,129.90999999999985,1,5,0.0
406,35,691.59,969.15,46.41999999999996,53.379999999999995,1,4,1.0
406,26,112.79,301.87,99.87999999999998,86.35000000000002,1,4,1.0
406,29,63.8,294.35,59.25,60.379999999999995,1,4,1.0
407,14,55.56,1365.96,87.53999999999999,75.39999999999986,1,4,0.0
407,19,119.79,1392.81,82.08,86.25,1,4,1.0
407,17,171.75,1107.72,88.25,72.87999999999988,1,4,1.0
407,20,237.43,938.49,108.09999999999997,106.75,1,4,0.0
407,24,20.78,503.23,100.67,83.67999999999995,1,4,1.0
407,28,532.28,1195.77,107.43000000000006,121.30999999999995,1,6,0.0
407,31,481.53,1266.19,141.29000000000008,136.95000000000005,1,5,0.0
407,34,555.83,1319.63,120.38,129.90999999999985,1,5,0.0
407,35,688.11,959.87,46.40999999999997,53.370000000000005,1,4,0.0
407,26,111.67,296.86,97.64999999999999,85.19999999999999,1,4,1.0
407,29,61.01,288.19,59.24,60.389999999999986,1,4,1.0
408,14,53.88,1358.12,87.55000000000001,75.41000000000008,1,4,0.0
408,19,117.55,1377.7,82.08999999999999,86.25,1,4,1.0
408,17,164.82,1099.05,88.24000000000001,72.88000000000011,1,4,1.0
408,20,236.27,937.33,108.1,106.74999999999989,1,4,0.0
408,24,20.78,497.83,100.64,83.69,1,4,1.0
408,28,529.68,1184.5,107.43000000000006,121.30999999999995,1,6,0.0
408,34,543.07,1305.7,120.37,129.91999999999985,1,5,0.0
408,35,685.79,952.9,46.41000000000008,53.379999999999995,1,4,0.0
408,26,109.99,291.83,97.64999999999999,85.19999999999999,1,4,1.0
408,29,61.01,282.04,59.24,60.379999999999995,1,4,1.0
409,14,52.21,1350.29,87.53999999999999,75.40000000000009,1,4,0.0
409,19,115.31,1362.59,82.09,86.25,1,4,1.0
409,17,157.88,1090.38,88.25,72.87999999999988,1,4,1.0
409,20,226.98,914.12,108.10999999999999,106.75,1,4,0.0
409,24,20.78,492.44,100.62,83.69,1,4,1.0
409,28,527.08,1173.23,107.42999999999995,121.30999999999995,1,6,0.0
409,34,530.3,1291.78,120.38,129.91000000000008,1,5,0.0
409,35,683.47,945.94,46.40999999999997,53.379999999999995,1,4,0.0
409,26,108.31,286.79,97.65,85.19999999999999,1,4,1.0
409,29,61.01,275.88,59.24,60.389999999999986,1,4,1.0
410,14,53.88,1338.54,87.55000000000001,75.40000000000009,1,4,0.0
410,19,115.03,1358.11,82.09,86.25,1,4,1.0
410,17,157.88,1084.32,88.25,72.87000000000012,1,4,1.0
410,20,221.18,902.52,108.11000000000001,106.75,1,4,0.0
410,24,13.59,485.25,100.61999999999999,83.69000000000005,1,4,1.0
410,28,523.61,1157.63,107.43999999999994,121.30999999999995,1,6,0.0
410,34,525.66,1282.5,120.38,129.91000000000008,1,5,0.0
410,35,676.51,936.66,46.40999999999997,53.379999999999995,1,4,0.0
410,26,106.07,277.84,97.65,85.20000000000005,1,4,1.0
410,29,57.65,268.05,59.24,60.379999999999995,1,4,1.0
411,14,55.56,1326.78,87.53999999999999,75.41000000000008,1,4,0.0
411,19,114.75,1353.64,82.09,86.24000000000001,1,4,1.0
411,17,157.88,1078.25,88.25,72.88000000000011,1,4,1.0
411,20,215.38,890.92,108.11000000000001,106.75,1,4,0.0
411,24,6.4,478.06,100.61999999999999,83.69,1,4,1.0
411,28,520.15,1142.03,107.43000000000006,121.30999999999995,1,6,0.0
411,34,521.02,1273.21,120.37,129.92000000000007,1,5,0.0
411,35,669.54,927.38,46.42000000000007,53.370000000000005,1,4,0.0
411,26,103.84,268.88,97.65,85.19999999999999,1,4,1.0
411,29,54.29,260.21,59.25000000000001,60.39000000000004,1,4,1.0
412,14,54.44,1323.43,87.55000000000001,75.39999999999986,1,4,0.0
412,19,114.47,1349.16,82.09,86.25,1,4,1.0
412,17,154.42,1067.85,88.24000000000001,72.88000000000011,1,4,1.0
412,20,211.9,883.95,108.10999999999999,106.75999999999999,1,4,0.0
412,24,6.4,467.28,100.61999999999999,83.68000000000006,1,4,1.0
412,28,516.68,1142.03,107.43000000000006,121.30999999999995,1,6,0.0
412,34,509.42,1262.77,120.36999999999995,129.91000000000008,1,5,0.0
412,35,663.74,919.25,46.41999999999996,53.379999999999995,1,4,0.0
412,26,101.6,262.73,97.65,85.19999999999999,1,4,1.0
412,29,52.05,254.06,59.25,60.379999999999995,1,4,1.0
413,14,52.21,1317.83,87.53999999999999,75.41000000000008,1,4,0.0
413,19,114.19,1344.68,82.09,86.25,1,4,1.0
413,17,150.95,1057.45,88.25,72.86999999999989,1,4,1.0
413,20,208.42,876.99,108.10999999999999,106.75,1,4,0.0
413,24,6.4,456.5,100.61999999999999,83.67999999999995,1,4,1.0
413,28,513.21,1142.03,107.43999999999994,121.30999999999995,1,6,0.0
413,34,497.81,1252.33,120.38000000000005,129.91000000000008,1,5,0.0
413,35,657.94,911.13,46.41999999999996,53.379999999999995,1,4,0.0
413,26,99.36,256.57,97.64999999999999,85.19999999999999,1,4,1.0
413,29,49.81,247.9,59.25,60.390000000000015,1,4,1.0
414,14,49.97,1312.24,87.53999999999999,75.40000000000009,1,4,0.0
414,19,108.6,1335.17,82.08000000000001,86.25,1,4,1.0
414,17,150.95,1053.11,88.25,72.88000000000011,1,4,1.0
414,20,207.64,875.45,108.11000000000001,106.75,1,4,0.0
414,24,6.4,447.51,100.61999999999999,83.68000000000006,1,4,1.0
414,28,508.88,1141.16,107.42999999999995,121.30999999999995,1,6,0.0
414,34,489.69,1243.05,120.38000000000005,129.91000000000008,1,5,0.0
414,35,655.62,901.85,46.41999999999996,53.370000000000005,1,4,0.0
414,26,97.12,248.18,97.65,85.19999999999999,1,4,1.0
414,29,47.58,238.95,59.239999999999995,60.389999999999986,1,4,1.0
415,14,48.85,1305.52,87.53999999999999,75.41000000000008,1,4,0.0
415,19,103.0,1325.66,82.09,86.24000000000001,1,4,1.0
415,17,150.95,1048.78,88.25,72.88000000000011,1,4,1.0
415,20,206.87,873.9,108.11000000000001,106.75,1,4,0.0
415,24,6.4,438.52,100.61999999999999,83.69000000000005,1,4,1.0
415,28,504.54,1140.3,107.44,121.29999999999995,1,6,0.0
415,34,481.57,1233.76,120.37000000000006,129.91000000000008,1,5,0.0
415,35,653.3,892.56,46.42000000000007,53.38000000000011,1,4,0.0
415,26,94.88,239.78,97.65,85.20000000000002,1,4,1.0
415,29,45.34,230.0,59.239999999999995,60.379999999999995,1,4,1.0
416,14,47.73,1298.81,87.54000000000002,75.40000000000009,1,4,0.0
416,19,101.88,1315.58,82.09,86.25,1,4,1.0
416,17,147.48,1040.11,88.25,72.88000000000011,1,4,1.0
416,20,206.1,872.35,108.10999999999999,106.75,1,4,0.0
416,24,3.2,429.54,100.23,83.68,1,4,1.0
416,28,495.01,1135.11,107.43000000000006,117.83000000000015,1,6,0.0
416,34,480.41,1223.32,120.36999999999995,129.91000000000008,1,5,0.0
416,26,92.08,233.63,97.64999999999999,85.19999999999999,1,4,1.0
416,29,44.78,223.28,59.239999999999995,60.390000000000015,1,4,1.0
417,14,45.49,1287.61,87.53999999999999,75.41000000000008,1,4,0.0
417,19,100.76,1305.51,82.08999999999999,86.25,1,4,1.0
417,17,147.48,1038.38,88.25,72.87999999999988,1,4,1.0
417,20,199.91,859.97,108.10999999999999,106.75999999999999,1,4,0.0
417,24,0.0,420.55,99.83,83.68,1,4,1.0
417,28,485.48,1129.93,107.42999999999995,114.33999999999992,1,6,0.0
417,34,479.25,1212.88,120.37,129.90999999999985,1,5,0.0
417,26,89.29,227.47,97.64999999999999,85.20000000000002,1,4,1.0
417,29,44.22,216.57,59.239999999999995,60.379999999999995,1,4,1.0
418,14,43.25,1276.42,87.53999999999999,75.40999999999985,1,4,0.0
418,19,100.76,1298.24,82.08999999999999,86.24000000000001,1,4,1.0
418,17,147.48,1036.64,88.25,72.87999999999988,1,4,1.0
418,20,193.72,847.6,108.10999999999999,106.75,1,4,0.0
418,24,0.0,406.17,96.24,83.68,1,4,1.0
418,28,479.41,1116.06,107.43,114.34000000000015,1,6,0.0
418,34,478.09,1202.43,120.37000000000006,129.90999999999985,1,5,0.0
418,26,87.61,220.2,97.64999999999999,85.19999999999999,1,4,1.0
418,29,43.1,211.53,59.24999999999999,60.390000000000015,1,4,1.0
419,14,41.01,1265.23,87.55000000000001,75.40000000000009,1,4,0.0
419,19,100.76,1290.96,82.08999999999999,86.25,1,4,1.0
419,17,147.48,1027.11,88.25,72.88000000000011,1,4,1.0
419,20,187.53,835.22,108.10999999999999,106.75,1,4,0.0
419,24,0.0,391.79,92.64,83.69,1,4,1.0
419,28,473.34,1102.19,107.43,114.33999999999992,1,6,0.0
419,34,476.92,1191.99,120.37999999999994,129.91000000000008,1,5,0.0
419,26,85.93,212.92,97.65,85.20000000000002,1,4,1.0
419,29,41.98,206.49,59.25000000000001,60.389999999999986,1,4,1.0
420,14,38.78,1254.04,87.53999999999999,75.40000000000009,1,4,0.0
420,19,97.96,1282.57,82.09000000000002,86.25,1,4,1.0
420,17,147.48,1017.58,88.25,72.87,1,4,1.0
420,20,187.53,831.74,108.10999999999999,106.75,1,4,0.0
420,24,0.0,389.1,92.64,83.67999999999995,1,4,1.0
420,28,470.74,1092.66,107.42999999999995,114.33999999999992,1,6,0.0
420,34,473.06,1185.8,120.36999999999995,129.91000000000008,1,5,0.0
420,26,84.81,205.09,97.65,85.20000000000002,1,4,1.0
420,29,41.42,197.54,59.25,60.390000000000015,1,4,1.0
421,14,38.78,1249.56,87.53999999999999,75.41000000000008,1,4,0.0
421,19,95.17,1274.17,82.08,86.25,1,4,1.0
421,17,146.61,1008.04,88.25,72.88000000000011,1,4,1.0
421,20,187.53,828.26,108.10999999999999,106.75,1,4,0.0
421,24,0.0,386.4,92.64,83.68,1,4,1.0
421,28,468.14,1083.12,107.43000000000006,114.34000000000015,1,6,0.0
421,34,469.19,1179.61,120.38000000000005,129.91000000000008,1,5,0.0
421,26,83.69,197.25,97.65,85.20999999999998,1,4,1.0
421,29,40.86,188.59,59.25,60.379999999999995,1,4,1.0
422,14,38.78,1245.08,87.53999999999999,75.41000000000008,1,4,0.0
422,19,91.78,1267.4,82.09,86.25,1,4,1.0
422,17,145.75,998.51,88.25,72.87000000000012,1,4,1.0
422,20,192.17,816.65,108.10999999999999,106.75999999999999,1,4,0.0
422,24,0.0,383.7,92.64,83.69,1,4,1.0
422,28,466.41,1075.32,107.43,114.34000000000015,1,6,0.0
422,34,465.32,1173.42,120.38000000000005,129.90999999999985,1,5,0.0
422,26,82.57,190.54,97.65,85.20000000000002,1,4,1.0
422,29,39.74,181.31,59.24999999999999,60.389999999999986,1,4,1.0
423,14,37.66,1237.25,87.54,75.41000000000008,1,4,0.0
423,19,88.39,1260.63,82.08999999999999,86.25,1,4,1.0
423,17,145.75,988.11,88.25,72.87,1,4,1.0
423,20,187.53,798.09,108.10999999999999,106.75,1,4,0.0
423,24,0.0,381.01,92.64,83.68,1,4,1.0
423,28,464.67,1067.52,107.44,114.33999999999992,1,6,0.0
423,34,463.0,1154.86,120.38,129.91000000000008,1,5,0.0
423,26,81.45,183.83,97.64999999999999,85.19999999999996,1,4,1.0
423,29,38.62,174.04,59.25000000000001,60.379999999999995,1,4,1.0
424,14,35.98,1229.98,87.53999999999999,75.40000000000009,1,4,0.0
424,19,85.98,1255.8,82.08,86.24000000000001,1,4,1.0
424,17,141.41,980.3,88.25,72.88000000000011,1,4,1.0
424,20,181.73,787.64,108.10999999999999,106.75999999999999,1,4,0.0
424,24,0.0,366.63,92.64,83.68,1,4,1.0
424,28,461.21,1060.59,107.43,114.34000000000015,1,6,0.0
424,34,460.68,1136.29,120.37999999999994,129.91000000000008,1,5,0.0
424,26,80.33,173.75,97.64999999999999,85.19999999999999,1,4,1.0
424,29,37.5,168.44,59.25,60.390000000000015,1,4,1.0
425,14,34.3,1222.7,87.54,75.40999999999985,1,4,0.0
425,19,83.56,1250.96,82.07999999999998,86.25,1,4,1.0
425,17,137.08,972.5,88.25,72.88000000000011,1,4,1.0
425,20,175.93,777.2,108.11000000000001,106.75,1,4,0.0
425,24,0.0,352.25,92.64,83.69,1,4,1.0
425,28,457.74,1053.65,107.42999999999995,114.33999999999992,1,6,0.0
425,34,458.36,1123.53,120.38,129.91000000000008,1,5,0.0
425,26,79.21,163.68,97.65000000000002,85.19999999999999,1,4,1.0
425,29,36.38,162.85,59.24999999999999,60.379999999999995,1,4,1.0
426,14,33.74,1210.95,87.53999999999999,75.39999999999986,1,4,0.0
426,19,83.56,1239.83,82.07999999999998,86.25,1,4,1.0
426,17,136.21,962.97,88.25,72.87999999999988,1,4,1.0
426,20,173.61,774.88,108.11000000000001,106.75,1,4,0.0
426,24,0.0,343.26,85.45,83.69,1,4,1.0
426,28,456.87,1045.85,107.42999999999995,114.34000000000015,1,6,0.0
426,34,456.04,1110.76,120.36999999999995,129.92000000000007,1,5,0.0
426,26,78.65,156.96,97.65,85.20999999999998,1,4,1.0
426,29,35.27,155.01,59.24,60.390000000000015,1,4,1.0
427,14,33.18,1199.2,87.53999999999999,75.39999999999986,1,4,0.0
427,19,83.56,1228.71,82.07999999999998,86.25,1,4,1.0
427,17,135.35,953.44,88.25,72.86999999999989,1,4,1.0
427,20,171.29,772.56,108.10999999999999,106.75,1,4,0.0
427,24,0.0,334.28,78.26,83.68,1,4,1.0
427,28,456.0,1038.05,107.44000000000005,114.34000000000015,1,6,0.0
427,34,440.95,1092.2,120.38000000000005,129.90999999999985,1,5,0.0
427,26,78.09,150.25,97.65,85.19999999999999,1,4,1.0
427,29,34.15,147.18,59.24,60.379999999999995,1,4,1.0
428,14,31.5,1186.89,87.54,75.39999999999986,1,4,0.0
428,19,84.04,1221.46,82.08999999999999,86.24000000000001,1,4,1.0
428,17,131.01,943.9,88.25,72.88,1,4,1.0
428,20,164.32,765.6,108.11000000000001,106.75,1,4,0.0
428,24,0.0,332.48,78.26,83.68,1,4,1.0
428,28,449.94,1025.05,107.43,114.34000000000015,1,6,0.0
428,34,425.87,1073.63,120.38,129.90999999999985,1,5,0.0
428,26,73.62,140.74,97.65,85.19999999999999,1,4,1.0
428,29,31.91,139.9,59.24000000000001,60.389999999999986,1,4,1.0
429,14,29.82,1174.58,87.53999999999999,75.40000000000009,1,4,0.0
429,19,84.53,1214.2,82.08000000000001,86.25,1,4,1.0
429,17,126.68,934.37,88.25,72.87,1,4,1.0
429,20,157.36,758.64,108.11000000000001,106.75,1,4,1.0
429,24,0.0,330.68,78.26,83.69,1,4,1.0
429,28,443.87,1012.05,107.42999999999995,114.34000000000015,1,6,0.0
429,34,416.59,1058.55,120.37000000000006,129.91000000000008,1,5,0.0
429,26,69.14,131.22,97.64999999999999,85.19999999999999,1,4,1.0
429,29,29.67,132.63,59.25,60.379999999999995,1,4,1.0
430,14,29.26,1173.46,87.53999999999999,75.39999999999986,1,4,0.0
430,19,84.53,1210.33,82.08000000000001,86.25,1,4,1.0
430,17,126.68,929.17,88.25,72.87,1,4,1.0
430,20,152.72,747.03,108.10999999999999,106.75,1,4,1.0
430,24,0.0,323.49,74.67,83.69,1,4,1.0
430,28,443.0,1007.72,107.44000000000005,114.32999999999993,1,6,0.0
430,34,407.3,1043.46,120.37999999999994,129.90999999999985,1,5,0.0
430,26,69.14,128.43,97.64999999999999,85.19999999999999,1,4,1.0
430,29,27.43,123.11,59.25000000000001,60.39,1,4,1.0
431,14,28.7,1172.34,87.53999999999999,75.40000000000009,1,4,0.0
431,19,82.59,1206.46,82.09,86.25,1,4,1.0
431,17,126.68,923.96,88.25,72.88,1,4,1.0
431,20,148.08,735.43,108.10999999999999,106.75,1,4,1.0
431,24,0.0,316.3,71.07,83.69,1,4,0.0
431,28,442.14,1003.38,107.43000000000006,114.34000000000003,1,6,0.0
431,34,406.14,1033.02,120.38,129.91000000000008,1,5,0.0
431,26,69.14,125.63,97.64999999999999,85.20000000000002,1,4,1.0
431,29,25.19,113.6,59.25,60.390000000000015,1,4,1.0
432,14,27.58,1165.62,87.54,75.41000000000008,1,4,0.0
432,19,80.66,1202.59,82.08000000000001,86.25,1,4,1.0
432,17,124.95,917.03,88.24,72.88,1,4,1.0
432,20,148.08,724.99,108.10999999999999,106.75,1,4,1.0
432,24,0.0,300.13,67.48,83.68,1,4,0.0
432,28,438.67,999.92,107.43,114.33000000000004,1,6,0.0
432,34,404.98,1022.58,120.38,129.90999999999997,1,5,0.0
432,26,67.46,120.59,97.65000000000002,85.19999999999999,1,4,1.0
432,29,25.19,108.57,59.25,60.379999999999995,1,4,1.0
433,14,25.35,1162.27,87.53999999999999,75.40000000000009,1,4,0.0
433,19,80.17,1195.82,82.08999999999999,86.25,1,4,1.0
433,17,123.21,910.1,88.25000000000001,72.88,1,4,1.0
433,20,148.08,714.54,108.10999999999999,106.75,1,4,1.0
433,24,0.0,283.95,63.88,83.69,1,4,0.0
433,28,435.2,996.45,107.44,114.33999999999992,1,6,0.0
433,34,401.5,1017.93,120.38,129.91999999999996,1,5,1.0
433,26,65.78,115.55,97.65,85.21,1,4,1.0
433,29,25.19,103.53,59.25,60.389999999999986,1,4,1.0
434,14,23.11,1158.91,87.54,75.39999999999986,1,4,0.0
434,19,79.69,1189.05,82.09,86.25,1,4,1.0
434,17,121.48,905.76,88.24999999999999,72.88,1,4,1.0
434,20,146.92,711.64,108.11000000000001,106.75,1,4,1.0
434,24,0.0,278.56,58.49,83.69,1,4,0.0
434,34,398.02,1013.29,120.38,129.91000000000008,1,5,1.0
434,26,65.22,108.84,97.65,85.19999999999999,1,4,1.0
434,29,21.28,97.37,59.239999999999995,60.389999999999986,1,4,1.0
435,14,20.87,1155.55,87.53999999999999,75.41000000000008,1,4,0.0
435,19,75.82,1174.54,82.09,86.25,1,4,1.0
435,17,119.75,901.43,88.24000000000001,72.88,1,4,1.0
435,20,145.76,708.74,108.11000000000001,106.75,1,4,1.0
435,24,0.0,273.17,53.1,83.68,1,4,0.0
435,34,393.38,1004.01,120.38,129.91000000000008,1,5,1.0
435,26,64.66,102.12,97.65,85.21000000000001,1,4,1.0
435,29,17.36,91.22,59.25,60.379999999999995,1,4,1.0
436,14,19.75,1145.48,87.54,75.40000000000009,1,4,0.0
436,19,74.85,1170.67,82.09,86.25,1,4,1.0
436,17,119.75,900.56,88.24000000000001,72.88000000000011,1,4,1.0
436,20,144.6,705.84,108.11000000000001,106.75,1,4,1.0
436,24,0.0,267.78,49.51,83.68,1,4,0.0
436,34,388.74,994.73,120.37,129.91000000000008,1,5,1.0
436,26,62.43,98.77,97.65,85.2,1,4,1.0
436,29,17.36,90.1,59.25,60.379999999999995,1,4,1.0
437,14,18.63,1135.41,87.54,75.39999999999986,1,4,0.0
437,19,74.37,1165.35,82.07999999999998,86.25,1,4,1.0
437,17,119.75,899.7,88.24000000000001,72.87,1,4,1.0
437,20,143.44,702.94,108.11000000000001,106.75,1,4,1.0
437,24,0.0,262.39,45.91,83.68,1,4,0.0
437,34,379.46,978.48,129.66000000000003,134.56999999999994,1,5,1.0
437,26,59.07,92.05,97.65,85.2,1,4,1.0
437,29,16.24,83.38,59.25,60.390000000000015,1,4,1.0
438,14,18.07,1130.37,84.75999999999999,68.70000000000005,1,4,0.0
438,19,73.88,1160.04,82.09,86.24000000000001,1,4,1.0
438,17,118.88,894.49,88.25,72.88,1,4,1.0
438,20,141.12,695.98,108.10999999999999,106.75,1,4,1.0
438,24,0.0,258.79,45.01,83.69,1,4,0.0
438,34,372.49,969.2,129.67000000000002,134.56999999999994,1,5,1.0
438,26,54.59,83.1,97.65,85.20000000000002,1,4,1.0
438,29,13.44,76.67,59.25,60.38000000000001,1,4,1.0
439,14,17.51,1125.33,81.97,62.0,1,4,0.0
439,19,72.43,1152.78,82.09,86.25,1,4,1.0
439,17,118.01,889.29,88.24999999999999,72.88,1,4,1.0
439,20,138.8,689.01,108.1,106.75999999999999,1,4,0.0
439,24,0.0,255.2,44.11,83.68,1,4,0.0
439,34,365.53,959.92,129.66000000000003,134.57000000000005,1,5,1.0
439,26,50.12,74.15,97.63999999999999,85.19999999999999,1,4,1.0
439,29,10.64,69.95,59.25,60.39,1,4,1.0
440,14,15.83,1120.3,81.97,61.99000000000001,1,4,0.0
440,19,70.98,1145.53,82.08999999999999,86.24000000000001,1,4,1.0
440,17,115.41,884.96,82.17000000000002,68.55999999999995,1,4,1.0
440,20,136.48,683.21,108.10000000000002,106.75,1,4,0.0
440,24,0.0,251.6,43.21,83.69000000000003,1,4,0.0
440,34,360.89,951.79,129.66000000000003,134.57999999999993,1,5,1.0
440,26,47.88,66.87,97.65,85.19999999999999,1,4,1.0
440,29,6.73,62.68,59.239999999999995,60.38,1,4,1.0
441,14,14.15,1115.26,81.97,62.0,1,4,0.0
441,19,69.05,1139.72,82.08,86.25,1,4,1.0
441,17,112.81,880.63,76.09,64.24000000000001,1,4,1.0
441,20,134.16,677.41,108.1,106.75,1,4,0.0
441,24,0.0,248.01,42.32,83.68,1,4,0.0
441,34,356.25,943.67,129.66000000000003,134.57000000000005,1,5,1.0
441,26,45.64,59.6,97.64999999999999,85.20000000000002,1,4,1.0
441,29,2.81,55.4,59.25,60.39000000000001,1,4,1.0
442,14,11.92,1107.43,81.97,61.99000000000001,1,4,0.0
442,19,67.11,1133.92,82.08999999999999,86.25,1,4,1.0
442,17,112.81,880.63,76.09,64.24000000000001,1,4,1.0
442,20,129.51,669.29,108.11000000000001,106.75,1,4,0.0
442,24,0.0,248.01,42.32,83.68,1,4,0.0
442,34,351.61,934.39,129.65999999999997,134.57000000000005,1,5,1.0
442,26,42.28,51.2,99.30000000000001,89.11999999999999,1,4,1.0
442,29,1.4,50.93,58.42,60.38,1,4,1.0
443,14,11.36,1105.75,81.97,61.99000000000001,1,4,0.0
443,19,62.76,1128.6,82.09,86.25,1,4,1.0
443,17,112.81,880.63,76.09,64.24000000000001,1,4,0.0
443,20,124.87,661.17,108.10999999999999,106.75,1,4,0.0
443,34,344.64,929.75,129.67000000000002,134.56999999999994,1,5,1.0
443,35,569.75,672.1,46.41999999999996,53.370000000000005,1,4,0.0
443,26,38.92,42.8,100.96,93.04,1,4,1.0
443,29,0.0,46.45,57.58,60.39,1,4,1.0
444,14,10.8,1104.07,81.97,61.99000000000001,1,4,0.0
444,19,58.41,1123.28,82.08000000000001,86.25,1,4,1.0
444,17,111.94,874.56,76.09,64.24000000000001,1,4,0.0
444,20,120.23,656.52,108.11,106.75999999999999,1,4,0.0
444,34,340.0,923.94,129.66000000000003,134.57999999999993,1,5,1.0
444,35,565.11,663.98,46.41999999999996,53.370000000000005,1,4,0.0
444,26,35.01,38.88,100.95000000000002,93.05000000000001,1,4,1.0
444,29,0.0,41.41,54.78,60.39,1,4,1.0
445,14,8.0,1097.92,81.97,61.99000000000001,1,4,0.0
445,19,56.47,1117.47,82.09,86.25,1,4,1.0
445,17,111.08,868.49,76.08999999999999,64.24000000000001,1,4,0.0
445,20,115.59,651.88,108.10999999999999,106.75,1,4,0.0
445,34,335.36,918.14,129.65999999999997,134.58000000000004,1,5,1.0
445,35,560.47,655.85,46.41999999999996,53.379999999999995,1,4,0.0
445,26,31.09,34.97,100.96000000000001,93.03999999999999,1,4,1.0
445,29,0.0,36.38,51.98,60.38,1,4,1.0
446,14,5.2,1091.76,81.97,61.99000000000001,1,4,0.0
446,19,54.54,1111.67,82.09,86.25,1,4,1.0
446,17,105.88,858.96,76.09,64.24000000000001,1,4,0.0
446,20,107.47,646.08,108.11000000000001,106.75,1,4,0.0
446,34,330.72,915.82,129.65999999999997,134.57000000000005,1,5,1.0
446,35,556.99,651.21,46.40999999999997,53.379999999999995,1,4,0.0
446,26,28.85,28.25,100.96000000000001,93.04,1,4,1.0
446,29,0.0,29.1,47.51,60.38999999999999,1,4,1.0
447,14,4.08,1088.4,81.97,62.0,1,4,0.0
447,19,50.19,1110.22,82.08000000000001,86.25,1,4,1.0
447,17,100.68,849.42,76.09,64.24000000000001,1,4,0.0
447,20,99.34,640.28,108.10999999999999,106.75,1,4,0.0
447,34,302.84,904.22,150.58000000000004,134.56999999999994,1,5,1.0
447,35,553.51,646.57,46.40999999999997,53.379999999999995,1,4,0.0
447,26,26.61,21.54,100.96,93.03999999999999,1,4,1.0
447,29,0.0,21.83,43.03,60.379999999999995,1,4,1.0
448,14,2.96,1085.04,81.97000000000001,62.0,1,4,0.0
448,19,45.83,1108.77,82.09,86.25,1,4,1.0
448,17,98.94,847.69,76.09,64.2399999999999,1,4,0.0
448,20,97.02,634.48,108.11,106.75,1,4,0.0
448,34,299.36,900.74,150.57999999999998,134.56999999999994,1,5,1.0
448,35,550.03,640.77,46.41000000000008,53.370000000000005,1,4,0.0
448,26,22.7,13.7,100.95,93.05,1,4,1.0
448,29,0.0,16.79,39.67,60.39000000000001,1,4,1.0
449,14,0.0,1080.57,80.45,61.99000000000001,1,4,0.0
449,19,40.51,1105.87,82.09,86.25,1,4,1.0
449,17,97.21,845.96,76.09000000000002,64.24000000000001,1,4,0.0
449,20,94.7,628.68,108.11,106.75,1,4,0.0
449,34,295.88,897.25,150.57999999999998,134.57999999999993,1,5,1.0
449,35,546.55,634.97,46.41000000000008,53.370000000000005,1,4,0.0
449,26,18.78,5.87,100.96,93.03999999999999,1,4,1.0
449,29,0.0,11.75,36.32,60.39,1,4,1.0
450,14,0.0,1073.85,68.1,61.950000000000045,1,4,0.0
450,19,35.19,1102.97,82.09,86.24000000000001,1,4,1.0
450,17,91.14,839.89,76.08999999999999,64.24000000000001,1,4,0.0
450,20,92.38,627.52,108.11000000000001,106.75,1,4,0.0
450,34,287.75,892.61,150.57999999999998,134.58000000000004,1,5,1.0
450,35,541.91,630.32,46.41000000000008,53.379999999999995,1,4,0.0
450,26,16.54,4.19,100.96000000000001,93.04,1,4,1.0
450,29,0.0,11.75,36.32,60.39,1,4,0.0
451,14,0.0,1070.5,63.62,61.940000000000055,1,4,0.0
451,19,32.78,1098.13,82.08,86.25,1,4,1.0
451,17,85.07,833.82,76.09,64.2399999999999,1,4,1.0
451,20,90.06,626.36,108.10999999999999,106.75,1,4,0.0
451,34,279.63,887.97,150.57999999999998,134.57999999999993,1,5,1.0
451,35,537.26,625.68,46.41999999999996,53.379999999999995,1,4,0.0
451,26,14.3,2.51,100.96000000000001,93.03999999999999,1,4,1.0
451,29,0.0,3.92,24.0,60.39,1,4,0.0
452,14,0.0,1067.14,59.15,61.93999999999983,1,4,0.0
452,19,30.36,1093.29,82.08,86.25,1,4,1.0
452,17,84.21,831.22,76.09000000000002,64.24000000000001,1,4,1.0
452,20,85.42,614.75,108.11,106.75,1,4,0.0
452,34,279.63,883.33,150.57999999999998,134.56999999999994,1,5,1.0
452,35,533.78,622.2,45.27999999999997,53.379999999999995,1,4,0.0
452,26,9.83,0.0,100.95,89.96,1,4,1.0
452,29,0.0,3.92,24.0,60.39,1,4,0.0
453,14,0.0,1062.66,52.99,61.94999999999982,1,4,0.0
453,19,27.94,1086.04,82.09,86.25,1,4,1.0
453,17,83.34,828.62,76.09,64.24000000000001,1,4,1.0
453,20,83.87,613.2,108.10999999999999,106.75999999999999,1,4,0.0
453,34,261.07,864.76,169.11,148.51999999999998,1,5,1.0
453,35,530.3,618.72,44.1400000000001,53.379999999999995,1,4,0.0
453,26,8.15,0.0,100.94999999999999,85.48,1,4,1.0
454,14,0.0,1058.18,46.84,61.950000000000045,1,4,0.0
454,19,25.52,1078.78,82.09,86.25,1,4,1.0
454,17,80.74,826.02,76.09000000000002,64.24000000000001,1,4,1.0
454,20,82.33,611.66,108.11,106.75,1,4,0.0
454,34,256.42,857.8,169.12,148.5200000000001,1,5,1.0
454,35,522.18,611.76,44.1400000000001,53.370000000000005,1,4,1.0
454,26,6.47,0.0,100.95,81.01,1,4,1.0
455,14,0.0,1053.15,46.28,61.93999999999983,1,4,0.0
455,19,21.17,1072.98,82.08,86.25,1,4,1.0
455,17,78.14,823.42,76.08999999999999,64.24000000000001,1,4,1.0
455,20,80.78,610.11,108.10999999999999,106.75,1,4,0.0
455,34,251.78,850.84,169.11999999999998,148.51,1,5,1.0
455,35,514.06,604.8,44.13000000000011,53.370000000000005,1,4,1.0
455,26,3.23,0.0,100.83999999999999,75.97,1,4,1.0
456,14,0.0,1048.11,45.72,61.950000000000045,1,4,0.0
456,19,16.82,1067.18,82.08000000000001,86.24000000000001,1,4,1.0
456,17,74.67,817.35,76.08999999999999,64.24000000000001,1,4,1.0
456,20,79.23,608.56,108.11,106.75,1,4,0.0
456,34,247.14,850.84,169.11,148.51,1,5,1.0
456,35,509.42,601.31,48.78000000000003,54.55000000000007,1,4,1.0
456,26,0.0,0.0,100.71,70.93,1,4,1.0
457,14,0.0,1044.75,39.56,61.950000000000045,1,4,0.0
457,19,16.33,1064.27,82.09,86.25,1,4,1.0
457,17,71.21,811.29,76.09000000000002,64.24000000000001,1,4,1.0
457,20,77.68,607.02,108.10999999999999,106.75,1,4,0.0
457,34,235.54,850.84,169.10999999999999,148.51,1,5,1.0
457,35,504.77,597.83,53.450000000000045,55.70999999999992,1,4,1.0
457,26,0.0,0.0,97.91,67.02,1,4,1.0
458,14,0.0,1041.4,33.41,61.93999999999983,1,4,0.0
458,19,15.85,1061.37,82.08000000000001,86.25,1,4,1.0
458,17,68.61,809.55,76.08999999999999,64.24000000000001,1,4,1.0
458,20,76.14,605.47,108.11,106.75,1,4,0.0
458,34,233.22,850.84,169.10999999999999,148.51,1,5,1.0
458,35,500.13,593.19,53.450000000000045,55.70999999999992,1,4,1.0
458,26,0.0,0.0,95.11,63.1,1,4,1.0
459,14,0.0,1030.21,27.81,61.940000000000055,1,4,0.0
459,19,14.88,1061.37,82.09,86.25,1,4,1.0
459,17,66.01,807.82,76.08999999999999,64.2399999999999,1,4,1.0
459,20,69.18,600.83,108.1,106.75,1,4,0.0
459,34,223.93,839.24,169.12,148.51,1,5,1.0
459,35,495.49,588.55,53.43999999999994,55.700000000000045,1,4,1.0
459,26,0.0,0.0,92.88,58.62,1,4,1.0
460,14,0.0,1029.09,26.13,61.940000000000055,1,4,0.0
460,19,11.5,1056.54,82.08,86.24000000000001,1,4,1.0
460,17,63.41,805.22,76.08000000000001,64.24000000000001,1,4,1.0
460,20,62.21,596.19,108.10999999999999,106.75,1,4,0.0
460,34,212.33,834.59,169.10999999999999,148.51999999999998,1,5,1.0
460,35,487.37,583.91,53.43999999999994,55.700000000000045,1,4,1.0
460,26,0.0,0.0,90.64,54.14,1,4,1.0
461,14,0.0,1027.97,24.45,61.940000000000055,1,4,0.0
461,19,8.11,1051.7,82.09,86.25,1,4,1.0
461,17,60.8,802.62,76.08999999999999,64.24000000000001,1,4,1.0
461,20,57.57,586.9,108.11000000000001,106.75,1,4,0.0
461,34,200.73,829.95,169.10999999999999,148.51999999999998,1,5,1.0
461,35,479.25,579.27,53.440000000000055,55.700000000000045,1,4,1.0
461,26,0.0,0.0,87.84,51.91,1,4,1.0
462,14,0.0,1028.53,21.65,61.940000000000055,1,4,0.0
462,19,4.05,1049.77,80.34,86.24000000000001,1,4,1.0
462,17,59.07,801.75,76.09,64.24000000000001,1,4,1.0
462,20,48.29,575.3,108.11000000000001,106.75,1,4,0.0
462,34,187.96,829.95,169.11999999999998,148.51999999999998,1,5,1.0
462,35,475.77,578.11,53.440000000000055,55.69999999999993,1,4,1.0
462,26,0.0,0.0,85.04,49.67,1,4,0.0
463,14,0.0,1029.08,18.86,61.950000000000045,1,4,0.0
463,19,0.0,1047.83,78.59,86.25,1,4,1.0
463,17,57.34,800.88,76.09,64.24000000000001,1,4,1.0
463,20,39.01,579.94,108.10000000000002,106.75,1,4,0.0
463,34,175.2,829.95,169.11,148.51999999999998,1,5,1.0
463,35,472.28,576.95,53.450000000000045,55.69999999999993,1,4,1.0
463,26,0.0,0.0,76.09,46.31,1,4,0.0
464,14,0.0,1030.76,17.74,61.950000000000045,1,4,0.0
464,19,0.0,1057.97,68.89,76.1099999999999,1,4,1.0
464,17,50.4,800.88,76.09,64.24000000000001,1,4,1.0
464,20,27.4,582.26,108.10999999999999,106.75,1,4,0.0
464,34,158.95,824.15,169.12,148.51999999999998,1,5,1.0
464,35,459.52,581.59,53.440000000000055,55.69999999999993,1,4,1.0
464,26,0.0,0.0,54.26,45.75,1,4,0.0
465,14,0.0,1032.44,16.62,61.950000000000045,1,4,0.0
465,19,0.0,1068.1,59.2,65.98000000000002,1,4,1.0
465,17,15.73,800.88,76.08999999999999,64.24000000000001,1,4,1.0
465,20,15.8,584.58,108.11,106.75,1,4,0.0
465,34,142.71,818.35,169.10999999999999,148.51,1,5,1.0
465,35,428.19,581.59,53.44,55.69999999999993,1,4,1.0
465,26,0.0,0.0,32.44,45.19,1,4,0.0
466,14,0.0,1032.44,16.62,61.950000000000045,1,4,0.0
466,19,0.0,1070.03,46.14,65.98000000000002,1,4,1.0
466,17,7.87,805.22,75.28,64.24000000000001,1,4,1.0
466,20,7.9,588.06,104.39999999999999,106.75,1,4,0.0
466,34,125.3,818.35,169.12,148.51,1,5,1.0
466,35,422.39,581.59,53.44,55.69999999999993,1,4,1.0
466,26,0.0,0.0,32.44,45.19,1,4,0.0
467,19,0.0,1071.97,33.08,65.98000000000002,1,4,1.0
467,17,0.0,809.55,74.49,64.24000000000001,1,4,1.0
467,20,0.0,591.54,100.7,106.75999999999999,1,4,0.0
467,34,107.9,818.35,169.10999999999999,148.51,1,5,1.0
467,35,395.7,586.23,53.44,55.69999999999993,1,4,1.0
468,19,0.0,1076.32,23.41,65.98000000000002,1,4,1.0
468,17,0.0,812.15,62.35,64.24000000000001,1,4,1.0
468,20,0.0,591.54,87.94,106.75999999999999,1,4,0.0
468,34,91.65,820.67,169.11999999999998,148.51,1,5,1.0
468,35,395.7,588.55,53.44,55.700000000000045,1,4,1.0
469,17,0.0,814.75,50.22,64.24000000000001,1,4,1.0
469,20,0.0,591.54,75.17,106.75999999999999,1,4,0.0
469,34,75.41,822.99,169.11,148.51999999999998,1,5,1.0
469,35,353.93,586.23,53.44,55.69999999999993,1,4,1.0
470,17,0.0,816.49,38.08,64.24000000000001,1,4,1.0
470,20,0.0,596.19,55.45,106.75,1,4,0.0
470,34,46.4,827.63,169.10999999999999,148.51999999999998,1,5,1.0
470,35,356.25,589.71,53.44,55.70999999999992,1,4,1.0
471,34,17.39,832.27,169.11,148.51999999999998,1,5,1.0
471,35,312.15,593.19,53.450000000000045,55.70999999999992,1,4,1.0
472,34,8.7,838.08,152.28,148.51,1,5,1.0
472,35,310.99,597.83,53.44999999999999,55.70999999999992,1,4,1.0
473,34,0.0,843.88,135.45,148.51,1,5,1.0
473,35,268.06,597.83,53.44,55.70999999999992,1,4,1.0
474,34,0.0,853.16,114.56,148.51999999999998,1,5,1.0
474,35,269.22,596.67,53.44,55.710000000000036,1,4,1.0
475,34,0.0,862.45,93.68,148.51,1,5,1.0
475,35,228.61,600.15,53.44,55.710000000000036,1,4,1.0
476,34,0.0,861.29,73.95,148.51,1,5,1.0
476,35,201.92,596.67,53.440000000000026,55.710000000000036,1,4,1.0
477,34,0.0,860.12,54.22,148.51999999999998,1,5,0.0
477,35,175.23,593.19,53.44,55.70999999999992,1,4,1.0
478,34,0.0,860.12,54.22,148.51999999999998,1,5,0.0
478,35,154.34,598.99,53.44999999999999,55.710000000000036,1,4,1.0
479,35,133.46,604.8,53.44,55.700000000000045,1,4,1.0
480,35,111.41,602.48,53.44,55.69999999999993,1,4,1.0
481,35,89.36,600.15,53.45,55.710000000000036,1,4,1.0
482,35,60.36,604.8,53.44,55.700000000000045,1,4,1.0
483,35,31.35,609.44,53.440000000000005,55.69999999999993,1,4,1.0
484,35,15.67,612.92,45.91,55.700000000000045,1,4,1.0
485,35,0.0,616.4,38.38,55.700000000000045,1,4,1.0
486,35,0.0,616.4,38.38,55.700000000000045,1,4,1.0
